opis_id,lat,lon,source,ref
7,36.565900,-95.221310,site,overture/cba26353-f392-4d22-99ee-59912b7a503d
9,44.018876,-90.502561,site,way/1204194481
20,32.930327,-112.673335,site,node/12099611220
28,35.313860,-94.401040,site,overture/0401922a-4bbc-4011-95e5-ada69535b8e2
35,40.897530,-75.070340,site,overture/fd0c1860-9890-4ceb-8325-cd1016819f40
36,38.761320,-78.629240,site,overture/068fc730-1e78-4729-a49c-f8f9468b58e9
44,30.775620,-97.627430,site,overture/87aa4002-0e69-45ef-afad-b8cd5728732a
46,32.405843,-85.955894,site,node/12323045415
49,38.957550,-85.836970,site,overture/764aca8f-bc50-4fc9-b44b-647079aa9e7f
56,46.836388,-100.283429,exit,node/74945484
75,38.491310,-107.890910,site,overture/73225530-c4ea-4434-8056-c589190202bd
77,38.560670,-75.556110,site,overture/03043a69-68d5-4764-bcdd-486cbfdd6122
79,39.655790,-75.612170,site,overture/859ce874-cad1-40f4-a162-e0bbddb0f4e6
81,27.528217,-82.512355,site,way/236421274
85,39.766120,-105.613230,site,overture/6bfef93c-8f31-4a91-bff0-8dba38749a74
91,33.527860,-82.909230,site,overture/16db3dee-4ae6-437a-9dbf-d241b4f73960
105,43.359900,-83.867417,exit,node/185909518
118,35.355107,-109.054681,exit,node/174453480
121,32.812380,-111.670310,site,overture/b6db0bc6-3de2-4f8f-91cf-8b02ef20cd08
127,37.845360,-87.588270,uncertain,overture/e56f2f5a-04f6-4a9b-8936-134f567b88fb
128,39.119630,-88.562640,site,overture/628be080-04c6-40bf-bf13-95794354dd70
135,41.410690,-90.016274,site,way/1256838182
147,40.113584,-85.572549,site,node/6298353994
149,41.118891,-85.189991,exit,node/331112773
151,40.917420,-100.167730,site,overture/a5dda0e1-79b2-43b7-afa4-123824bc1700
159,30.283950,-81.983960,site,overture/fee60245-b461-4b99-b39d-04650c866566
160,30.451950,-90.957120,site,overture/68238a99-9435-4b08-9a6b-b8b2fe128bc3
164,41.586460,-87.239260,site,overture/0f9c29f6-575c-4480-a629-687bc01379cc
167,41.288420,-87.294820,site,overture/87512ac5-76fd-42d7-9103-047482176bcf
184,41.235438,-95.879747,site,node/2022526786
186,44.263990,-104.944320,site,overture/d980d62a-157d-42de-835c-788038abfcee
187,42.746240,-93.392680,site,overture/2425c160-37c1-45dd-ac48-f21ffd71b10a
191,43.133250,-93.353114,site,node/2032767127
192,41.493100,-94.313759,exit,node/158880413
195,35.154080,-90.133670,site,overture/244d5c7d-e9be-4276-8158-7e1facff5e20
198,40.501511,-103.261996,site,node/5810725649
199,38.878918,-97.613621,site,way/219790191
203,41.567305,-87.472995,site,way/1309484266
207,39.014667,-83.809643,site,way/551827298
216,30.451512,-88.841066,site,node/561267455
217,38.875989,-97.617278,exit,node/492661531
231,37.381219,-84.329204,site,node/14060255354
235,29.266579,-82.188966,site,way/224604315
240,30.422650,-91.216460,site,overture/f8379da5-c5e7-4b00-a2a5-eaf796abd175
244,30.242550,-92.193410,site,overture/c897c72e-69e5-4e28-ac16-be6ab02e5cf2
248,29.982675,-90.057328,site,way/353891634
250,38.896150,-99.317050,site,overture/d617cdac-7fdf-4a04-aed4-06d352a61b99
253,35.154430,-90.139310,site,overture/70697bfc-347a-4764-86c9-b64105d8cd7b
256,39.691560,-79.103780,site,overture/542de74b-0208-4897-9a5f-67f0615fa9bc
257,47.470120,-111.360400,site,overture/d0489b41-e7c4-462d-a9d3-b515d834f911
263,41.931567,-86.569861,site,node/10937980105
267,37.744140,-99.976840,site,overture/ce8c8424-2f03-4403-930a-399755335cdb
269,41.924805,-83.366172,site,node/8423790401
278,38.955400,-87.407060,site,overture/4f456faf-9b06-4681-abbf-c8b4850d4b6e
281,39.296138,-85.957857,site,relation/18417848
289,38.995510,-95.192760,site,overture/959a3682-c673-4e17-982d-54535f3e4c5a
292,37.270140,-95.566930,site,overture/baee4163-20fc-4076-90a2-38b78bcb0581
293,38.095843,-96.579584,site,way/757203633
304,42.090980,-72.582930,site,overture/8367db7a-7e06-431e-966d-89a21864e3d7
309,39.090124,-94.679053,site,way/1018924979
323,41.117130,-101.713200,site,overture/f5b08352-34af-4317-8d21-ebac0d7c65b2
326,41.423973,-112.051680,site,way/160558018
347,41.588840,-87.216780,site,overture/ce089bf2-32ca-45ae-874c-9779d3016e70
361,30.372760,-81.763940,site,overture/faf92220-ac70-466a-9803-5fb618897431
368,43.170558,-73.713866,site,node/12675981631
372,41.571503,-87.439458,exit,node/27667060
381,31.966920,-95.271740,site,overture/fdb0c8c0-d54f-4fff-8b8a-b4e71c38bbcd
387,32.667474,-114.443762,site,way/274176033
388,40.265931,-82.924080,site,way/229322738
391,41.029690,-81.906960,site,overture/b2a56f81-73ec-4d17-a0dd-699f05898a05
403,39.942336,-82.531541,exit,node/198403453
407,41.523452,-83.457009,exit,node/200626991
421,35.466110,-97.475690,site,overture/370e6e90-2f1f-4ea1-bf41-2d947f430b72
424,35.394670,-97.269628,exit,node/6804428761
425,32.493560,-82.930030,site,overture/893ce419-52ea-47bb-906f-680215a06368
442,42.095350,-102.897900,site,overture/b8456cb8-04ff-43e1-9b7f-0b10cf3db677
455,37.939285,-77.465751,site,way/781066444
456,41.124570,-84.857930,site,overture/27ed15f4-f719-41ef-9051-130838cf16f7
458,40.403263,-95.553038,exit,node/188615662
460,33.873457,-81.383300,exit,node/113419594
461,33.552560,-80.827740,site,overture/741e3eb8-bb2d-4557-8378-021c99aa2925
469,37.473571,-105.857060,site,node/4017450864
474,32.425516,-88.448038,site,way/462169576
478,48.969357,-97.255202,site,node/11408719600
483,36.689010,-101.474370,site,overture/584ee3f6-2d88-4556-a85c-ceaf5dcc18ff
486,27.566631,-99.504356,site,way/481904195
489,46.982650,-109.744670,site,overture/671ea8b6-ac3f-4a68-9877-28d548bf7b24
491,36.110825,-84.020401,site,node/4438092874
496,35.903496,-84.141069,site,node/2683531552
509,31.040395,-104.819225,site,way/995061214
522,40.030850,-81.446720,site,overture/540e2b54-47df-41c7-9751-b6d6d0f89b06
523,34.262885,-83.816288,site,way/397984032
525,33.591960,-88.658810,site,overture/5bbbafda-488d-42ad-b1d0-ec677bc4011a
557,41.366844,-89.152476,site,node/9457890656
559,34.882673,-92.376425,exit,node/118469965
566,41.572280,-87.404340,site,overture/cc6a997b-b7d5-4ee7-9050-f4142ee67b77
567,32.773680,-111.617450,site,overture/8e2d62af-5169-41aa-ac5f-71f22d32c601
572,41.118924,-85.184691,site,way/229619322
576,30.231340,-92.462560,site,overture/18e95da2-1738-4a24-979c-659153b36bd3
578,45.543887,-122.392369,site,way/225048018
579,41.609442,-109.230572,site,node/3931967108
586,46.221489,-119.782719,exit,node/313516687
588,33.176942,-87.446268,site,node/12305191074
591,38.994110,-93.567860,site,overture/6ce7d751-6a56-4b2a-b65c-677f7e461087
599,41.118325,-102.950505,site,node/5055236928
602,43.650790,-72.241850,site,overture/16a1dffb-f80a-4fa7-8d36-e225ba20765f
614,41.504103,-74.220001,site,way/220520577
628,41.768040,-80.946240,site,overture/f755efd2-ca28-4ec0-8b83-f73e7c7eafdd
636,44.631362,-123.062359,exit,node/287938819
651,35.843231,-88.085206,site,way/1075138272
652,35.907627,-84.138949,exit,node/472254459
669,31.958160,-106.580090,site,overture/7f44386c-18ec-43ef-8653-2e2bf44d89a0
672,39.851860,-75.172370,site,overture/7d7c0432-b44f-4a18-832e-406c5f695bcd
680,45.311190,-97.046300,site,overture/9f88846d-f759-4b9f-8748-983f4903d9c6
684,42.159020,-78.990530,site,overture/05be6b70-7169-4ade-af02-bc1dc5e3325f
689,37.633051,-97.392136,exit,node/122150982
692,41.028363,-92.424997,site,way/492922836
739,38.567750,-82.830640,site,overture/428a3ac0-c0fe-48cb-beac-69122122375b
748,40.385080,-104.689020,uncertain,overture/8a166015-cc85-4c84-b729-a24aed336018
769,40.374440,-91.447180,site,overture/bb91ce34-2a09-40a0-aa37-e271e108fcc2
815,43.008569,-89.901141,site,node/9747494106
855,42.307403,-87.877019,site,way/1026882841
863,32.815750,-81.624650,site,overture/f9be5e4f-fb6f-4d89-817e-6a84c8d9d290
906,35.157730,-90.137710,site,overture/2b09fee5-a751-435f-8009-848f1cea056b
908,33.335149,-86.781979,site,node/2505346603
912,33.279615,-87.092512,site,node/5576342822
936,35.066190,-92.422523,site,way/1331308621
970,33.441657,-112.099748,site,node/4884670118
977,33.661418,-114.236421,site,way/264996161
981,43.196210,-112.358380,site,overture/6c8a50ae-35a5-4218-8ff0-243eb371e6db
982,32.680563,-114.521958,site,way/378471528
1028,39.750643,-75.504497,exit,node/178624662
1043,30.001343,-82.600812,exit,node/447913344
1047,30.718189,-85.183892,site,way/226885455
1075,32.490390,-82.934320,site,overture/2350ba12-1dfe-4b4a-9fb2-38cfb8c8d16c
1106,33.504919,-82.502665,site,node/12899643434
1112,42.023670,-95.371100,site,overture/c494018a-dfcc-4fdb-a7a9-b6d031cd49d8
1115,42.570838,-92.786336,site,node/1804967531
1121,42.575030,-114.297050,site,overture/909dbeeb-60de-474a-ab94-a68ed266d3ac
1128,42.481652,-87.947635,exit,node/9938494370
1132,38.154320,-88.909720,site,overture/2d55850d-e5a0-4fa4-a663-c126c0dc596d
1136,40.123750,-87.779512,site,way/416108173
1140,39.590813,-89.653038,site,way/1349648704
1149,39.821538,-85.916136,site,node/9596357483
1151,39.842814,-85.558797,site,node/2377566404
1154,30.175860,-97.527119,uncertain,node/11924502038
1156,39.526980,-85.733310,site,overture/62dfe0eb-ab44-43ad-bc71-c0568e13b9f7
1157,39.433411,-87.332500,site,way/267163016
1158,41.469990,-87.050000,site,overture/568c9941-5230-4434-81ce-53922bb98c9e
1163,38.421121,-96.182368,site,way/252847469
1176,38.275738,-84.553625,site,node/1891130199
1179,37.827436,-85.724383,site,node/2727971891
1199,42.552960,-71.784040,site,overture/3186e71c-443e-487f-82fd-1d5c592352ac
1202,39.589670,-76.065430,site,way/328685382
1204,39.117935,-88.573207,site,way/219668192
1210,42.199331,-85.966493,exit,node/186111390
1217,43.676629,-92.954699,site,node/2649049203
1218,46.335876,-94.484044,site,way/1229145054
1225,39.332198,-91.178609,site,node/5743640197
1234,37.495230,-94.301560,site,overture/bf3d1a97-26c2-42ba-9f30-bef54811f383
1236,39.692100,-91.509170,site,overture/3cc29fd2-7138-4167-87f1-aa75e2c61ee4
1240,38.671730,-93.251290,site,overture/e7b6d91c-ec9d-45c2-b3d2-1a7005eff912
1247,36.732720,-91.863900,site,overture/9ed971cf-7928-4950-aba5-72d78350e740
1251,34.912612,-88.499126,site,node/10894523684
1256,33.372255,-91.075320,site,node/10865589294
1265,34.828380,-89.566250,site,overture/a6f43c6c-8b96-440a-b0a3-dfbff11e0d62
1304,36.068083,-79.313256,site,way/905877390
1315,35.487255,-79.199893,site,way/686665524
1325,34.219650,-77.887010,uncertain,overture/6b08cdbd-ff36-4625-b583-50c77cf8f1c6
1326,35.706548,-77.913037,site,node/9389703587
1333,40.922290,-98.346405,site,node/3818179151
1340,40.139663,-74.706211,site,way/1331453352
1344,41.054856,-74.119651,uncertain,way/691531361
1356,35.183036,-107.899617,site,node/11471626969
1364,41.705730,-86.621260,uncertain,overture/5a840b25-4efb-442c-a9e2-a20b534a165e
1372,40.750231,-81.403395,site,way/1127365366
1376,40.656980,-84.131503,exit,node/196349004
1379,41.032190,-81.907850,site,overture/e9ce2a68-afaf-4705-9397-7e5020ba477d
1384,41.608385,-84.555992,site,way/704726976
1391,36.534950,-97.339790,site,overture/7871bbee-30e5-41e4-b82f-f75a08bec11a
1395,35.490490,-98.967740,site,overture/524c21e0-64b1-4144-99ac-52b984593224
1404,40.122871,-87.450234,site,node/11030420484
1414,40.020350,-78.346300,site,overture/6438bc58-9112-4967-9b93-ba9d8ce0733e
1424,39.890540,-77.183070,uncertain,overture/ba586c39-0cc3-4a83-816d-bb7ddcb78851
1428,40.373709,-86.780225,site,way/1195033424
1432,40.246270,-77.018580,site,overture/71e2f1d8-ca65-4ffd-adb1-c3eacdd4fcec
1444,34.192656,-80.687193,site,node/9385775212
1445,41.136566,-104.706379,site,node/1002844680
1447,35.151473,-81.859797,site,way/252755028
1455,34.266500,-79.732100,site,overture/000e5b1d-9522-42c4-8592-a52f83e14cdd
1461,35.026870,-82.032460,uncertain,overture/e0f7e61f-56da-4f8e-92be-c16ff9836057
1464,33.962559,-81.231306,site,node/10761391286
1470,33.394990,-82.004970,uncertain,overture/4742b66d-624b-49c5-abac-2768ee52b5db
1479,34.914287,-82.110365,site,way/225353624
1487,36.319851,-82.838648,exit,node/1700713982
1492,35.026282,-85.364607,site,way/495976605
1507,35.060920,-90.013630,site,overture/0398cccb-b118-4614-98c3-aff0c1fc6181
1516,35.191599,-101.760844,uncertain,way/221639649
1533,33.190310,-102.273360,site,overture/470b9d66-6fe6-49a3-913c-be1f2e8525e9
1546,28.667484,-99.184457,site,node/4694199772
1552,27.882400,-98.618390,site,overture/b2b69e9d-72df-466d-9d45-6ed4413728e7
1555,39.292170,-102.875530,site,overture/c0fa2651-6c57-4e61-ae26-913a5705cf21
1562,35.793320,-88.391580,site,overture/b923bdfa-f212-445c-b0bd-7781104c8eb9
1567,41.615650,-93.578750,site,overture/a0cde8af-dcd0-446b-a667-96bb3de2621b
1579,46.008062,-112.609037,site,way/894670166
1582,35.188143,-102.011292,site,node/7285780753
1585,32.337610,-102.551980,site,overture/738a01ed-1628-47c3-9482-fb517ef2000f
1590,41.578480,-87.239940,site,overture/f74c865d-c6e9-4a98-8a27-7978bdfd7313
1596,35.480563,-108.433178,site,node/12126022978
1597,40.154830,-80.130640,site,overture/29b4d603-91c3-4bc8-bff9-21fe38fc5d86
1599,42.595110,-76.096310,site,overture/4daa6071-2bfb-450f-a056-531af8221261
1602,31.126760,-88.851160,uncertain,overture/8b706e39-dd9d-4ee4-9ac3-ca4a2e7c42fd
1606,48.099808,-122.188553,site,node/2275995893
1610,39.278680,-76.548855,site,node/2086293852
1618,38.761010,-81.693810,site,overture/256f30dc-68bb-46a0-a591-73a2dcd47add
1621,33.541790,-86.824330,site,overture/5c0e9380-5594-4a38-ab63-6a85989b2c1e
1622,33.223980,-97.768530,site,overture/70ec9cec-1d20-4617-b27a-1e8e8e96cfd7
1623,39.784360,-104.904430,site,overture/515a3086-6210-49d1-aa52-de619f0d6e81
1625,33.417403,-80.666251,site,way/520939887
1632,32.296661,-106.810341,site,node/9309225781
1633,29.309620,-98.615330,site,overture/17a5351f-766d-4d71-b596-9d06f5516e7c
1634,42.871485,-87.944417,site,node/635243078
1644,32.435020,-100.535470,site,overture/b5954c50-cf37-4ea7-a8e4-b5f6a5b5064b
1646,41.360636,-86.312295,site,node/9576326343
1647,41.628449,-87.508562,site,way/1037268333
1653,41.831475,-87.694536,site,way/165232763
1654,30.847813,-96.967912,site,node/12228743403
1661,32.520432,-92.364168,site,node/7781510230
1669,42.948800,-74.360600,site,overture/186fdd6a-57c9-487c-ae44-63fa60287c8b
1670,37.007180,-94.552360,site,overture/8b8f2702-c12c-45eb-a5c2-7863a4b65c79
1671,35.339810,-78.556880,site,overture/78f9741a-8d7a-4ac7-a184-7d92df6e9606
1672,35.192662,-101.712253,exit,node/227789949
1699,33.263370,-86.349480,site,overture/a259c1c8-aa30-4d9b-b3a9-d0045b9d1bbf
1753,31.898307,-97.088501,site,node/11120039626
1773,43.418834,-85.499165,exit,node/185338042
1791,31.915264,-102.215161,site,way/292983422
1807,35.218792,-101.381972,site,way/225720538
1810,36.374680,-100.803150,site,overture/d3416640-9224-4ab8-b381-e869bee6466a
1834,32.488980,-94.358780,site,overture/406f9d6b-3f2a-4b5c-9e27-fce1d64f0781
1849,31.436877,-100.447543,site,way/734622533
1858,29.446665,-98.362011,site,way/229315095
1859,38.700470,-80.665247,exit,node/705819387
1860,38.919140,-84.625270,site,overture/b1d323d4-1859-4a46-90c8-70f228211d41
1861,35.178179,-113.789244,site,node/957790110
1866,42.077460,-86.416180,site,overture/4841aca7-7ef9-4339-acba-d81a68d12377
1873,41.806970,-86.320890,site,overture/28ac99cf-4e85-441b-9a4f-1f827efe2c1b
1874,32.673910,-96.597200,site,overture/79637ffc-ef5e-4825-8574-2db17e912559
1879,44.643446,-93.293081,site,way/530959646
1888,31.836120,-100.994270,site,overture/4f587b43-74fd-4d49-855a-4344081e8836
1893,32.669930,-96.152030,exit,node/225999895
1894,28.486770,-98.143410,site,overture/897b52b5-7b67-45b7-b59e-bbf018e98897
1897,32.458840,-99.856000,site,overture/7e433126-76c3-46d6-a908-64605b585ee7
1909,37.724704,-113.055821,exit,node/340326432
1914,38.994518,-110.183961,uncertain,way/325139235
1921,40.727723,-111.505656,exit,node/428254279
1923,38.935220,-111.853830,site,overture/b2b2cf6c-9314-4359-a74b-a1ff58e8cd37
1930,37.275006,-97.381861,site,way/1380078364
1931,40.883650,-111.898750,site,overture/f3fc48ad-f0c9-4c91-a48a-712933e1485e
1934,36.850400,-80.863450,site,overture/d21cc102-9c97-4089-935f-177758b2a312
1936,36.651600,-82.088110,site,overture/a351cc56-94a8-4fbb-adc0-65e32381742e
1940,37.082950,-80.690990,site,overture/417659a0-95a8-4226-803a-d50ae4cbb591
1944,36.579118,-80.740510,site,node/6212093822
1950,38.263760,-77.144240,uncertain,overture/e82de0fe-e7ce-4e64-aaad-c36d3241a066
1951,37.931100,-79.225370,site,overture/45164131-fb3e-4cd3-b3f1-54c32ce69c8d
1953,37.979155,-78.219115,exit,node/215760563
1954,36.721900,-76.639100,site,overture/6edee248-c2dc-445c-8f0d-808b5d8a4de5
1956,38.966478,-78.438515,site,node/11403825520
1958,36.936055,-80.994217,site,node/6224489921
1960,44.211671,-72.576395,site,way/866795180
1962,38.347886,-82.941540,site,way/159142630
1976,47.620530,-117.506950,site,overture/a7f3f741-2cc3-427f-a8dd-b6108c3bdc63
1977,46.392460,-122.905030,site,overture/5cba14bc-28e5-41d2-992f-46c535442ffa
1983,45.100090,-91.508802,site,way/629026772
1985,43.918799,-90.260256,site,node/1155552442
2000,45.085720,-87.647810,site,overture/a97ff940-0314-439d-8a52-34bd76cf27e1
2002,46.705912,-92.104572,site,node/5821753105
2009,43.674430,-87.758001,site,way/982057631
2020,39.655728,-79.638794,site,node/4008671668
2021,38.410321,-82.350524,exit,node/154766804
2022,38.376526,-81.675227,uncertain,way/379224022
2029,42.853770,-106.362500,site,overture/28d0bd51-ebb1-4c39-ac11-59bffbb92f75
2030,42.842400,-106.333630,site,overture/1f7e051d-10e7-4cb9-8578-e582c1057b2e
2034,41.160220,-104.520770,site,overture/e92c8403-73bb-4890-9363-036181819db2
2040,42.661038,-105.206382,exit,node/156735970
2041,41.175263,-104.069372,exit,node/1598421004
2044,41.673964,-107.978587,site,node/2416188804
2074,29.677200,-98.635510,site,overture/02c73f9a-7206-4016-ba19-1122c0198ca9
2076,33.594640,-99.260150,site,overture/10bc980f-3ad0-48fb-a676-fb22a18a4ce3
2078,33.449200,-101.664960,site,overture/7d352f9a-424f-4f55-a0e5-5894863ecc48
2084,31.560160,-102.996370,site,overture/3cd58cbb-f9cb-43bd-969b-f258dd94ad2f
2087,41.735137,-111.860457,site,way/997935222
2088,38.788500,-112.082042,site,way/235915876
2089,41.963530,-112.709700,site,overture/845e06f5-e742-467c-a4e0-36914da61cd9
2115,43.531789,-89.985286,site,node/12341394484
2125,41.309600,-105.616340,site,overture/fa8673d7-e73a-417c-beef-4fe9b42196ac
2144,39.616090,-77.417690,site,overture/19ef7cdd-7001-4213-8661-a81fc38b2bad
2152,43.675840,-94.449000,site,overture/8d538eb4-630b-4b18-ba02-70ace600b5d1
2167,45.496046,-94.149070,site,way/265727248
2182,37.931930,-79.231658,site,node/4933720061
2194,38.996690,-82.553160,site,overture/c3d3a927-6d39-4e8d-bc53-5a2b9982cf2c
2196,41.104567,-81.153947,site,node/14112000101
2204,34.086034,-87.594587,site,node/2108122274
2209,34.741601,-92.277317,site,way/742968168
2219,34.119487,-83.762335,site,node/895041543
2223,32.308875,-81.880451,exit,node/66638335
2227,41.680309,-88.205115,uncertain,way/658317378
2231,38.764970,-90.204350,uncertain,overture/c1460f50-749d-4212-92cf-463139ffe249
2255,41.559190,-83.464230,site,overture/811b8086-3603-416c-88d4-7462181e658e
2267,36.529756,-86.648010,site,way/1537507510
2283,27.896723,-81.845184,site,way/646543915
2287,40.049295,-78.510556,exit,node/200902183
2306,34.861461,-81.005632,exit,node/114450280
2310,35.026282,-85.364607,site,way/495976605
2311,35.720731,-86.321712,site,node/3407782193
2331,36.844960,-76.330860,site,overture/d026a64d-5e5d-42f8-8b8b-423a19c7b791
2336,36.935960,-80.992864,site,way/220888560
2557,32.974520,-96.319105,exit,node/152367956
2602,39.542186,-84.291188,site,way/205877916
2623,42.649390,-89.031950,site,overture/a15c2fea-4913-4169-b3f9-89b40aaa60de
2626,41.785717,-107.259413,site,way/1202451317
2629,39.681220,-75.479200,site,overture/5c4927c2-2720-4a3e-9c83-6b12ead827f2
2635,45.233960,-122.810349,site,way/1018155712
2638,43.033523,-108.381053,site,way/402756419
2640,38.384230,-89.370610,site,overture/3f7fd5b9-c4c2-4430-9ba6-95e86ac7cead
2644,40.082573,-104.980221,exit,node/55722562
2756,39.172800,-81.512990,site,overture/37d1140b-d630-4305-bb50-93832c50ce1b
2761,39.841363,-96.860199,site,way/435600749
2764,36.859100,-101.208540,site,overture/7bc2df55-7fde-4ed0-8988-39afb316d8d5
2765,38.095698,-102.620255,site,way/224603809
2772,41.744165,-85.000056,site,way/1320734462
2779,42.571300,-113.784520,site,overture/de729eb0-1fea-4067-9dbb-267f79be364c
2788,44.162240,-72.086842,exit,node/204691535
2805,42.435784,-112.179941,exit,node/126391737
2807,36.526890,-87.217560,site,overture/e4547a30-ce82-43ca-bbdd-d720c2f40dbd
2811,43.051269,-76.562519,site,way/1080994341
2817,46.606727,-122.905551,site,node/1965972024
2848,33.458157,-112.782360,site,way/226825764
2851,32.673167,-114.444610,site,node/4701809405
2862,32.387964,-91.200503,site,way/225870337
2864,36.841272,-94.409273,site,way/1224803364
2875,38.308364,-104.616519,site,way/535379542
2883,29.025146,-82.159059,site,way/236427139
2885,30.929180,-84.630670,site,overture/4a39d670-29b8-4605-b720-8370a3b118f7
2889,34.480209,-87.273037,site,way/1333581277
2891,39.523170,-119.708750,site,overture/33207438-8635-4b12-a128-7ac669c3aa2d
2895,40.488047,-81.478851,exit,node/497398710
2896,46.426860,-117.006030,site,overture/4e40d683-d647-4f15-bc23-43b99d4d1621
2897,41.368447,-110.301994,site,node/1038018785
2910,46.833549,-96.844111,site,way/225056623
2913,36.037802,-83.444513,site,way/268180977
2915,43.022900,-112.415310,site,overture/946b58e7-e6a5-4861-8bec-4c8051043524
2917,37.230647,-79.186037,site,node/8343107458
2922,35.107684,-106.648925,site,node/1678893882
2923,37.937598,-77.466307,site,way/781067019
2926,40.354230,-76.727970,site,overture/8e4a285e-ea83-4526-95fd-6fe48355b2e0
2929,46.861426,-99.915946,site,way/940426687
2935,30.336240,-81.751630,site,overture/59113f93-7dad-4502-9319-024a054118d7
2937,38.857956,-84.625313,site,way/119960983
2956,35.270406,-80.837840,site,node/5612026462
2963,46.884070,-98.716160,site,overture/81b11aba-344d-416e-af36-1006af66c8d9
2968,32.493300,-91.989880,site,overture/ca2bb38c-42f5-489a-9e1f-3f6c70528ece
2977,43.837540,-101.523510,site,overture/c485e183-cacd-4139-8da8-7b8d85435bbc
2982,33.601800,-85.832950,site,overture/b2ab4c53-8cbc-4708-845f-dd13751db601
3003,32.315755,-90.960584,site,node/10968933024
3008,30.332220,-82.960290,site,overture/f3717348-c5aa-4b84-bf51-510ff4889590
3022,39.791800,-77.752610,site,overture/596ec62b-cad2-439e-9e00-25c4fa67a4bc
3030,36.040294,-90.335960,site,node/13767768501
3064,38.117450,-102.630610,site,overture/b632cd4b-1d2d-42be-b9df-907277f34c48
3086,37.450504,-79.121251,site,node/6310285968
3096,31.230380,-85.394110,site,overture/ebc55a3d-49eb-41ae-97d4-fda8f8d44534
3118,44.980581,-73.460462,site,node/1545060227
3128,33.210866,-84.063488,exit,node/339926340
3138,39.109187,-108.641084,site,node/13009185681
3139,35.534970,-98.236750,site,overture/18be8c41-80bc-441d-b36d-84847f36ca14
3148,36.865440,-94.356800,site,overture/f7cb9f3d-5a19-4e71-90b6-c08cc2b4c8fb
3155,34.715320,-87.695670,site,overture/094b59d1-c773-4022-885c-768222db0869
3163,36.163745,-95.795385,site,way/1002055414
3164,36.076919,-96.048328,site,way/86515846
3165,36.651404,-97.342149,site,node/1395546469
3167,33.849540,-87.272390,site,overture/ca841298-5014-45f5-bed8-59130bcacc6a
3171,36.133690,-85.504200,site,overture/31ae12b8-62ec-432e-82ee-4e79d23f98d9
3176,41.449233,-85.844800,site,node/6205932385
3178,47.404260,-122.227580,site,overture/61787e83-9a8f-4309-be62-c4435ff23512
3179,41.588480,-87.239650,site,overture/7b779a89-03e1-4e7b-846a-d70292923335
3191,35.538260,-86.166130,site,overture/5dfd77cd-8071-469a-ab41-9baab430f4d0
3205,43.979150,-96.762730,site,overture/233d5e53-c8d5-452f-bfee-80cb8bcfc3fe
3206,46.553420,-95.715940,site,overture/d943ddbf-3089-4f00-98e4-1812fec6dd5d
3215,28.155194,-81.802060,site,node/6228762928
3216,36.700383,-87.448447,exit,node/1844841046
3221,35.319670,-91.566508,exit,node/835038506
3222,26.243390,-80.152210,site,overture/c8de18a9-1eb0-4eec-add4-8e319a04e900
3226,40.351431,-76.716791,site,way/220629019
3227,33.035750,-80.145969,exit,node/318644579
3230,27.226560,-98.139760,site,overture/0ba344e4-04eb-46d4-a542-c95c33220166
3264,35.132958,-90.480685,exit,node/118539956
3280,42.751440,-104.451130,site,overture/38705253-4b49-46f1-b818-aaba513d8139
3281,41.022867,-76.797006,exit,node/108267197
3284,37.491692,-94.297639,site,way/652550647
3297,41.155269,-104.662048,exit,node/157386276
3316,34.784177,-92.133891,exit,node/118422890
3326,43.287522,-76.146571,site,node/10755686536
3330,43.043050,-70.818290,site,overture/c2dea5e3-92eb-4895-aa4e-8cdaaa20b532
3349,32.351680,-88.738830,site,overture/dd281432-ef03-4302-af55-73015f7f7063
3383,35.590359,-97.435517,exit,node/147496185
3386,40.161420,-104.982250,site,overture/c76bfeaa-31a9-4084-8bed-51932a69b04d
3401,34.512170,-80.994290,site,overture/ae079aab-b107-4ef8-8d56-8b4b089ed454
3413,31.956050,-92.652950,site,overture/46c69425-079f-4a80-8847-56286ce5f5f3
3415,32.374229,-82.059967,exit,node/66737662
3418,39.107297,-80.392135,exit,node/704298913
3421,47.304890,-122.314050,site,overture/7d0d8c8e-e072-4227-ac3d-b2020e1b8afe
3422,29.541546,-98.069375,exit,node/151139657
3427,41.743550,-85.001180,site,overture/198f5438-5548-4a62-9fba-b08d6505b347
3432,40.766332,-87.123480,site,node/9923278117
3435,30.679985,-97.660625,exit,node/1317473840
3460,43.083710,-94.235260,site,overture/93b45085-b210-4333-ae2f-642dad87fc71
3464,43.388002,-116.000171,exit,node/910345455
3471,32.069707,-81.196612,exit,node/67037605
3475,35.497710,-80.561070,site,overture/d3d65cbd-b253-42c6-b2c2-c9791e17f74d
3477,43.263980,-72.436310,site,overture/9be04644-35c0-4166-984f-f40646cd8a68
3479,32.475151,-83.743030,exit,node/70420472
3493,34.208482,-84.758472,site,way/473246181
3519,30.111890,-93.821940,site,overture/4172735e-dac3-48c1-95c9-ace0d33dbda0
3522,30.645830,-94.944880,site,overture/c265170e-2358-4278-b5f2-b49da5a7173f
3526,40.395530,-84.153530,site,overture/6a73320a-a38d-409b-a03b-c489a78bbbff
3530,42.035200,-94.367490,site,overture/9f22d658-8a78-49b3-9d27-6ed3d3d6de27
3536,35.192020,-101.743043,site,way/220362825
3539,29.618861,-97.791192,exit,node/151131706
3545,44.879536,-93.025624,exit,node/186790255
3580,41.773400,-107.084120,site,overture/eb915d8a-5ce7-4d8a-b0ca-08ab5641a4da
3585,40.466608,-118.283743,site,way/1178708603
3588,29.833000,-94.383130,site,overture/ececc41c-bfb8-4253-8e3d-fb9abf12485d
3592,41.328710,-110.508580,site,overture/182ded04-f765-41c6-8c03-ee3a35dc7e47
3593,37.860817,-112.829690,site,way/229593418
3605,39.761980,-94.825070,site,overture/7dc805c5-e9c1-41ca-90cf-ca4972f382a1
3608,39.792037,-88.264393,exit,node/295680311
3614,41.736031,-86.336495,site,relation/16179242
3616,41.723990,-83.508130,site,overture/a6654dbf-4220-43e0-af07-caab90876870
3619,39.446680,-87.125724,site,way/1031528227
3620,39.522890,-83.845794,site,way/236632054
3645,41.027200,-77.935460,site,overture/3ac8b006-6794-4ec2-95a6-9a7549048adb
3678,27.736170,-98.073390,site,overture/420224ed-7e6f-46f6-8c97-b04f1e8eb9ab
3688,42.674793,-82.815157,site,node/8453618986
3692,35.308040,-80.847899,exit,node/172153992
3699,40.717440,-85.436490,site,overture/5158706e-718d-4967-8700-b41b69a9000c
3702,44.974060,-74.669640,uncertain,overture/8a093da0-1873-4d69-9d36-5785c53a6585
3707,43.687993,-93.421068,site,node/1345196187
3718,43.768233,-99.312591,site,node/2587515834
3725,41.540890,-80.185570,site,overture/573ed2ea-9415-44b9-93b8-650cfc6a1f36
3728,42.633313,-73.763794,exit,node/41267724
3737,34.554460,-90.714920,site,overture/df0789df-a309-492f-8549-7aec6ccc3852
3745,45.644840,-109.247590,site,overture/ca380f54-11fa-4b32-85e7-412b6623b850
3759,35.638106,-91.243208,site,way/1483951632
3767,36.664640,-77.553920,site,overture/12fe10ae-0c63-4f80-a090-4cf5ad14c98d
3774,39.301429,-102.252553,site,node/1441571873
3781,40.825194,-102.799483,exit,node/176098532
3783,39.802359,-104.986879,site,node/7215405389
3794,43.642170,-94.995350,site,overture/b3918099-f03b-47b7-9b5c-f0a8cd5518ca
3817,39.051613,-104.848222,exit,node/1692191738
3843,36.275450,-97.329670,site,overture/e12d67dd-8868-407b-a17c-8ffea89fd1b7
3888,46.410880,-112.725200,site,overture/f0cd9e32-f9b2-460c-9317-5f34653292d3
3889,27.486576,-82.458290,site,way/1288951401
3907,40.841293,-73.996359,site,node/12597144539
3936,36.185330,-86.267600,site,overture/9b16e4a7-74eb-4029-a4c9-aee7fe8ec9f1
3949,30.241656,-82.642871,exit,node/299335558
3956,27.296140,-81.357680,site,overture/0a2ada7d-9dc6-490e-958b-9f6858cf4375
3964,42.224155,-85.787488,site,way/901712602
3970,32.854840,-96.561110,site,overture/9a60ca85-ecb4-4d5a-9b13-16b4c86dd1f6
3973,35.594129,-97.436285,site,way/226296051
3974,35.422891,-99.372066,site,node/11711407862
3975,30.258993,-82.123076,exit,node/299277449
3979,41.563105,-87.354474,site,way/219702639
4006,33.226670,-92.665250,site,overture/ead25cfe-93e2-41f6-8838-aace3739ac5f
4008,44.934840,-92.373470,site,overture/eb22f490-ff5c-4fdb-b4c0-12fd522a725b
4025,34.578068,-82.690553,site,way/1110136116
4035,35.280679,-93.093268,site,way/264988864
4063,31.359317,-89.349994,site,way/560577066
4101,36.251270,-95.334370,site,overture/eda9fb02-b5cd-4aa8-8924-2fa461216d4f
4113,36.396150,-97.819430,site,overture/99e1ec92-51d3-4084-96c4-594c98fa56c1
4115,33.879861,-84.274649,site,node/8284976078
4119,31.497880,-82.873830,site,overture/a16e7cec-2cd2-484c-b15e-bfae1717950e
4156,29.437110,-98.379070,site,overture/06afb38b-610b-4fe9-81bf-2bd608d94a03
4161,31.784274,-81.377613,exit,node/70918778
4164,30.816590,-84.000707,uncertain,way/589049243
4169,35.191250,-114.068970,site,overture/19430b2a-02d5-4e55-b0ec-dceab2a2b7e6
4171,47.496640,-94.916440,site,overture/03ef1d53-45b6-411d-9eff-ea085124e995
4172,47.711410,-116.996880,site,overture/a5bba4ba-4f41-416b-a6e0-737293949ff5
4179,32.194157,-81.195116,site,way/1449862332
4187,34.576788,-84.946596,site,way/230493063
4193,32.678210,-97.045010,site,overture/d4bc4a14-8a34-4959-a55c-9dc25834864d
4199,38.857397,-98.703489,exit,node/122079222
4204,34.770635,-85.541622,site,way/236500665
4211,35.609717,-115.391709,site,way/264215609
4220,39.119860,-84.851290,site,overture/4ef463b2-0ba9-43cd-a5d9-9a7af35662bc
4222,36.405093,-87.022295,site,way/1378974795
4223,43.005318,-78.407117,site,way/220511738
4227,35.457740,-97.688610,site,overture/cc96b626-5dc1-4bc6-90bc-4c9e674e609d
4233,32.445000,-93.898910,site,overture/5f50a3e3-adc5-4c87-ab98-127af72ff8ef
4239,38.006470,-84.210036,site,node/9350460681
4241,33.649341,-84.366339,uncertain,way/279198739
4267,39.978180,-76.014320,site,overture/63d903b5-1c0a-44f0-9c4c-2d55bff8cf11
4292,41.686590,-93.246540,site,overture/fc31d69e-1618-463a-9e36-ea5e3c3587e5
4301,46.886140,-102.739510,site,overture/3cd523d3-bd1a-45f4-b6cf-29c0c9d9b657
4311,32.264450,-86.353180,site,overture/7e1f6c1f-44e7-4d06-9b1a-ae5f4eae638d
4331,42.499882,-90.697011,site,node/4261059617
4332,40.751177,-88.001360,site,way/217587173
4335,42.441380,-90.783230,site,overture/86e2ecb7-543c-4b0c-a9e2-a51896c46589
4339,26.248810,-97.729100,site,overture/432841ae-a912-4035-ac9f-76aa9b213449
4349,42.461459,-92.247371,site,node/3285219503
4363,31.924700,-81.334330,site,overture/fe6a7a41-b96c-4614-bf52-be50ad869521
4368,37.188090,-93.570070,site,overture/c8c93530-d1cb-41f2-8a01-8ed942c0c52a
4372,32.336010,-81.952780,site,overture/136a28f8-d1b7-4fbf-938d-6c66fff6d34d
4373,41.177316,-93.781332,site,way/1225291541
4389,41.550614,-95.912663,site,node/4419560889
4395,36.893132,-89.529407,site,node/2972358287
4417,35.009117,-106.065976,site,way/226934269
4419,40.265653,-94.010646,site,way/1001314350
4427,41.496319,-94.318988,site,node/11128341073
4431,41.985867,-92.580625,site,way/1107004964
4437,41.375580,-95.679080,site,overture/9ba6e12a-0312-423c-bcfa-6562bc712c83
4441,36.320490,-82.831980,site,overture/aabb05b4-7c44-4769-9fd2-39a1b38bd48d
4445,45.196495,-93.549814,site,way/226826723
4446,35.191599,-101.760844,site,way/221639649
4451,43.978650,-96.763280,site,overture/ec04419d-9e3a-4f34-b3d7-d2b2331e4c5e
4452,42.454741,-92.407606,uncertain,node/5209368661
4458,41.690997,-92.067214,site,way/1224805932
4460,38.739620,-84.830350,site,overture/10e4b2bb-f66e-48c2-b3bd-55aa98a61074
4463,32.469470,-95.387270,site,overture/c571c35d-fba5-4683-bd27-633da56460de
4482,43.572010,-116.188720,site,overture/4c8a7a14-84bc-4640-ad42-0be5e737e398
4492,48.731440,-116.298960,site,overture/655386f4-4940-4c85-ba38-711c4d3e1563
4525,46.430390,-116.985600,site,overture/c67943c4-5bbf-4077-9a0c-92ee9349d8d0
4528,47.411153,-120.304012,uncertain,way/165785166
4533,33.539360,-86.827900,site,overture/2dbb4a30-7d05-41ad-bd61-6d8ad8d29e29
4544,36.883064,-76.185949,site,way/407411862
4555,35.305180,-86.883860,site,overture/2e30a5ca-d27e-41a3-a497-9eb9d3538e8f
4560,41.885640,-112.167900,site,overture/271dd1e1-6367-476a-be64-c66ca1b5de83
4563,40.482618,-89.017366,site,relation/14467904
4568,42.945644,-74.364993,exit,node/1892616414
4569,37.162660,-88.689520,site,overture/fc885f52-3afb-479b-84ea-ad6627561c67
4574,40.191946,-88.364823,site,relation/20010773
4582,46.209540,-96.018210,site,overture/f4010b8a-80b6-44ac-8601-684eb605c100
4605,36.704520,-77.552860,site,overture/745d9f8f-e511-4a3a-bfe7-e16aafb25979
4618,32.445520,-93.947460,site,overture/d03b500c-a772-4b81-9093-11ee31ede2d9
4620,28.873465,-82.090619,site,way/787215717
4622,37.838412,-79.367866,exit,node/218827858
4628,38.719482,-77.806255,uncertain,node/12132331718
4637,40.160403,-89.417467,exit,node/235393094
4642,39.420507,-87.699839,exit,node/234078605
4644,41.542190,-87.851300,uncertain,overture/78dc1e1d-3be8-4514-994a-ca665385a475
4654,43.073220,-77.945880,site,overture/c065b5a6-7041-45df-a5c4-e5ccc6832f9a
4655,42.254540,-78.060590,site,overture/976a0600-5522-4e18-a678-d17f03869f72
4690,32.720859,-97.540723,exit,node/82403314
4700,41.438580,-105.943560,site,overture/f9c1c345-8634-46a2-b2a6-1d6ff41c7b05
4704,39.694137,-79.248783,site,way/160913787
4707,40.119246,-79.885286,exit,node/442648635
4729,39.848630,-85.262270,site,overture/7662309f-5fa2-47f4-9496-d1cbf72238c3
4742,46.929265,-104.008974,site,way/231125134
4750,41.663301,-91.254691,exit,node/159267305
4762,41.926700,-83.363080,site,overture/0ec79671-b260-4d30-b5f2-7126d2807a45
4806,32.727553,-97.808683,exit,node/6664882239
4818,43.142305,-115.662937,site,relation/13741633
4819,37.170240,-104.511840,site,overture/b9f33b83-cc71-4406-a555-10d9a480122e
4826,33.589360,-86.163530,site,overture/522ba193-13f7-49b0-aadf-219f2c797f63
4827,30.036414,-94.154101,site,node/12079620865
4837,46.340890,-94.649850,site,overture/c5d8866e-897a-454d-ae16-aa0666d811de
4856,45.916710,-111.599440,site,overture/afe1aae6-7190-4a81-a754-c2d5b911b6af
4858,38.044740,-97.318620,site,overture/f5649946-9898-4ffd-8165-6a92fd103ebe
4860,41.180733,-90.337006,site,way/264238454
4872,34.253051,-83.465945,exit,node/66145304
4874,31.813017,-102.430002,exit,node/224061671
4878,43.600147,-116.566629,exit,node/127722775
4881,40.123330,-74.713130,site,overture/9c4d699c-ee69-49cf-96bd-432187e2bcb6
4885,38.873795,-89.387312,site,way/225051745
4887,41.589797,-84.147788,site,way/259639430
4894,39.511424,-86.793985,site,way/416702209
4905,41.441264,-82.744569,uncertain,node/4801753342
4909,29.171440,-82.140590,uncertain,overture/e4531c9c-ae3f-417a-9317-c4484565450b
4910,38.995552,-110.148447,site,way/241717704
4918,35.999712,-83.777468,site,way/223632511
4920,30.086370,-90.444270,site,overture/372c5373-28ee-400a-8783-ffaaed667e1c
4921,36.975460,-84.107685,site,way/225807076
4927,32.801912,-86.582241,site,node/13968564300
4933,36.886120,-81.372710,site,overture/51bc18b0-b37c-475f-b577-e294ec06e66e
4977,44.381422,-89.821492,site,way/781176176
4981,42.296430,-84.965420,site,overture/1dd22f9f-fcb7-4453-ab92-22dfd101c78a
4983,44.935102,-92.195994,site,way/390439568
4996,45.795187,-108.455119,site,node/8316785964
5003,39.026720,-76.024990,site,overture/02a95a42-02e2-4ce6-b733-0bb89d34c536
5006,40.630696,-74.239983,site,way/1190387495
5024,38.287270,-90.405760,site,overture/d521fb3d-b2aa-400a-88d8-403993bafa74
5030,41.008443,-92.419581,site,way/482166385
5044,37.094780,-93.807305,site,node/794711505
5050,40.405870,-95.558190,site,overture/f7f1f8c6-e15a-48e2-8a9d-3080c5335c79
5056,39.853730,-94.173900,site,overture/b18b6fb5-20e1-4f92-9938-7e1059c9fb48
5057,39.754360,-94.214380,site,overture/13eb327b-3639-41ce-863e-469d6d64eb25
5060,35.144570,-114.095030,site,overture/e0c07be1-9f04-460d-8020-380659c4e53b
5064,31.695090,-89.117115,exit,node/300760033
5085,39.495770,-80.102910,site,overture/028034a4-77fb-418f-b9a2-08cb8f56d63c
5111,31.378661,-89.365324,site,way/750986057
5117,39.949600,-86.347839,site,way/1228855560
5128,41.689940,-92.009186,site,node/6601675786
5131,40.405620,-95.557840,site,overture/8fbac1a1-a4e7-4efb-9d5a-99ee85e78a91
5132,38.071053,-91.409748,exit,node/958110241
5160,40.050849,-81.330287,exit,node/428748426
5163,34.314223,-88.792574,exit,node/276925083
5165,36.715981,-86.525848,site,node/12094830610
5167,41.507057,-87.316010,site,way/1037867368
5170,39.997300,-78.237820,site,overture/35cfa112-5732-4a80-b27e-0238236a2443
5183,35.584503,-78.146848,site,node/5280124497
5191,43.393200,-89.462160,site,overture/80f1abd6-45d0-4d43-9100-8d3b50c42974
5202,42.320290,-111.297760,site,overture/010a9d8d-d717-4230-8ac4-b4164096fcdd
5203,30.630650,-87.616910,site,overture/d1eefda0-6378-48fe-9d37-148d1216dda7
5207,39.187393,-100.867520,exit,node/123022439
5227,35.318409,-78.575774,site,way/236144789
5230,41.644232,-91.149965,site,node/12092853723
5232,30.494642,-92.423734,site,node/11062776211
5234,36.928800,-93.921910,site,overture/7315e93f-8262-45cc-b7ac-6346d6c02e7c
5236,39.638320,-75.807523,site,node/2356268732
5247,42.869510,-89.055640,site,overture/28b374c3-8910-4656-901e-aa6e5aa6269b
5249,36.499260,-90.539680,site,overture/751b4036-e25c-4f7f-9f04-6cd2d46da0f6
5254,35.543648,-82.754483,site,way/226934960
5255,38.858470,-94.812970,uncertain,overture/f56b0aaf-a109-4ca3-9d1b-8634ea381cd7
5258,30.481810,-90.414020,site,overture/4cebbd51-b643-4d6b-bf92-caf1a9af38ce
5282,37.646269,-98.715596,site,node/2336107093
5285,40.731510,-74.109930,site,overture/36e15059-0b2d-4700-8e30-82945d9822b0
5297,47.102222,-119.244747,site,way/859496428
5299,36.715137,-86.518971,site,way/1012733385
5302,37.388929,-79.900982,site,way/1073690491
5306,40.959055,-80.660069,site,way/220785756
5309,33.681530,-85.264050,site,overture/0c5bc930-9ad4-460f-a316-1a4c8b351853
5310,44.471093,-93.294664,site,node/1344208459
5324,41.349600,-83.119600,site,overture/86c4b263-778a-4bb8-8995-07be429140ec
5341,42.788573,-96.174314,site,node/10796136308
5349,33.205060,-82.389720,site,overture/ffdfeb46-9a5b-4afe-b0a9-2788b5872083
5363,40.240848,-76.436456,uncertain,node/8380764144
5389,41.231215,-112.007325,site,node/10923316992
5391,32.269567,-109.244331,exit,node/731530500
5399,36.944884,-80.946739,site,node/11004530277
5407,39.563803,-97.657111,site,node/1553413415
5414,32.804654,-111.663325,exit,node/343156928
5419,35.192439,-114.070524,site,way/1076017752
5422,40.755562,-88.006795,exit,node/234818507
5424,37.369640,-86.844440,site,overture/d96b79a5-e4ff-4608-bcd3-8ffc9194da1c
5435,37.285160,-100.349450,site,overture/b50eecd6-2b10-4274-87b5-7bf4e8b10f11
5436,37.414890,-86.500210,site,overture/1207be65-01ff-4eca-beea-e875fca6490a
5446,32.444347,-93.900430,site,way/219823638
5462,43.493184,-112.053943,exit,node/127087480
5464,37.596265,-85.864881,site,node/3301691434
5474,28.358862,-80.792437,site,node/12094850506
5477,44.388641,-123.057058,site,way/1148412692
5479,26.894180,-82.009280,site,overture/3f269406-8cc2-4160-866f-4e0bb6118fc1
5491,37.232540,-84.210840,site,overture/065c3436-a77c-4a79-aa15-7830c1835b6d
5492,39.697178,-78.153208,exit,node/103057440
5522,36.518378,-89.597527,site,node/2707974363
5523,39.270691,-103.706896,site,node/1441571881
5529,36.486626,-80.746193,site,way/265727846
5537,38.311450,-88.957430,site,overture/94255662-0c33-403c-b7ac-6bf9c1bc1132
5554,33.993213,-93.187398,exit,node/116583910
5560,38.972995,-92.433359,site,way/554745959
5569,37.116771,-92.420342,site,node/10677217228
5570,30.477000,-90.457900,site,overture/af91c022-0f29-4340-b865-1869d3605c96
5579,41.437561,-97.321091,site,node/3806093173
5592,34.074471,-80.996896,site,node/10121730014
5597,30.233209,-93.129578,site,way/1462190951
5601,36.990445,-88.504406,site,node/11587027988
5603,40.874438,-81.430780,exit,node/199893978
5606,46.860870,-101.009930,site,overture/b8370570-2757-4f3f-bdca-51c53a597220
5607,32.199120,-96.473040,site,overture/5fa77125-7b17-4612-8d30-6875db9b467a
5608,32.029100,-93.713190,site,overture/8b5180e2-e283-4db8-ae4d-6a6e73e76711
5613,46.568296,-120.473035,site,node/5046927324
5618,40.048140,-86.492030,site,overture/96c8b675-6428-4901-bbba-a5b0a0b27be4
5649,30.170102,-90.871203,exit,node/114662946
5651,38.151550,-85.070020,site,node/10075493295
5659,28.327482,-98.113420,site,way/611333650
5660,42.166130,-72.545210,site,overture/f58fca1e-0eab-4b64-aadf-c6e4c85e2a0f
5661,36.130130,-85.479480,site,overture/c04a65ec-f5ce-4e45-9765-9022ff2253bd
5667,35.572346,-82.956286,site,node/11048184643
5669,43.924084,-91.438284,site,node/3062272296
5670,38.308472,-88.949893,exit,node/391305670
5674,33.557830,-83.476540,site,overture/60c3605b-fbd2-4fa5-8019-c1a1cc7a2800
5677,43.852980,-101.483600,site,overture/501cf3f4-5569-4517-9651-8f5fd75f7921
5691,42.090325,-86.412299,site,node/8382541028
5700,43.743014,-85.504729,site,node/7973625036
5721,39.172694,-76.798098,exit,node/720723548
5729,44.904888,-91.860906,exit,node/230842009
5730,43.415090,-83.087530,site,overture/a3b70e5f-46b4-44d4-8fca-e389ed10e84c
5739,41.963888,-83.353805,site,node/8423787402
5751,30.647748,-83.193119,exit,node/9503849248
5754,42.838657,-84.228548,exit,node/394491225
5758,42.989185,-82.448620,site,node/7045539163
5770,43.500340,-87.833660,site,overture/88f502ee-89c4-4ba7-8556-626bce3c6a80
5771,41.885080,-86.604130,site,overture/84d29cff-9cdc-443e-97a9-a3cc582ab5a9
5774,41.053532,-77.196695,exit,node/106427587
5780,35.756179,-80.346245,site,node/11144752298
5799,43.665910,-93.573327,exit,node/186932888
5801,36.953950,-81.079000,site,overture/239bd080-4976-4c89-adbf-c028e421a00b
5821,45.236486,-122.807638,site,node/334156887
5823,32.311966,-81.056890,site,node/10934062439
5830,42.282965,-84.867303,exit,node/183809846
5842,41.426227,-87.755072,site,way/219669690
5860,44.317615,-93.295204,site,way/448587550
5901,46.480861,-96.276381,exit,node/187658470
5903,45.724230,-94.951330,site,overture/3b5464c9-5a2c-43bf-92bc-2a9a477645e0
5907,44.785455,-93.468835,site,way/967404680
5909,43.948992,-92.066538,site,node/2955426874
5927,38.403860,-78.910890,site,overture/d37de32f-6663-4848-a4bb-f6ee22b4f7dd
5935,40.030643,-74.819894,site,way/1371006223
5942,38.344324,-90.396859,exit,node/191051509
5944,43.096020,-88.908670,site,overture/8183ae36-8b33-4cdb-a56b-65af634650d3
5946,44.112748,-103.272654,site,way/254748366
5949,33.440407,-94.087748,site,way/1053444487
5951,38.436570,-89.534390,site,overture/515391f6-ccfd-4f9b-9902-98422d7714c4
5963,30.696676,-101.100518,exit,node/782903113
5965,43.084190,-96.802570,site,overture/de1e05a0-7ff8-4815-a49c-257017511a97
5971,30.086553,-83.571737,site,node/4595277887
5979,30.252080,-92.038140,site,overture/ea4c2b55-e3b6-41d1-a421-c9c0ae9152f3
5980,37.197300,-77.466430,site,overture/a490f134-b210-43bc-9db8-4f2753b86c30
5996,41.560564,-109.303448,exit,node/486060305
5999,34.187132,-93.070234,site,node/10776035880
6001,33.372780,-104.535970,site,overture/093cc98c-efb9-490e-b4e8-e1f970742ba1
6009,39.816770,-93.553042,site,way/1465412111
6010,30.417670,-99.672320,site,overture/af18f715-46a3-464f-96b1-488621fcf456
6018,40.488137,-89.026912,site,way/223479812
6033,37.840591,-94.501466,site,way/686402420
6037,42.444824,-96.414272,site,node/8980901113
6041,36.743870,-80.775440,site,overture/11cca3d5-0c48-4bf7-a2e8-256b0f1a28fa
6051,40.160126,-104.980487,site,node/3780893580
6057,38.874351,-97.610603,site,way/385780213
6058,40.556375,-84.170039,exit,node/196404022
6068,39.705255,-91.389341,site,node/5835677028
6082,25.877301,-80.326028,site,way/682382821
6083,39.459465,-94.323748,site,node/2321461487
6087,38.846960,-91.953790,site,overture/ae60ebe2-a750-4f6a-baa5-11e15214a4cc
6093,40.692467,-99.381207,site,node/12094850510
6096,39.110907,-82.996955,site,way/646488738
6097,40.676247,-99.261054,exit,node/133113931
6106,44.292911,-117.224871,site,way/1063418636
6111,35.768090,-91.641190,site,overture/02175f20-185f-4cb3-825c-be3838367e99
6150,37.386590,-79.903570,site,overture/ceba0542-0c7f-45e4-ad57-47d0cd60f1c5
6154,30.495303,-88.340192,exit,node/58005499
6164,41.619583,-90.784601,site,way/221387540
6165,39.020080,-94.197420,site,overture/f4935dbd-1bec-4b0b-9825-8e366abcfb97
6167,37.835450,-94.324540,site,overture/9d09f8e3-ae73-48f0-b678-66be93dea5b9
6172,42.861656,-84.886738,site,node/8194262104
6173,42.296174,-83.878657,site,node/5471247118
6175,40.561580,-77.391730,site,overture/9d695349-1d0d-47e3-9712-e9670f3612f4
6179,30.312800,-91.832600,site,overture/96e499dd-f288-4ab8-8802-26485fe22d5b
6180,35.011889,-85.326920,site,way/687990113
6182,33.646100,-85.506780,site,overture/04acc027-603a-4168-b90b-ca6f6ad616d0
6188,37.069552,-93.222642,uncertain,way/1527699303
6198,36.977009,-77.393951,site,node/10208295758
6200,41.197319,-79.975433,site,way/552617463
6206,43.494737,-89.496849,exit,node/53827782
6212,38.285980,-90.405090,site,overture/0da00375-5b38-474c-a334-a23a6b8a8f44
6214,43.282030,-88.197320,site,overture/8ac65ee2-c0c2-4256-a872-2c984c248c86
6215,42.388920,-73.826690,exit,node/212218666
6218,35.505736,-108.833738,site,node/8356711882
6221,31.659760,-106.237410,site,overture/1edfa9f6-0abe-4b5b-8870-5bc9eec7a453
6222,39.354989,-94.766768,site,relation/11579210
6227,32.684670,-96.621610,site,overture/477782d7-d2b1-4794-af1e-7c4eee2ce14f
6229,39.932940,-83.616154,exit,node/196778977
6232,37.770900,-92.406390,site,overture/52b88704-1a36-4d67-86fb-3a9d4ebd41cd
6242,38.817140,-90.950000,site,overture/e3a6be12-3864-49b9-85d8-77f33d8356b4
6243,37.099340,-92.065750,site,overture/d8421e28-e903-4aa4-ade5-f19bcea7ee73
6251,30.312556,-91.833645,site,way/1083603609
6252,41.522398,-83.462237,site,node/9421654611
6258,39.791174,-94.797238,site,way/1443181872
6271,33.262190,-97.176610,site,overture/cfcb47af-8d5f-4976-8600-afe6c30bec43
6275,47.467950,-121.718420,site,overture/c36d23f7-5254-47e5-894e-076e436f34d9
6286,38.012720,-84.209190,site,overture/974aa4d5-4a7d-441f-bf72-b6edf1e8b62e
6290,41.414520,-84.096890,site,overture/5092daf4-3b87-4e7c-9603-57a17a785d32
6293,35.180995,-107.904380,site,way/220149156
6299,40.835130,-91.201600,exit,node/393871963
6305,38.234023,-77.502004,site,way/38884405
6307,38.775036,-90.624736,site,way/570093234
6308,38.210180,-85.348150,site,overture/cd3a8355-f16b-419d-bc5a-72dacff87a9d
6309,34.393750,-92.828180,site,overture/84dc611c-f4f6-4167-ab28-a116fd563715
6310,27.491160,-81.484140,site,overture/c7acb5ea-33b8-48f1-a0eb-ce659d418590
6318,34.740020,-97.266170,site,overture/ac96c24c-2dcf-471c-8b32-1361bc3459fe
6326,36.937988,-97.346957,exit,node/146206220
6327,35.876465,-84.235024,site,node/12323181649
6330,26.308700,-98.161610,site,overture/cbd43d50-faf0-4d7c-a5e0-b4de2b4be2eb
6341,41.774730,-107.224080,site,overture/f785ae96-13b9-4c9b-a3f4-0f586aa97123
6346,43.872570,-95.113870,site,overture/bd1e5657-9cb9-4e9c-a27d-493c5948cc22
6351,33.602037,-114.522567,site,node/12007395538
6356,34.309670,-89.933070,site,overture/cbce8af5-0562-4f7a-a238-a25ad1b49810
6370,32.906360,-96.447140,site,overture/591953dd-2a5f-469d-bd98-3fcc6878bdb0
6387,40.649640,-116.945010,site,overture/f56d7801-2d3e-4f72-bf62-6d56c1f6e73a
6391,35.872700,-101.973410,site,overture/1fc79b5f-2536-4308-872c-d73b0dc1339e
6393,38.239393,-86.362395,site,way/267162689
6401,30.448998,-89.076014,site,node/9268964964
6441,37.148350,-84.117250,site,overture/b2f5403d-b994-4447-b939-4093030b6510
6442,31.693150,-89.167860,site,overture/d2f40550-839f-48c1-9738-9cae4fda63ed
6448,31.698368,-89.115752,site,way/467017941
6462,48.806590,-100.061580,site,overture/8b5a70eb-e457-4803-b833-7a9ddc62bd75
6468,35.315410,-99.593750,site,overture/f97db48c-e2a6-4f0b-8687-64089c1d7340
6480,45.292050,-118.033840,site,overture/67f419a1-1b72-47a6-a52e-86d12ce8bbfd
6496,28.111490,-97.819000,site,overture/6eba34e0-6aa4-42d6-8a64-5dfaaf2ab9bd
6502,40.077280,-95.196720,site,overture/fa09569c-e763-4b2b-9947-5d30e1e11aa8
6517,40.742837,-113.977133,exit,node/520335688
6518,46.244108,-112.117035,site,node/2860717136
6526,42.737710,-86.066220,site,overture/6605935c-3198-4f90-bc5e-5b33f8b3e04d
6527,45.633877,-108.919861,exit,node/418852766
6547,44.277369,-105.494884,site,way/226827097
6562,39.600493,-94.791084,site,way/1086839013
6563,33.669700,-97.152294,site,way/865119447
6564,46.262510,-119.083200,site,overture/d54373b3-f23e-49bd-be6b-e991179b59e8
6565,36.325804,-82.835337,site,way/229591477
6567,45.652500,-110.618650,site,overture/928bebdc-b64a-4abd-9895-a40e5b8e4416
6577,39.631018,-77.784400,site,node/13184921783
6578,48.513261,-111.872537,site,way/152173711
6588,45.875610,-112.100880,site,overture/0bc4a0e8-6b5b-4448-ae60-36966749365d
6593,35.191560,-111.618970,site,overture/c983ef77-97d2-4a48-8bc2-8101b35918dd
6607,39.088135,-76.624822,exit,node/349140071
6608,35.205970,-80.836140,site,overture/458ff9f0-f348-4e2d-8ea1-5e2d03634d6e
6628,36.071560,-79.352830,site,overture/f517a7eb-951f-4b45-9081-a4b19628cf6c
6632,31.924608,-81.332682,site,way/226931520
6633,44.781133,-117.813466,site,node/3115164992
6640,40.363010,-104.983920,site,overture/22413bd6-d31e-4778-9229-b61df8650567
6642,27.637110,-80.511290,site,overture/e45faabe-434c-421b-b28e-0c648a696624
6646,40.945266,-87.221914,exit,node/180007476
6655,39.641839,-75.808099,exit,node/182463444
6659,42.376880,-87.904210,site,overture/a21d25b7-146e-491c-bd46-a9bda48a8409
6661,35.859933,-86.829718,site,node/2503437251
6663,35.925640,-80.591090,site,overture/9537476f-8570-45fd-b0b4-15a72a4f3a6d
6677,43.461560,-96.794800,site,overture/d168fc5d-f217-4c85-b04d-a2e226c13817
6693,41.471214,-96.496539,site,node/4974275799
6701,34.115470,-86.862760,site,overture/3e4b2fca-65b3-4e70-b522-7d0eaaa94ad1
6704,42.365949,-72.535287,site,node/6234754305
6716,46.866504,-96.861168,site,way/244111397
6721,46.860630,-96.835740,site,overture/56255b2e-6602-4b3a-bec8-caf97c4f3c60
6725,47.932210,-97.095700,site,overture/9b0fc9bc-d207-40bc-ad80-5266e7ad3afe
6734,38.672380,-104.712300,site,overture/fc3eb54a-b87f-4eb3-8664-1dc7541cad5e
6736,40.466250,-93.974730,site,overture/af6d4f53-222b-4fd4-83e9-e995037e3d3f
6742,45.413557,-94.056389,site,way/810619939
6744,48.224270,-101.350890,site,overture/37bdc337-50e4-40eb-a76e-4cc55c50d262
6745,30.416917,-91.435901,site,node/13917553328
6755,34.782050,-92.130170,site,overture/57d03a26-d809-4f07-98e6-69e2abe0ca34
6760,44.281890,-73.538930,site,overture/8ab745dd-1d50-426b-8f2e-474a5d29747f
6765,33.082640,-80.648790,site,overture/61c68cc8-cedc-4725-ab37-4009a819ac43
6806,40.580431,-75.712167,exit,node/724268700
6810,37.723958,-77.449821,exit,node/443067062
6811,40.609820,-98.382540,site,overture/705e4f61-571b-46f5-9662-7cfad138d617
6823,31.660750,-106.242290,site,overture/6c4bea34-d246-40b1-b0fe-f0bd894e6b5d
6840,32.238930,-107.992740,site,overture/68745959-b291-494e-b2f2-8079efff26ba
6842,42.249851,-71.715294,site,node/10985423171
6845,40.739110,-99.740940,site,overture/d1bfb6bb-f581-4cc2-89b1-dc5b7e2e2e68
6850,42.731490,-105.340258,exit,node/1887323716
6857,39.535470,-119.764087,site,node/914004658
6859,42.040010,-97.426490,site,overture/766c68d8-6ec0-4a30-802b-615771f1319b
6864,34.478723,-92.729098,exit,node/453186233
6869,40.069370,-80.567680,site,overture/c247a657-9081-4d38-a48c-599805cae8d9
6883,40.405780,-77.009740,site,overture/c117afaa-115d-4257-b3d9-7ed1e3b16e08
6885,38.318630,-81.576440,site,overture/da455e90-c5cf-4a68-804e-0932ac885f79
6886,39.157029,-108.300926,exit,node/380548946
6901,41.991600,-96.923430,site,overture/209f91d8-3cf9-4328-9705-2807a2757af0
6915,43.060068,-70.801418,exit,node/2285973504
6927,32.489340,-85.637750,site,overture/403ed012-8504-4e50-bb40-0b2604ed09fa
6944,45.917845,-119.323837,site,node/3669470915
6951,45.643230,-118.683100,site,overture/0bb35f49-d676-4a37-9a67-c50b3978bea3
6954,41.103060,-74.148190,site,overture/2dc8d660-f0a5-4ee2-a4ed-c5b1635fd2c9
6960,41.269126,-110.941366,site,way/235560248
6961,41.119280,-104.857930,site,overture/137487ba-256d-42b7-ac73-0d6f26ec7aaf
6962,41.544277,-109.857637,site,node/4772016825
6963,41.352780,-74.685010,site,overture/edca11bc-5cb8-4ddb-a907-6008d1979141
6968,43.769970,-88.431200,site,overture/3675b917-a796-41f4-89fc-a73b045d8f27
6970,44.963749,-92.686740,exit,node/270878923
6971,43.251541,-88.184731,site,node/12085133010
6975,43.184100,-89.323230,site,overture/a13d0041-11ac-415e-afe8-8ccde53693cd
6980,43.174970,-89.325830,site,overture/823a1521-b74f-40c6-b3e5-181bab3b1e05
6981,42.745955,-90.341634,site,way/446610719
6984,38.454515,-81.935150,site,way/220734028
6986,47.244943,-122.384588,site,way/225046866
6987,46.970670,-120.537670,site,overture/69d71530-3f2c-479d-b6bc-4e196bdbcc4c
6992,46.952173,-122.940682,site,way/974517700
6994,47.663354,-117.315544,site,node/12300433387
6999,36.599592,-78.150470,site,node/6595821186
7003,37.759630,-77.462730,site,overture/19261ebf-458d-4499-bd35-396e2e8a6cd0
7005,37.929600,-79.228879,site,node/1294042514
7007,41.681302,-91.566220,site,way/233319250
7013,38.288260,-112.641830,site,overture/0a33a02c-3313-4d4e-a119-53898208115b
7016,40.689840,-112.263408,site,way/229594877
7018,40.727133,-111.915986,uncertain,way/229730979
7023,35.192609,-101.768551,exit,node/227805629
7037,31.034960,-104.856490,site,overture/e4b51726-46e1-454c-929b-7726d17fdc1e
7045,36.718817,-108.168031,site,way/535023386
7051,32.705221,-100.865633,site,way/729223748
7056,32.448580,-100.443210,site,overture/c68a9da2-a713-4e96-85ae-698baf0b0910
7058,33.578120,-101.851650,site,overture/d60217b0-4f98-403f-be90-432caa54a129
7059,32.251340,-101.479000,site,overture/ed647626-1613-4573-978c-ef6ecc2e5ee8
7064,31.778960,-106.391797,site,way/831558520
7066,29.868150,-97.941440,site,overture/82e4731a-92a8-4e15-9c4d-fc2695c73c4c
7072,36.016420,-86.619180,site,overture/afbf7b0d-6883-4bc1-8268-359e82c8129a
7077,35.307444,-86.882256,exit,node/472524302
7078,35.595060,-89.056270,site,overture/12711b31-ecf8-4dbd-91cc-f39459a3d64c
7080,35.003900,-106.028920,site,overture/2fd3c11a-db10-4cf8-9193-d966e5efa9b3
7082,35.083520,-86.882570,site,overture/13e847c8-e473-4b84-b598-855668448da7
7084,45.458559,-98.477704,site,node/12463355562
7087,43.885790,-100.705244,site,way/265138290
7088,44.098900,-103.150290,site,overture/6edcab49-fc6c-4da7-8302-581af30e715e
7092,43.603912,-96.712700,site,node/1345443282
7095,33.702910,-80.241930,site,overture/dcd988d4-d357-414d-8fcb-981ab5df5ce5
7106,41.175489,-79.739522,site,way/1216052886
7112,40.355000,-76.724160,site,overture/4a80c582-bb09-4bc0-a852-59bd583ded85
7116,40.959524,-77.762264,site,node/1657014410
7121,41.014756,-76.485124,exit,node/60672812
7126,41.038671,-78.406287,exit,node/104589224
7128,40.463470,-76.339910,site,overture/daaa9828-2dd8-4ac7-bd2e-9e2e4c4fc652
7129,41.172773,-79.099413,site,way/220638284
7131,40.001140,-78.232806,site,way/220648297
7132,35.784920,-115.325445,exit,node/137041164
7135,40.231910,-77.141670,site,overture/4f21b289-9a98-44a0-adef-1ef3f0e16f3b
7136,41.027097,-77.521311,site,node/1657015262
7137,41.199170,-79.975890,site,overture/ba812e3d-c18c-41e3-a9c2-2cb98c1c6bf0
7147,45.596743,-122.668103,site,node/4712567239
7148,45.543470,-122.395790,site,overture/c130cf53-bad4-4286-8e50-d82841702e4b
7154,35.460350,-97.682188,exit,node/458733753
7156,35.460505,-97.650161,exit,node/299513729
7166,39.953130,-83.379610,site,overture/25cd3ba7-b292-424d-912b-407c9b7ce11c
7169,41.122461,-80.766193,site,way/220781615
7170,41.178540,-80.567020,site,overture/ce27325b-b0f0-479c-800b-9f38a10d1c7e
7172,41.523452,-83.457009,exit,node/200626991
7173,42.059545,-76.141407,site,node/8474057322
7176,39.840000,-84.628070,site,overture/a1f2bcbc-2e9b-4d2d-b3b5-144c20be79a0
7179,42.907147,-78.758393,site,way/992238606
7180,39.939107,-82.535448,site,way/221391764
7183,41.876966,-80.667305,site,node/8715460627
7184,39.621777,-83.604056,exit,node/197357389
7189,46.893190,-98.681670,site,overture/8a809751-c314-4d73-8ce4-6928b8ddd9d1
7190,46.920510,-97.680689,site,node/3062218112
7196,35.245560,-82.329830,site,overture/5a9d1bb5-808f-4edb-972f-b0f4831ac658
7197,42.951100,-76.976340,site,overture/6062e5a2-972c-44e0-877e-73a402afcb5d
7198,35.608634,-80.518093,site,node/11670164686
7212,42.361350,-73.427780,site,overture/a1cb98e3-d9ec-4804-8a18-c9a09c1714e2
7213,42.571033,-79.100529,site,node/913330074
7215,42.948700,-74.363520,site,overture/0aa82d19-f0f0-4edc-94cd-1b928b6d70a1
7216,42.063870,-76.323870,site,overture/d4704e4f-ba7d-4432-b72e-38c2a3246d59
7220,42.620851,-73.777143,site,way/61233579
7222,34.946474,-104.637647,site,way/226328495
7225,34.394910,-103.144520,site,overture/41548c79-7680-45cf-a70d-ee3efc6725f7
7226,32.290470,-106.786570,site,overture/ecd1e1b3-6bf1-4e52-9592-82dab99cd4c1
7227,32.129587,-106.641492,exit,node/446860191
7228,35.109494,-106.624383,site,node/10585567211
7229,35.505736,-108.833738,site,node/8356711882
7230,32.265620,-107.774420,site,overture/2b6e46ca-4bd9-4a9a-b79e-52d4ce498bb4
7231,35.116879,-106.633989,site,way/740060633
7234,40.659475,-75.074082,site,node/12323260378
7237,40.931561,-75.096042,site,node/11785201433
7240,40.636565,-74.967321,site,node/4397109431
7244,36.048109,-115.171820,site,way/1419420366
7248,36.101890,-115.186430,site,overture/9dc5ddea-3432-4d72-a8c8-590a7371b806
7263,41.052189,-102.070521,site,node/7502086792
7264,40.800688,-98.486181,exit,node/1658632917
7265,41.140500,-101.003520,site,overture/f9e6d40f-d3b1-43ae-86b2-f90e799e3b5b
7267,41.113920,-101.711650,site,overture/36b5c308-100b-41b4-a8dd-e71b165dd0d3
7268,41.161060,-96.142980,site,overture/cc677aef-778a-4a88-867d-180b7a645f79
7269,40.821760,-98.369713,exit,node/1658633057
7282,43.251892,-73.668762,site,node/13128313720
7284,46.949791,-114.128248,exit,node/517519891
7285,42.158886,-78.745041,site,node/1557243886
7286,46.948751,-114.130033,site,way/449496089
7288,45.682340,-108.703760,site,overture/3cc4aad0-3634-40fa-af71-904e3b73b058
7289,37.275052,-93.115093,site,node/12287821996
7291,39.015350,-94.130830,site,overture/ed289268-5772-4ca8-8280-240c2903267a
7293,36.758587,-89.534700,site,node/4445873489
7299,38.944356,-91.937016,exit,node/189381205
7300,37.649100,-92.670310,site,overture/0bb338b4-2203-472f-85f7-ab91d59600ec
7310,33.987472,-89.869350,exit,node/282631178
7312,40.058243,-81.057845,exit,node/196649976
7314,32.396502,-88.582330,site,way/461609242
7323,45.722622,-94.959484,exit,node/263704002
7326,43.657242,-93.317818,site,node/632873529
7327,42.106500,-84.989700,site,overture/770d0ed9-6f46-4f74-a494-055ccd348247
7331,38.499627,-82.651992,uncertain,node/9622630882
7332,42.136783,-83.240080,site,node/8592563133
7335,41.884590,-86.599900,site,overture/ecdc0a2c-06de-4841-8321-6f6cf67f88be
7337,42.310430,-85.123240,site,overture/e094d1f5-0cfa-467f-99c6-fdc06f945f87
7341,42.047120,-71.302680,site,overture/5fbd7793-c596-491a-a15c-04452ed31407
7344,42.534922,-70.989289,site,way/215002490
7353,44.835455,-68.791515,site,node/3053799022
7354,43.099930,-70.747650,site,overture/27840961-e9a1-4337-be8e-0f3d3e41a110
7357,30.286800,-89.750890,site,overture/bfcf13f5-156a-4090-9714-aef879ccd44f
7364,41.140700,-80.717460,site,overture/d806f35c-528e-4c3a-88f1-add192485e13
7370,37.044330,-86.209860,site,overture/cf27d50f-9878-4282-b2a7-29d71aff4ea4
7371,37.521978,-85.882847,site,node/3301689817
7372,38.917070,-84.626710,site,overture/a997cdeb-847a-42b2-895a-eaf6a2c730f1
7379,36.661270,-86.555230,site,overture/4fa98e1f-02a3-44bd-960d-3b2a1281fc9b
7382,38.982570,-84.644210,site,overture/57720c3c-f793-40b9-921d-205b4662f60f
7385,39.012980,-99.889700,site,overture/b5aafa8e-d405-46c4-be34-023426c857c1
7387,39.118795,-100.811474,site,way/189582919
7389,39.405407,-81.416015,site,way/772544913
7396,41.247990,-82.699390,site,overture/369faf90-0f3a-4847-a611-c8c77a449225
7398,41.659540,-93.499310,site,overture/5071e723-8820-4120-b6ad-422a4cb0c973
7403,41.183393,-83.649387,exit,node/200590492
7406,42.435232,-96.373302,site,node/5555013358
7407,41.617970,-90.781430,site,overture/9abb7f14-0ccd-4f03-a762-8f349863b360
7408,41.043060,-82.725480,site,overture/6eccfecc-b593-4419-8464-ed945cb8b7aa
7410,41.630150,-93.779640,site,overture/e65a63cf-8d27-4fbf-9f1f-0062235ade0a
7412,40.277080,-85.552310,site,overture/e6352d24-fea1-4c83-8cac-dee42366825f
7416,40.940460,-87.226380,site,overture/b5feb9ff-65d5-4a68-82da-abc66ce37ad2
7417,41.369600,-86.491750,site,overture/8d5a6a94-cfd9-490c-9ec0-8ade92dd2d0f
7421,39.853040,-85.149683,exit,node/611549044
7425,39.445150,-87.127010,site,overture/991b4a22-554b-4130-b2b0-b9ba54eec65b
7429,39.611410,-86.480710,site,overture/e5dab545-e8d1-4b7d-9362-304890cec0cc
7435,40.766940,-87.126130,site,overture/e00a4b5e-e96d-4b73-b1db-d00c0f5721d7
7436,39.947920,-86.356960,site,overture/af112428-fcc2-436b-ba14-b4f1266f4ab6
7437,39.318390,-85.327670,site,overture/b4e56e0e-4113-49ef-b883-99152052ea7b
7457,39.135859,-88.566307,site,way/223479979
7459,41.391657,-88.420649,site,node/4354872319
7466,37.740475,-88.965009,site,way/978337897
7469,38.652096,-90.131918,site,node/12244403851
7471,40.310646,-89.169424,site,way/1207048661
7482,43.587896,-116.193172,site,way/764079010
7492,32.749074,-85.278824,exit,node/52377063
7495,33.620652,-84.383667,site,node/9177911785
7504,34.378210,-84.906760,site,overture/7ed73856-2c06-446e-8249-9e77732bc6d3
7506,32.992058,-85.025265,exit,node/72996648
7523,43.859355,-84.020767,exit,node/183685870
7533,28.875070,-82.094290,site,overture/9cfbd359-38c0-4528-9f71-06405b32aea3
7534,30.285420,-81.983990,site,overture/4a36250c-4cf5-42f8-ae2b-3847c357b8e8
7535,28.004930,-82.355450,site,overture/a5338dad-deed-425b-9c07-bf15f4997d60
7543,41.294650,-72.769278,exit,node/318403889
7545,41.235873,-73.025559,site,way/209686669
7546,41.438024,-71.802190,exit,node/313844537
7551,39.740072,-104.598623,exit,node/175880757
7552,39.781419,-105.133844,exit,node/269459211
7553,40.254705,-103.636491,site,node/3782907528
7574,35.532341,-98.233303,exit,node/144803234
7611,35.037219,-97.937072,site,node/12282002224
7615,34.971016,-110.091436,exit,node/1739907197
7617,32.133740,-110.885830,site,overture/fe096434-06f8-4ea3-bd6b-3870ca60d13e
7622,36.886930,-95.925640,site,overture/f8219007-c9a7-42b2-b12b-1f6c2d314bc2
7624,32.262143,-109.847037,exit,node/732767163
7625,35.518234,-98.870604,site,node/3408987911
7627,34.507040,-97.170960,site,overture/1073f60c-4ebb-428b-86f6-8df76617c0d9
7629,34.701280,-87.644950,site,overture/f5aa36bd-366c-433e-a8f6-279c85763617
7635,32.327696,-86.331816,site,node/13908279067
7636,33.173340,-87.478280,site,way/124674615
7655,35.224036,-99.869374,site,node/5161151923
7705,35.219680,-114.007503,site,way/230486476
7708,26.655300,-81.801500,site,overture/c8b802d3-dd3e-4816-b55e-26d5dd2a1430
7715,37.147010,-84.115150,site,overture/febbd453-7658-4c20-93c7-f25a231bb4e9
7718,38.475730,-90.851360,site,overture/b769930c-68ef-443f-a7a5-5b0601387f0f
7719,38.840065,-91.227673,site,node/13273784145
7721,47.107640,-104.735800,site,overture/cfee5856-9825-4460-8267-be9af4734ac7
7722,40.829459,-97.598322,site,node/1558995571
7725,40.797820,-81.844630,site,overture/244ffc22-c5d2-4e40-9d97-c09f8e363dbb
7733,35.193722,-101.724029,site,way/236120078
7746,34.528887,-101.797720,site,node/12141612156
7767,41.098790,-104.853420,site,overture/d2b5f653-f96b-413d-bb1c-ca06abfda90f
7768,41.123120,-104.842340,site,overture/e536f275-3586-49f8-bac1-cfd28c8f7d46
7792,33.207479,-84.063657,site,way/219843901
7798,30.848973,-81.668525,site,node/11335028082
7825,38.060702,-85.703088,site,node/10579902385
7838,44.780858,-93.034012,site,way/231137532
7871,34.388280,-103.045670,site,overture/0211525d-f0cc-41e3-b600-d13f80338991
7873,40.719870,-116.106408,site,way/1172769712
7886,39.835556,-84.809678,site,node/1231936477
7930,35.455510,-86.045470,site,overture/9e354d4a-cbd6-4d2b-81ca-fd5f4d1f44b8
7946,42.527205,-88.980014,site,way/267159049
7959,41.103906,-104.850706,exit,node/500964718
8840,35.377640,-97.496150,site,overture/97b18466-7999-426f-9411-eefc3503ea80
8895,34.738740,-97.265760,site,overture/eb21a55a-6e24-4e6b-b7d7-f0b5a508fb40
8927,35.381438,-96.670339,site,node/12250930175
8936,36.601300,-79.862720,site,overture/cf80a390-847d-4e79-be08-e20376ea5c8d
8948,39.678420,-111.838940,site,overture/2acd0b8b-7d8a-41a3-819b-c644e4151a80
8961,31.400746,-103.486345,site,node/1580677199
8977,34.370170,-98.409620,site,overture/3a8ded86-2fa5-4932-8c89-a9862b32be9a
8987,35.486387,-95.149212,site,way/226297129
9160,40.760180,-98.586880,site,overture/fd849c22-2734-4995-a193-52b1307e930c
9161,40.593700,-75.589870,site,overture/e84a2560-1bbb-45ea-b127-28ba8872f37e
9206,44.668950,-70.150200,site,overture/cf73ea17-1c3a-4992-a192-dbe4708ad46b
9241,40.121950,-75.776410,site,overture/7f97d4e7-1a73-48e2-8f1a-d0117530ae24
9280,41.343160,-75.312190,site,overture/ec4b9b2d-4208-429f-914c-fa8052a2b520
9289,41.787740,-75.684420,site,overture/da12bb20-5203-4bf2-ab88-78f5209a37a1
9340,40.019850,-76.181760,site,overture/5582ea68-a16f-467d-9b9b-cdf69e5a76f9
9354,39.733000,-80.060080,site,overture/3710f0b1-06c8-46e6-9146-aa158dba8ac8
9365,34.340150,-79.532490,site,overture/eafa311a-898e-4b1a-924c-a4a96459b9fb
9381,41.553320,-75.651030,site,overture/2fcd83e0-4bb4-483f-8f3b-7c626ac1063c
9382,39.831632,-84.629956,site,way/229319025
9383,39.945196,-82.536160,site,way/221392146
9386,41.176773,-83.649544,exit,node/454157350
9403,40.659213,-75.072883,site,node/5792682395
9415,40.043930,-75.380900,uncertain,overture/d223d301-1fe4-428a-b2f0-f08cd4957374
9423,38.941740,-91.939510,site,overture/39049136-b8f1-477d-9dcf-3262622f444a
9449,33.930210,-81.076830,site,overture/5f76bc8f-bb04-4e44-9892-64707f8ca862
9451,38.427910,-95.726010,site,overture/0fe2c3d3-a762-4187-97ee-9d491c736d38
9467,41.612633,-87.095823,site,way/229471245
9468,41.590564,-87.239885,site,way/229469514
9469,35.046800,-81.812260,site,overture/6a0ae96a-44f8-412f-8d39-cc9e216b0141
9485,33.725259,-84.906989,exit,node/68396395
9513,33.569234,-81.938426,site,node/10109748236
9525,34.740595,-81.034941,exit,node/1147243479
9528,38.456354,-81.940242,exit,node/946821534
9542,34.068389,-81.139877,site,way/641334047
9550,43.800627,-90.060577,exit,node/231251213
9553,43.715961,-89.895802,site,node/4985584801
9554,44.671360,-103.852170,site,overture/4484404b-b395-4738-92c6-0b2b24162d45
9614,43.738166,-98.952251,exit,node/78773165
9618,33.344742,-96.588932,site,way/225736502
9638,34.266510,-79.701770,site,overture/7f4a730d-9c19-4bd0-8bfc-061a6906475c
9668,43.692348,-98.444959,site,node/2440039045
9675,35.880807,-84.232164,exit,node/472254627
9699,40.781312,-81.419964,uncertain,node/9687129562
9703,41.785538,-80.853195,site,way/220781341
9712,36.063472,-79.564039,site,way/226935014
9713,42.785410,-96.796820,site,overture/d850f1e7-c569-4965-bd53-5ad2f09c7bf3
9717,43.917480,-100.314820,site,overture/250b4796-6304-403e-ade7-15e7f5838543
9746,40.693050,-118.056400,site,overture/c7bbc909-bc4d-4260-ab6b-60c9c58a329c
9747,40.821530,-97.591827,exit,node/137074331
9763,39.727550,-94.867880,site,overture/5dc4a112-4390-464b-8caf-95a6863b1132
9783,32.943500,-89.979580,site,overture/7e3ce7b1-2aae-4244-92a1-288721e08dc3
9803,35.873100,-84.237910,site,overture/b408ee4d-e8bb-46d1-a96c-57f90e118338
9808,42.298194,-83.883227,exit,node/62480827
9812,36.006410,-83.773370,site,overture/7d9aaa96-3954-40bd-b203-9252a7887198
9818,44.836900,-69.287510,site,overture/d71029f6-0d6e-4e11-9efd-28e64e07b838
9821,35.997778,-86.594814,site,way/1253396934
9842,37.921130,-95.170430,site,overture/55c547db-2bc6-45af-8cc1-19c148fb0525
9843,39.058240,-96.036520,site,overture/732f2cce-c944-474b-b5d0-e4169462ca16
9851,42.491929,-90.702084,site,way/908295454
9855,39.551190,-86.046110,site,overture/65d00a8b-e7e6-41be-aee3-38b7f3131502
9860,41.047310,-86.231380,site,overture/d28c2b5d-bd82-41d9-b146-d50782b5aacb
9862,41.573091,-87.403106,site,way/229466168
9887,27.997930,-80.631940,site,overture/57b6677a-b76d-4050-b0e6-e10b490ad389
9941,32.731739,-111.549733,site,node/4719302823
9945,32.643793,-85.348918,site,node/894539549
9959,37.938736,-77.467060,site,way/220794341
9962,26.235466,-98.256124,site,node/13228882101
9971,42.565910,-77.712970,site,overture/ed47c043-df19-437c-b1d0-8f9fecf9f92f
9973,41.100300,-74.165570,site,overture/d7455e6b-b409-4fb2-963a-b74c7c152696
9990,35.155210,-88.578360,site,overture/4708ad19-1174-493a-8bd3-d9706ea9c277
9995,41.613840,-93.780804,site,way/225359015
9997,33.681240,-85.150370,site,overture/023c0e0e-e3a2-45b4-95dc-7c3c39670a62
10007,32.014525,-81.233132,site,node/10146905231
10014,36.157090,-86.770170,site,overture/c80339d5-73ac-4c55-8e1d-a34f791b7f49
10015,36.205837,-86.771608,site,way/226612936
10020,43.603280,-73.275000,site,overture/8cac63ef-9205-4e71-8b88-c36b7e364d1f
10024,39.543367,-110.688584,site,way/1102927554
10028,41.072700,-86.603690,site,overture/d69f747d-63b6-4c98-8ddf-573b33abf602
10030,37.177917,-81.140068,site,node/7516177088
10033,38.343130,-77.496890,site,overture/0364c315-3623-4172-b8d8-a37e63077c2a
10047,48.177770,-111.941220,site,overture/8e3b61d1-a89e-4074-862f-7409efc603ce
10053,41.554793,-89.067455,site,way/1332127211
10057,39.692957,-86.190533,site,way/221382313
10058,31.549935,-85.285548,uncertain,way/823711486
10065,33.662670,-94.119580,site,overture/d70947ff-0184-4bf9-a200-8f0af048a04b
10077,35.153881,-90.144355,site,way/219424151
10085,32.775070,-115.551770,site,overture/708dd5be-6340-48e9-bb7a-311241242230
10101,33.480080,-82.131130,site,overture/a921d35d-a5d4-4f00-8eea-1978ee924557
10104,33.327105,-84.774695,exit,node/67948563
10109,42.006550,-92.911480,site,overture/367863a5-3e8c-4268-ad46-c3ccf8bc50dd
10110,43.599262,-116.558347,exit,node/127773831
10116,41.935764,-89.031600,site,way/219673982
10122,41.561794,-87.356610,site,way/219703182
10126,38.491738,-85.773152,site,node/7674506725
10128,37.835320,-94.707130,site,overture/2f54bbf0-577f-4353-abde-9476940abfdc
10135,38.369690,-97.661960,site,overture/7db9eaba-b1cb-4255-8776-e9ab15f08618
10142,36.717810,-86.525400,site,overture/96ca84f1-38ae-4465-a03a-e6411214d2c1
10144,37.097888,-88.691234,site,way/265728410
10146,36.722360,-84.168302,site,way/267333875
10150,30.477620,-90.456410,site,overture/ac5e1eaf-110b-4c45-96de-e13eb04cd177
10154,30.582800,-92.047200,site,overture/cef5426b-23a2-4d3a-8997-6cf95f5c384a
10157,42.783520,-85.666290,site,overture/9fb3f35a-6141-4315-929e-4537901834cb
10161,42.812758,-84.543483,site,node/1260968944
10168,42.279241,-84.308849,exit,node/1823667444
10172,43.447131,-83.890689,exit,node/185877243
10181,38.254080,-90.400650,site,overture/af2f7be8-183f-4f75-b3e1-111d2469e5d4
10184,34.311723,-89.943613,uncertain,way/1562002470
20000,35.566610,-78.165180,site,overture/067435ea-00de-4429-b4d0-3521578713d6
20003,35.671510,-80.855480,site,overture/a7182cb2-a155-456d-a418-efc9df7b9fed
20006,48.674230,-102.069110,site,overture/93661707-d4b8-40d3-a73c-80380127af90
20009,41.051750,-102.070390,site,overture/98edc2a4-aa25-431e-bb14-fd85840e2f00
20012,41.091150,-96.254512,site,node/2535915658
20014,43.610046,-72.190170,site,way/718460871
20019,39.684940,-75.483480,uncertain,overture/9e1182ed-80a9-4e41-89f5-bf6e125002c7
20024,32.269500,-106.921810,site,overture/bd9d085a-6f1e-4bff-b570-0c8d9022a124
20027,35.158833,-103.700670,site,way/226328565
20028,36.218317,-115.127458,site,way/297300824
20031,40.960025,-117.747721,site,way/230880672
20033,42.376403,-77.358680,exit,node/120106797
20036,43.143490,-78.923900,uncertain,overture/e2fc6f6d-2c55-4904-ad1c-a88615e283a3
20042,41.534680,-83.460730,site,overture/f2d7cd7e-fa53-4d76-90da-4d378c8c0862
20043,41.514350,-82.913450,site,overture/50e6e6e8-8a4d-49fa-997c-4872fb74f039
20045,41.140320,-80.718890,site,overture/494abef4-a6cd-42b0-ab2e-8fdd4e1666af
20049,34.713549,-98.401842,site,way/226292117
20050,35.183396,-97.499214,site,way/669010289
20054,45.333310,-118.069030,site,overture/370c95d4-f764-427d-bf66-f32be1a7c194
20062,41.027419,-76.079935,site,node/145130814
20066,42.232013,-79.782916,site,node/8184323645
20070,41.362490,-75.200770,site,overture/e0309fa8-33ba-4cd7-bd30-43832a918bc1
20072,34.915430,-82.108130,site,overture/30d926da-f819-4c7e-ad2e-8754d9315dc8
20079,36.082816,-87.101941,exit,node/471852056
20082,33.392680,-97.729910,site,overture/84f9406a-ad61-4180-8c2a-ad38ccc9b4bb
20083,31.996260,-106.579510,site,overture/82028b8c-b690-420f-b97d-a6da5b68807c
20086,33.263127,-97.178877,site,way/864708186
20105,33.160587,-95.232898,site,way/877383155
20108,29.218470,-98.410790,site,overture/3904e13b-42bc-4953-a5d7-519f6d1455da
20109,29.439945,-98.380230,site,way/220380964
20114,29.830633,-94.386879,exit,node/222985901
20118,44.294002,-90.830654,site,node/597551583
20119,44.259876,-88.850654,site,node/12264378876
20121,37.796530,-81.218350,site,overture/6866fe2a-8b36-4d04-83f5-9ad93bc2510e
44228,42.984040,-82.765970,site,overture/6c0bf008-4a7b-4d0e-a063-b009a651f986
52040,45.984690,-122.826850,site,overture/352dada5-74e3-4331-9204-6f33035d1a53
52048,30.559490,-88.205510,site,overture/9b1fd511-bb0b-4cad-8529-01f8f9432732
52052,33.226890,-92.665210,uncertain,overture/f839620f-f87b-42a2-a523-50c8858e18ba
52065,28.753680,-82.099020,site,overture/bd97b342-39ac-46af-95c9-578917b7924b
52067,33.789276,-84.488287,site,way/219426001
52070,30.829780,-82.006130,site,overture/5803b1ab-3121-4f21-80a9-c683578196cd
52081,40.417840,-86.262940,site,overture/aa92dbb8-7c48-4ef1-99bf-3c18919f6c11
52085,38.866010,-98.855490,site,overture/76fa7078-c7f9-4c28-bb92-4c9424c23355
52088,36.729154,-88.630704,uncertain,way/936361125
52089,31.626570,-91.819500,site,overture/799d1194-23d2-4f67-9e11-38665a6966a2
52090,31.725185,-93.162134,site,way/478661775
52099,43.118744,-83.760688,site,node/4331447705
52103,34.930560,-88.551160,site,overture/934d68c4-d808-4f59-b0a6-68b6525fdbc3
52106,45.812450,-108.415760,site,overture/0fc3724f-6d56-4aa5-a07c-f9338ff47b29
52107,35.614229,-80.514467,exit,node/173086223
52128,36.179380,-86.300820,site,overture/d0e07b22-bbb1-4e95-8e6b-00e9360e2787
52140,46.309180,-119.979050,site,overture/180eed52-36fa-4f05-88c0-8c3918f9947a
52142,42.296174,-83.878657,site,node/5471247118
52143,34.686848,-85.000116,site,node/583671977
52145,39.697509,-86.185947,site,way/221381427
52146,42.851940,-106.269710,site,overture/540a0acf-e9ce-488f-96bd-17e93a866a5a
52149,38.917370,-84.632450,site,overture/5f5647c9-4fa4-4240-8471-376ca924a350
52150,42.069698,-80.038251,site,way/816556752
52152,41.327130,-105.610280,site,overture/ebbf97fa-fcdd-490d-a945-89c8a01dbe05
52153,42.487900,-87.951050,site,overture/bf6ec59c-f9ce-428f-9d4f-be099c349104
52155,41.564573,-72.909358,site,way/220525336
52163,34.272790,-84.807750,site,way/688510930
52212,41.778385,-107.309025,site,way/235560503
52221,32.656390,-96.751290,site,overture/a567781d-9894-4297-99b2-c30dca55cc7f
52222,30.117031,-93.819971,site,way/236133147
52230,41.245083,-112.019391,site,way/41751886
52235,41.329541,-105.620215,site,way/584750936
52236,33.392060,-110.766180,uncertain,overture/d9dc0b32-af3c-4f06-9781-cc0972e9d1dc
52239,31.428337,-83.515947,site,node/9555474521
52241,39.096280,-104.864590,site,overture/a031e6c0-4cdc-4b1e-93b0-bdd6fdd804cd
52250,42.066791,-72.107554,site,way/1039346655
52255,41.682166,-88.066929,site,node/4072637589
52262,31.469600,-87.346140,site,overture/cae039f6-d54f-42d1-9da3-05fd75eeb90a
52278,32.797190,-81.949930,site,overture/4b0d74cd-5614-4fa7-a072-dced5afbd576
52297,36.920176,-86.409192,site,node/10747127798
52299,30.446451,-91.238341,exit,node/480398641
52302,30.156238,-93.634492,exit,node/114872892
52304,30.170102,-90.871203,exit,node/114662946
52307,43.970244,-94.618727,site,way/324679230
52313,32.343817,-90.829510,site,node/4960778822
52322,40.661223,-74.185040,exit,node/6386917975
52323,40.722313,-74.149943,site,node/14207959410
52325,42.447679,-75.049148,site,node/6876421059
52326,38.818510,-90.952990,site,overture/b8f2bd5b-8148-4ba2-994d-d7364269e640
52334,43.797921,-90.061804,site,way/1163707671
52335,37.183073,-77.318031,site,way/781891181
52340,40.420168,-78.450384,site,way/1167176415
52344,46.829430,-100.729290,site,overture/8f2422b1-23f8-4cf5-b178-5efea5603309
52346,39.280348,-76.478695,exit,node/37423196
52348,42.310792,-83.094358,site,node/8755353131
52361,32.648490,-96.781970,site,overture/9a450003-1f81-4a40-bcce-96a08d27dcd0
52363,43.219551,-85.569131,site,node/8196801382
52364,32.459527,-91.759013,site,way/264709752
52365,34.138380,-87.909730,site,overture/a00ad8d2-68af-4b07-a134-73b7953d77d6
52366,35.487610,-94.225590,site,overture/66529128-764a-4baf-b780-2771a1b9bbf8
52367,37.847332,-77.449766,site,way/722747374
52383,33.321850,-87.047110,site,overture/9375a839-34e1-4036-be21-b10897cfe352
52384,34.232620,-79.802330,site,overture/90652af1-8f52-459a-b17f-d6f13b14dff6
52385,40.267244,-82.924963,site,way/229323376
52387,34.619090,-89.952920,site,overture/5c24453f-38f3-4e01-8c95-26caf7578fd9
52388,35.142810,-81.509261,site,way/231125523
52400,42.778820,-87.951684,site,node/635241801
52401,35.173256,-92.743345,site,way/224315666
52402,32.444443,-93.978876,site,way/225809550
52403,30.421230,-89.137820,site,overture/ee5eed59-e0fa-40dd-a8d0-df5e97c648be
52404,41.098866,-114.959736,site,way/220070308
52405,41.603291,-90.625184,site,way/235551493
52411,40.739955,-111.946925,site,way/221885760
52413,41.136765,-83.660113,site,node/804620920
52414,48.185435,-122.200462,exit,node/50804234
52421,41.141518,-78.785303,site,way/1163238388
52422,44.901255,-91.856439,site,node/6185268631
52423,46.008062,-112.609037,site,way/894670166
52426,34.368080,-86.889170,site,overture/95a43bde-f0bb-4b9f-a9bf-689d5e4be0a3
52427,39.618080,-119.267070,site,way/225364452
52428,33.929970,-81.078290,site,overture/7c289005-b253-403e-9798-f45f99c0745d
52430,34.927399,-85.150788,site,way/688950186
52431,30.959840,-81.718120,site,overture/897fc27c-3456-4ae5-997c-22af45fcb16b
52435,30.215998,-93.329998,exit,node/114868452
52438,36.668570,-89.538231,exit,node/191915383
52439,31.303880,-89.321110,uncertain,overture/10867af4-c9f0-4e04-9832-d627b88b2bbb
52441,35.583541,-78.147871,site,way/220150715
52450,32.516224,-96.821022,site,node/10857087925
52452,43.947850,-88.585200,site,overture/cf9a3add-56ea-44dc-9dde-26a029c582c1
52454,39.997152,-81.576996,site,way/1178084818
52455,34.188198,-97.171272,site,node/1608318103
52456,37.004570,-94.552380,site,overture/b8e2bb68-726a-4c09-80e8-f7cb876fc602
52458,34.781381,-92.127306,site,way/218548058
52461,40.078800,-74.842220,uncertain,overture/f7f7bc00-3fd7-4676-93a9-d624bc976ecb
52463,36.240684,-115.097815,site,way/264216829
52464,41.237890,-76.812460,site,overture/dd1dbeaf-3ea3-4725-8f4e-a10dc1ff6c3e
52465,35.283712,-93.090105,site,way/230489757
52466,39.625334,-75.949343,site,node/1478046611
52467,34.064697,-81.023515,site,node/3076780914
52468,35.458770,-97.690360,site,overture/d8011e0b-daba-46e5-8838-8edc24b8d7c4
52469,33.886657,-98.468473,site,way/225735091
52470,41.628119,-93.599891,site,way/689410579
52471,40.832287,-83.967314,site,way/229321016
52472,40.234639,-77.123005,site,way/717770300
52473,39.685247,-111.837124,site,node/13953887861
52474,42.302579,-85.082114,site,node/2379587828
52477,46.850727,-96.863024,site,way/220149948
52478,38.341177,-82.942315,site,node/1712443268
52479,34.349927,-83.321120,site,way/219429368
52480,34.366784,-96.140767,site,way/226285319
52482,30.825590,-81.661930,site,overture/22dfffda-a21b-478e-8ee9-616b22198fdc
52483,38.879119,-97.593039,site,node/12450059201
52484,41.691230,-92.356894,site,way/1085889369
52510,38.633091,-83.794860,site,way/544416834
52511,39.734850,-86.153850,site,overture/6ee8aac4-353f-42a2-881c-65093855878f
52512,32.441526,-98.694731,site,way/225729682
52513,32.277100,-90.160040,site,overture/27e91abc-f37a-4cb6-a9d8-0ea377bf655f
52514,36.760180,-89.540890,site,overture/6d124ac7-9b82-408c-88ca-e21f6b0257b9
52516,35.015486,-110.674666,site,way/144341226
52517,33.916970,-102.328440,site,overture/8d873724-96d0-4ecc-bdb5-0976ee4c580b
52520,41.980887,-76.516485,site,way/611274105
52527,29.408830,-82.246170,site,overture/2b9659e8-0a82-4eec-b25b-bc0c307d9755
52528,39.013221,-94.128376,site,way/1085736558
52529,45.138630,-112.739560,site,overture/8cb1940f-0f88-45c5-b5dc-b3f7dfad6285
52531,39.130408,-94.496860,site,way/229624739
52534,36.167820,-84.080360,site,overture/851d9e48-a0eb-47bb-9776-92b05d277e0b
52535,31.446999,-96.072322,exit,node/473189667
52537,44.577180,-91.198100,site,overture/2b7546d9-15e0-42ba-9bcd-d20fcb46dc1c
52539,33.685291,-84.311153,site,node/2427461553
52541,45.925230,-86.982030,site,overture/7023d4c3-a402-42a2-8247-d87036f3729c
52542,28.326375,-82.321721,site,way/223428884
52546,30.888121,-84.565391,site,way/855691810
52548,40.821013,-97.812765,exit,node/1658632969
52549,41.447871,-81.669379,site,node/2234571689
52550,35.807792,-86.396833,site,way/291651304
52551,30.725441,-85.186193,site,way/226885134
52552,38.722920,-94.452160,site,overture/1b135250-7147-44d1-ba63-fc02948e7eb9
52553,35.078938,-106.746524,site,way/888809753
52557,34.710110,-87.744740,site,overture/6f6b6415-7090-48f7-a3d2-528675594880
52558,35.511500,-93.822330,site,overture/fc3062a0-21c8-4287-b28b-38b01ce9f710
52562,44.659820,-73.482690,site,overture/dd0f5cc8-a193-433f-82f3-f2802991aef2
52563,30.641875,-83.190076,site,way/226930516
52564,37.055450,-94.429990,site,overture/2b362e42-4d74-4e5e-a3fa-a3730054c28e
52565,27.683711,-99.461474,site,way/229303908
52566,27.574470,-99.473820,site,overture/a55479c6-2af7-4551-944f-b8d69c9d1571
52575,37.059704,-113.581953,site,way/241718232
52577,41.235622,-95.878781,site,node/2022526595
52580,31.137442,-81.571889,site,node/5486357522
52581,32.268730,-109.848300,site,overture/3f45e86b-2b6c-4f2c-9979-3b32a4594b62
52582,42.880274,-97.353417,site,node/10945204062
52585,46.894040,-103.188720,site,overture/cd2dd81f-4492-411e-94b5-7ba8c7555c25
52587,43.086610,-76.165530,site,overture/977e53d1-9552-4a6e-9500-02f2134e4c33
52588,33.564050,-101.843790,site,overture/c06b0ccd-7c66-48a9-af48-a7e918a8ea5e
52590,36.662560,-86.554100,site,overture/0856a405-559e-4876-aca2-c2d6bd6247b0
52591,37.933361,-77.473731,site,way/220795018
52594,40.133488,-79.998973,exit,node/3777506712
52597,40.183177,-77.242910,exit,node/111524147
52598,40.199650,-76.730710,site,overture/93696e8e-39e8-4c2c-b19e-00722deb4e6c
52599,40.202440,-76.015590,site,overture/3fabbb62-2641-49ad-b03d-6381f0877ef1
52601,34.786133,-92.126046,site,way/218548170
52603,47.458539,-99.118299,site,way/533828444
52605,41.427295,-87.756743,site,node/11071533349
52607,36.022900,-87.340852,site,node/9861448027
52608,35.721080,-81.189200,site,overture/99972000-b16e-4dee-8bdc-a8d4bdfeb37d
52610,42.141591,-79.924474,site,node/7887487648
52611,29.369390,-100.888310,site,overture/25f8594a-3cff-4fe6-92ca-2a1d46e7a0b3
52612,34.811917,-102.405402,site,node/5554539921
52615,41.465270,-82.060460,site,overture/f525ce2f-aad9-4fb8-aebb-e994e05c271e
52616,40.114540,-85.573170,site,overture/344606ed-1b2a-45d9-9e91-814e57ff26f0
52618,34.710680,-82.497890,site,overture/49e8303d-33f1-4e73-ba84-fbb55a399856
52620,39.326269,-101.727189,site,relation/12340080
52621,39.329676,-101.543544,exit,node/122602945
52622,32.137380,-101.804870,site,overture/ff35b834-0f88-4a7e-9c6f-4aa5e8d4faf0
52623,41.918534,-72.263662,exit,node/290061691
52624,45.765973,-119.205267,site,node/5047060121
52625,38.225450,-91.158100,site,overture/6cd3d743-4418-4365-8100-2ae1d7159abd
52626,31.140873,-81.578289,site,node/10062606869
52628,33.630367,-113.761454,exit,node/174836552
52629,47.007920,-120.586213,site,way/225046490
52630,45.049092,-122.974991,site,way/261984078
52632,39.551480,-86.044690,site,overture/9d062263-973e-43b3-9145-938301fb8137
52633,36.065780,-79.309825,site,node/5077700121
52634,40.818200,-97.598920,site,overture/c775a6e5-a597-45d4-a4e3-98a549a24f48
52635,35.462587,-97.480699,exit,node/147356337
52636,38.173494,-87.551153,site,way/223485831
52638,31.572810,-102.892720,site,overture/ac8e3c53-5184-4dac-9e8b-7aff38e494d6
52640,41.492871,-87.512640,site,way/1037267038
52641,32.188696,-81.194518,site,node/5224799022
52642,34.509119,-81.858057,site,node/12094829373
52643,28.686900,-100.474670,site,overture/b84cfa58-1de4-428a-842c-39844c746e44
52646,39.762466,-104.792890,site,node/3243666016
52647,39.942420,-82.599208,site,way/229322030
52648,31.727755,-99.957339,site,way/728246267
52649,30.493085,-84.429659,site,way/230492663
52651,29.726470,-98.078660,site,overture/dfb13bb2-07dd-4f5b-a529-4822579087aa
52652,38.276140,-84.559690,site,overture/5b657d3c-5549-46f7-a5f0-ac009fe1dea5
52656,31.169790,-105.657150,site,overture/66678640-6105-4545-a3e4-caf8742daedf
52658,35.420971,-96.300190,site,node/11684356604
52659,32.353784,-108.736014,site,way/226328204
52661,32.826760,-97.338280,site,overture/f5bc456f-eca5-4108-b079-0b60f5e4c0e4
52663,32.622799,-88.207787,site,way/461631899
52667,32.336050,-89.291560,site,overture/d4dfb0ff-acde-411d-a355-e49cf7ddcea8
52669,40.918530,-75.083930,site,overture/56132f34-ecf1-4fd9-8a06-1895c26b7f9f
52674,32.461696,-99.872548,site,way/236134091
52675,46.396973,-105.822256,site,way/1306440657
52676,41.141040,-78.783370,site,overture/a898b34f-308a-4feb-a723-4c97f1735830
52678,31.886980,-100.291560,site,overture/776c0bcc-3622-41de-92d3-368167084ace
52679,40.119917,-74.708167,site,way/217783539
52683,36.176480,-94.193145,site,node/7682055228
52684,41.814602,-90.241298,site,way/1525686635
52685,34.986562,-90.905641,site,way/224315865
52686,34.954861,-110.311655,site,node/9952938547
52687,33.657240,-114.241240,site,overture/f0dda656-c672-4b48-bc7c-0c67b9742324
52690,27.413360,-80.397818,site,way/223432255
52691,33.682604,-85.262850,site,way/236501656
52692,38.731645,-89.908010,site,way/229453440
52697,40.187249,-111.641964,site,way/241716670
60136,31.356410,-85.327690,site,overture/b0dee1dd-839f-475c-9dd8-829eb2db1fc9
60145,31.123410,-88.009450,site,overture/1110b254-1e70-4b4c-b98b-ac0916a83752
60191,33.494414,-112.937770,site,way/951751974
60206,37.653520,-104.793910,site,overture/99e94dbb-1c0d-449a-a900-06ef1f236808
60208,41.350379,-72.868464,site,node/2926819810
60220,28.722790,-81.596080,site,overture/a184ff3f-4377-482b-97a0-a84d139802e2
60226,31.778770,-84.446250,site,overture/ff1e57da-4a8c-478a-825e-b925b28d8ccf
60229,32.626069,-83.374753,exit,node/73061964
60230,31.133800,-84.141140,site,overture/09ebd6fa-f44b-42ad-8322-88aa7557d8e8
60242,43.039860,-91.391240,site,overture/81394047-4199-47e3-a284-b4e31545f527
60243,42.026920,-96.120000,site,overture/43440493-c653-4ba8-bc44-4ec1295a7b4b
60245,42.923249,-114.945892,site,node/11155042731
60248,40.595910,-74.253130,site,overture/e8ddbba9-3d43-4a8a-a977-effdf66e5309
60250,40.660390,-74.192500,site,overture/31a5eb20-75bc-4170-9a01-89d4d26647c8
60255,40.312400,-88.985490,site,overture/ae36b19f-d566-481d-8007-0e68795381d8
60256,41.350902,-74.686612,site,node/1967709974
60270,38.631030,-87.179340,site,overture/4b6c3fa7-231c-4165-be7e-7774a4ee68de
60273,39.364967,-101.050919,exit,node/122999910
60280,37.057970,-97.331840,site,overture/a66aeccf-719d-4c56-ae18-ea6960697ff7
60294,30.316640,-91.829600,site,overture/6852ff3d-e977-48ff-884d-fbb54102255b
60295,30.236620,-92.385360,site,overture/f6bf0be0-263c-4179-a200-b809cd7d4f11
60298,30.421396,-92.055376,exit,node/123731094
60313,39.396930,-76.407092,site,way/298500527
60316,45.874520,-68.416340,site,overture/05dadf52-0636-47b4-a02e-115dbb6dd54f
60324,42.461640,-83.083360,site,overture/90909641-efb0-4b64-a1d1-59ccf3247d77
60326,42.976762,-82.763747,site,node/7047792518
60328,43.021934,-83.654438,site,node/7058103973
60329,44.583440,-84.756100,site,overture/6a75b91a-ba52-4139-ad6a-dc212f6dc304
60333,45.950972,-86.258033,site,node/2430585618
60341,42.106200,-84.992260,site,overture/cc6644c0-2384-49ac-ac1a-153434fb1c1e
60342,44.733070,-85.605090,site,overture/76928353-5efa-4b1d-85c1-3a6ab23253f9
60344,42.721254,-85.670054,exit,node/183491434
60347,43.683510,-93.359820,uncertain,overture/8e19a7be-afa0-4ed0-89ed-3eeca6897d18
60358,46.877670,-96.579870,uncertain,overture/a619cbaa-6354-4ef3-895c-b015b8f087cf
60372,37.176850,-94.285110,site,overture/a67ac427-4901-42a5-9108-19478d52dd56
60373,36.922030,-89.313780,site,overture/a79ad0fc-a003-46b1-bea3-8d6959cfce40
60374,37.873902,-93.621218,site,way/1307669844
60380,40.509990,-92.547940,site,overture/8733c68c-3536-48f1-a662-d92c734a9cdb
60382,39.133716,-94.499123,exit,node/190945831
60383,38.900324,-91.454797,site,relation/18958344
60392,32.294750,-89.804360,site,overture/e676cad7-c96e-4bb0-8105-c0a7b5a5dec5
60398,45.641440,-110.575120,site,overture/7c7adb31-949c-4ee0-8a5d-43dd71e7abc2
60416,34.342390,-78.709300,site,overture/6c730e89-9963-4c46-9f0e-bedae0eae916
60420,40.104520,-99.368270,site,overture/29a4f529-a6f5-4d56-902e-fd9bdf9d9751
60426,42.813899,-71.486093,uncertain,node/977394648
60442,41.658320,-88.443120,site,overture/1911e1d9-a032-451d-aa41-c637a8221e71
60460,40.287593,-81.861989,site,node/3753253721
60461,39.784520,-84.173390,uncertain,overture/135f29cf-4053-4279-a83f-1dd5547e13ec
60463,40.394620,-84.159040,site,overture/a7852854-bdcd-4ab2-9436-58af840bf415
60465,40.587980,-83.144760,site,overture/73129ce4-d685-42cf-9cf2-9d4054c4ca61
60471,41.381920,-81.513285,exit,node/7083424701
60473,40.816012,-81.934702,site,way/317628261
60476,36.815010,-95.935150,site,overture/ecec7b4f-3e1e-4fe3-97be-c37e6d272662
60508,40.796248,-75.969187,site,way/678695828
60513,33.367314,-79.274180,site,node/10537958896
60516,33.282760,-80.515730,site,overture/87807593-f486-4864-b3a8-250f12888140
60519,44.370900,-98.254140,site,overture/b049ca27-b7ac-446d-ad49-ae204b3313d5
60538,30.670627,-96.403083,site,way/660631329
60539,30.441793,-93.968731,site,node/11724823339
60540,32.544821,-95.764063,exit,node/229028691
60551,33.476140,-94.409660,site,overture/75895de6-a965-426d-8288-450637fc89bc
60554,34.205127,-101.729405,site,way/1068347250
60565,35.229930,-100.249740,site,overture/4ec9be95-0044-4c13-b8cb-8cacffa37cab
60579,37.289803,-79.910277,site,node/9269914772
60587,47.371940,-120.139690,site,overture/0d15824d-9971-40a5-bf74-72c232ec6a1d
60589,44.935810,-91.146930,site,overture/7912ee0f-388f-4740-98f5-0a67c590048f
60590,42.667640,-90.128140,site,overture/38858180-3591-47bd-abb2-0c68bf2b8093
60601,46.713085,-92.104509,site,way/195926014
60635,36.287322,-92.482449,site,node/12288104358
60650,32.939125,-112.729856,exit,node/41387767
60700,39.702054,-105.202242,exit,node/177248094
60707,40.622250,-103.168190,site,overture/f364c104-de42-41ca-b5d6-86ccc022773b
60762,31.776240,-82.340620,site,overture/40c6f310-b5ad-4d4c-9ee5-e7cd10953486
60768,34.180517,-84.784977,site,way/991496067
60773,32.281410,-83.452400,site,overture/78613ac1-fd8e-4137-9d9c-92ca5041edf0
60779,33.325285,-83.391275,site,way/1290567524
60781,32.492510,-83.739660,site,overture/b9765bf6-dfbf-4262-8cfc-5d1a966e0d9b
60783,34.647612,-83.449924,site,way/290473724
60787,33.771056,-84.652610,site,node/1707317760
60788,33.010405,-82.398736,site,way/1006241960
60791,32.758431,-83.711002,exit,node/1024720396
60795,31.604150,-83.250920,site,overture/393c9632-a40e-4bdd-8b85-fb81a5507485
60804,32.867993,-82.395664,site,way/1006241844
60807,40.997760,-92.165090,site,overture/a232020b-8b22-4eb8-bfc3-cfc13e16d1dd
60817,42.650113,-92.455097,uncertain,node/603661456
60822,43.084580,-91.569820,site,overture/85a5aaec-94c4-4715-a259-c98852d42076
60829,39.702040,-91.038010,site,overture/49704c97-9a9f-40de-b275-465c95be902f
60833,41.938784,-88.117960,site,way/850669924
60834,41.748543,-87.799040,uncertain,way/418082563
60839,40.776280,-89.751740,site,overture/af4faf03-519f-49db-916e-b5d5f215cc5f
60846,41.612870,-90.186470,site,overture/8a8d1426-c518-4caa-b19c-f108dbf23e08
60851,41.904493,-88.041887,uncertain,way/850669442
60865,41.818901,-87.737915,exit,node/2993316086
60871,41.027510,-89.051280,site,overture/25848ab8-94f9-4761-93c3-6c8ad85bb044
60881,38.283541,-85.917342,exit,node/179442883
60882,41.562427,-85.797608,uncertain,node/9573076216
60887,38.169260,-86.990220,site,overture/47dd05d0-2af4-4078-b727-ad5780847e35
60890,38.838910,-88.780650,site,overture/96549a21-3f88-4f06-910a-1390c976c5dd
60900,41.616626,-86.732184,site,way/1127813134
60902,41.737596,-86.334907,site,way/1038876758
60913,37.988170,-100.915500,site,overture/0bba3427-2ded-489f-bc9f-839676505eaa
60926,39.828388,-100.533804,site,node/1458456155
60979,30.152160,-93.639610,site,overture/4f930b1f-794f-4bcf-b265-89428dac9642
60988,42.193978,-72.934079,site,way/212117133
60989,42.195340,-72.932620,site,overture/d6374d83-ef5f-4b26-affa-d6fc1ac5043d
60993,42.311738,-71.429136,site,way/213263281
60997,42.148020,-72.541890,uncertain,overture/a6abd3cf-f91d-4536-90eb-ca8d7b41741c
60998,42.170729,-72.455892,site,node/12359967815
61006,42.244784,-71.592187,site,way/213640358
61019,38.462120,-75.747900,site,overture/e3fcec97-fd40-4774-897a-bdc43673a850
61021,38.128560,-75.694900,site,overture/9b00a422-a549-4bca-a555-8b1935c10d89
61028,43.593232,-83.991961,site,node/7237787655
61032,43.821302,-84.768079,site,node/7929770887
61034,42.287850,-83.165100,site,overture/f700ae0f-1d06-49a8-97e7-6b597a205a8d
61037,42.790120,-83.736260,uncertain,overture/6b088ac6-80da-46eb-8894-2883edb9299b
61038,42.973919,-83.683182,site,node/7178265743
61042,42.376408,-85.659277,site,node/4063879768
61057,45.927376,-86.976001,site,way/282331123
61063,42.104890,-84.992310,site,overture/f07f44b6-df10-42b4-9015-c47d1d1ac33c
61076,45.249940,-93.028098,site,relation/18046406
61090,48.116020,-96.175950,site,overture/043c0082-6852-4cb0-a84b-7765565ac3db
61093,43.635330,-95.570600,site,overture/cd102dfb-fc0b-4112-80d7-8316a592dc92
61099,38.006086,-90.225791,site,way/290395936
61102,38.954652,-92.384352,site,way/1223643525
61106,38.305440,-92.577100,site,overture/d394dce8-63e0-49ca-9f15-6368200c7ac7
61110,39.160720,-94.494290,site,overture/f6df46fa-8edd-454c-8740-f4733c9c0100
61111,39.551879,-94.268244,site,way/1316056895
61115,39.416900,-92.433980,site,overture/24d3161e-3b9b-4b20-94d3-8f1816d74d3f
61118,37.712618,-89.894592,exit,node/456994554
61145,31.248899,-89.276731,uncertain,way/339825071
61146,31.908958,-89.012140,exit,node/1227228070
61149,32.522500,-88.513300,site,overture/16396be6-1a75-4af1-a094-9981e45636e9
61168,34.951248,-88.904142,site,way/247121633
61171,30.852341,-89.158979,site,way/1074338945
61176,48.594600,-109.232540,site,overture/381fb9e2-8eb4-45b4-8a5d-8e539a1d697a
61182,47.070769,-109.412744,site,node/7534095822
61193,41.087037,-83.657030,site,node/9670940547
61195,34.989270,-78.313850,site,overture/fef0149b-39d1-482c-a30e-5d54176f9cdc
61205,35.720713,-78.585862,site,node/1646480638
61210,36.086604,-79.805940,site,node/6496115841
61254,36.009330,-80.838240,site,overture/177e2558-8d80-4032-9e26-e3a4f0039c16
61266,48.112390,-98.874320,site,overture/0bfd9a8b-1e05-46b2-9959-69bb12175881
61269,47.888450,-97.092470,site,overture/1d52a63d-6ac7-4bdf-987b-6e6290f97f42
61271,46.912350,-98.011610,site,overture/a79355a8-c8b9-449a-b26f-e384d39ee346
61291,42.853480,-72.558820,site,overture/a73118d6-ef28-4858-8039-9e17690ed82f
61292,40.677158,-74.090107,uncertain,way/1365373010
61301,39.885940,-75.002700,site,overture/db9dd54c-17e4-4429-a6b6-532f2867408e
61304,40.321130,-74.488530,site,overture/1d882edf-d538-4992-b5ef-3e6f898e65ed
61305,40.316332,-74.509209,site,node/9028277462
61308,40.829280,-74.055010,uncertain,overture/f6b2ffed-3c60-45d2-8cae-020c89071809
61312,40.499498,-74.855393,site,way/545682470
61326,39.977700,-74.895200,site,overture/844f5e65-3d1f-4ff0-b078-47164431f8c0
61337,39.695660,-75.396500,site,overture/841c5ed2-4270-4dd8-9f11-ecfa26d6e721
61339,40.674994,-75.140561,site,node/6699327203
61357,32.936426,-105.963931,site,way/995652167
61364,36.728638,-108.195497,site,way/633463128
61410,43.199120,-77.575988,site,node/11982168511
61421,41.379850,-82.222740,site,overture/97f541b3-c1ec-49d5-92af-988bc5928d5f
61430,41.303190,-82.975000,site,overture/132203d9-39f4-447a-83b0-4c665cf9d00d
61431,41.369160,-82.956280,site,overture/c8657735-eb8b-4c1c-80f0-d692770e5625
61439,41.489650,-83.369580,site,overture/85bd9f81-e365-4660-9d0f-0ddc04775ff8
61449,41.244010,-81.182750,site,overture/fff19fce-4cd5-430e-bfbc-e1d9108ad72a
61450,41.242540,-81.177800,site,overture/cc3f46c9-4aa8-4e09-b14c-3f287f6efcee
61453,41.567509,-83.690517,exit,node/12537480912
61458,40.938580,-80.587340,site,overture/90f26266-2b8b-4504-85e5-4732905d0554
61459,40.935850,-80.595920,site,overture/a180d911-0029-4f2b-a7aa-d435b21d4cd7
61461,41.637280,-83.467610,site,overture/08a00df6-b346-4a5a-b8f6-eb411943af39
61477,34.016680,-95.539110,site,overture/baac7d8c-b512-40b1-9652-eb5a0bd7a87a
61483,32.551043,-93.783842,exit,node/114897359
61492,34.303280,-97.156975,site,node/1608318107
61508,40.029850,-78.492780,site,overture/5b736100-67f1-4432-a14b-e28e5248c00c
61511,40.488430,-76.245030,site,overture/3eecbb16-a14a-4c28-812a-8cdc2b3906cb
61515,40.232340,-77.129931,exit,node/111721080
61540,40.126320,-74.836560,site,overture/c0bb3b3b-d8c4-4b5e-9766-63c859f66b58
61560,39.999120,-79.046200,site,overture/84d54e5d-3b0f-466d-9130-fe083e719fdf
61567,40.520970,-79.814030,uncertain,overture/6068a894-e9f5-4cc0-bfc6-3d3f9fe6b551
61569,41.845245,-79.149628,site,node/9964960689
61570,40.060810,-78.086570,site,overture/69362a3e-f4c3-4122-8f12-bfff1f2c9f37
61571,40.599770,-75.482060,uncertain,overture/051ef8c1-99f4-40fc-9b95-6d4a67cf96dc
61594,34.792501,-82.406620,exit,node/113025401
61595,34.794540,-82.418510,site,overture/50e8543a-3b26-401d-ae69-7bc0a31739ec
61596,34.138150,-82.131250,site,overture/a3477ba6-0cb4-41d3-8aed-b97f8231680c
61597,34.873685,-82.224584,site,way/319303103
61598,33.762670,-79.446260,site,overture/b86912ff-08eb-40b6-b8ee-4d19c04e3870
61599,35.081910,-82.059460,site,overture/fe1a5ebb-8f87-4673-a93e-15c01dab3650
61605,34.172500,-79.432140,site,overture/dcc9733f-04fe-41de-9e3b-91c4e1cb5809
61616,34.508080,-81.001170,site,overture/c2208c86-77fc-45d0-9d41-61878f32e142
61621,43.700880,-98.017580,site,overture/78ba158b-170c-49a9-b620-be788c4e2eb2
61633,35.977960,-85.015180,site,overture/f51b1de6-2919-4285-a6e8-36efe4b468db
61642,39.368408,-94.374199,site,way/265139487
61646,35.347312,-89.516312,site,node/11835149815
61651,36.225430,-83.045520,site,overture/9489f6ac-79ce-43b1-b3f8-3e79c611d38c
61656,36.407664,-89.083731,site,way/928722099
61660,35.791330,-88.392870,site,overture/fa12842e-ac1c-4506-beb6-410efb724c1c
61684,31.262079,-95.987729,exit,node/469470404
61730,31.981472,-102.147494,site,way/717934275
61747,29.277870,-98.667750,site,overture/1a4eb5cc-4fa2-4709-8cc5-df2db252adb2
61751,32.710840,-102.645450,site,overture/73bf460b-d097-4ac6-b666-e9ad9cb10ccb
61761,35.238020,-102.428900,site,overture/173dfa19-e07b-4e7a-ab0c-40ae0e923733
61763,31.561610,-102.997980,site,overture/5a9ed6d0-33ce-4ab1-b198-b997babd47cc
61787,36.701800,-76.961680,site,overture/a9a2d3f4-e5d6-479e-b9c1-ffaf1b0330dd
61796,36.693080,-79.849816,site,way/1464522483
61799,37.100010,-81.131390,site,overture/afa7cade-6e31-44a7-a0fe-76623a97c565
61804,36.945999,-77.392404,exit,node/219924290
61806,37.187760,-75.968400,site,overture/830cde55-100a-4459-b746-73d3747af2d0
61819,46.144212,-122.908050,site,way/366979918
61830,44.273210,-88.424260,site,overture/9419f2fd-2de5-4bf9-a252-d5f0cb40e3ce
61832,45.400860,-91.828790,site,overture/4255001b-4e75-4eca-91a5-d6ab85d0bc63
61835,42.523169,-87.946946,site,way/656552450
61843,43.448142,-88.635419,site,way/991214978
61849,43.090371,-88.910012,site,way/503489087
61862,44.044314,-89.108026,site,node/12941504527
61867,43.933424,-90.821261,site,way/505982358
61877,42.834366,-88.757266,site,way/1391765288
61879,44.397415,-89.855511,site,way/500826985
61880,44.406872,-89.789107,site,node/3856575848
61968,34.200294,-97.167705,uncertain,node/1608318101
62008,40.449150,-76.514250,site,overture/00eda51b-8366-4b9a-8001-9a052eac6de6
62075,37.752201,-99.979950,site,node/2906575203
62097,35.596400,-92.458420,site,overture/996c7f51-1920-4f9e-82e4-92bd24f5228b
62211,40.243790,-104.055340,site,overture/f814add8-b8c1-4b2b-884f-2d8769925e1e
62238,29.713850,-81.507760,site,overture/86f9d070-b2d1-425a-8537-2b5e0c904400
62283,31.865010,-82.589120,site,node/10083245690
62316,42.473654,-91.344636,site,node/10057852381
62355,40.736660,-89.028490,site,overture/902226b7-fbc2-441b-9668-cd936d069a64
62370,42.254120,-88.831630,site,overture/ced303fa-509a-4bf3-bfb3-a7a66a5f28f2
62399,41.721530,-85.813250,site,overture/0fb5b3dd-2db2-48be-8e24-071c621b9102
62467,38.365764,-82.772725,exit,node/162072620
62480,29.468300,-90.325090,site,overture/9b9c0d5e-2363-4e6c-aef8-b90dfb33e777
62500,30.161260,-93.637790,site,overture/62520f10-7e6f-46fa-a367-35090ad13c3c
62547,45.021180,-84.677378,site,way/840364456
62550,42.136775,-83.387012,site,node/3430870369
62559,42.911385,-82.505683,exit,node/185952120
62560,42.882971,-85.074158,site,node/4146890256
62701,39.692603,-79.100464,site,way/220735020
62710,45.831990,-109.961690,site,overture/08261776-8835-4ae8-a13f-1278f9ca7f99
62753,46.876560,-96.903600,uncertain,overture/441188f0-fde5-4d35-a3c0-f54205cdf80b
62768,42.800210,-102.203900,site,overture/74060ef0-8834-481b-9703-18b6226d9490
62790,40.841390,-73.996070,uncertain,overture/6cdd1036-4b3f-4732-a3a0-f7854c6f68c2
62800,40.509546,-74.389292,site,way/204706681
62817,35.291635,-84.817199,site,way/226609164
62824,39.614646,-119.216699,site,way/520499022
62841,42.590788,-76.133203,uncertain,node/4432338049
62844,42.799242,-76.121455,site,way/163717489
62850,43.238910,-73.686940,site,overture/a083e7e5-2821-4171-9230-8450aa578dd2
62887,39.314449,-84.464093,site,node/9900889899
62911,36.940500,-77.735170,site,overture/ca51e37e-17f9-4015-9108-f922e0286dfa
62918,41.284565,-81.440085,uncertain,node/5072117533
62991,41.356320,-75.376300,site,overture/609edf4b-1b91-41d1-af81-455ae91d4e8f
62996,40.556800,-78.111150,site,overture/06b471f8-5c36-4f90-b9eb-d6f68250d6fb
63018,32.890234,-80.012729,site,node/3000032466
63126,29.496497,-98.198435,exit,node/149496869
63193,38.719405,-77.806602,site,way/1091595537
63211,48.416549,-119.510779,site,node/2653073926
63246,42.725583,-87.955957,site,way/158305465
63313,35.259566,-90.226171,exit,node/445122235
63330,34.261410,-85.183560,uncertain,overture/f993964f-7323-4655-894d-d47ad2d37add
63336,39.830480,-89.583810,site,overture/f7824c77-2eae-4001-a1d4-7ae4eb8c3ca8
63349,36.696908,-87.454714,site,node/11367132284
63351,37.572772,-84.314324,exit,node/166445690
63353,40.340768,-88.761124,site,way/225052149
63376,44.776390,-93.377020,uncertain,overture/502e2c64-3124-4a17-a3d2-e11c60e6b6ce
63379,39.015010,-94.135000,site,overture/4df6d5c2-6c2c-46e1-87c9-ee38d1d5c87d
63388,35.763212,-78.000182,site,node/11986391314
63391,41.101474,-100.726342,site,node/13443771149
63409,43.000777,-78.406933,site,node/358133748
63428,35.475956,-95.538630,site,node/12327624251
63442,36.026500,-87.171910,site,overture/33502eed-9b7a-4a50-b8c0-bb4cf36961e1
63455,39.290605,-78.086593,site,way/220739938
63456,37.195515,-77.467333,site,node/9267789475
63495,33.215286,-97.582795,site,way/501095047
63498,36.070340,-79.351170,site,overture/48c62362-df04-4672-bd52-7a2178bbd8cd
63500,43.348666,-83.859372,site,way/836154451
63501,40.230663,-77.144399,site,way/217788215
63502,35.595820,-97.436580,site,overture/59893515-fc69-43e6-a81d-3c112ab9f87b
63506,44.536459,-89.549685,site,node/6032271140
63509,34.390220,-83.227350,site,overture/fe3d23ef-b090-458d-ba00-1ac074f7a0f5
63510,34.345329,-79.534435,site,node/4782121832
63511,33.269264,-80.567149,site,node/6394718385
63512,35.339628,-81.876912,site,node/9374999534
63516,38.760653,-78.631758,site,node/4728938335
63517,33.586350,-86.124304,site,node/12307861848
63519,38.443664,-81.831120,site,way/1023123841
63522,36.178647,-86.299413,site,way/291650441
63523,34.538040,-86.910470,site,way/236742059
63524,31.959464,-83.746825,site,way/236479358
63530,30.005180,-90.032460,site,overture/f8335eb4-2f89-41e3-988c-a5697ea9723d
63532,35.740900,-95.307970,site,overture/9ca39c50-4a59-406c-9c47-6aa5dbb2d1c9
63533,43.662071,-116.654736,site,node/9225653472
63538,44.635190,-88.042770,site,overture/9936b5bf-8908-496c-bb1e-7433941a6114
63540,32.658156,-83.745619,site,node/9648378214
63545,35.156855,-81.478890,site,node/11670175018
63546,32.938700,-82.811300,site,overture/9a13b17f-1ba0-485a-bb6a-c946e7aa1418
63563,31.035999,-104.829532,site,way/268167133
63564,39.973767,-83.100081,site,way/229324194
63565,32.944013,-112.733305,site,node/914190265
63566,30.414495,-91.223692,site,way/1147088251
63568,38.416392,-96.224911,exit,node/121289868
63569,41.497510,-95.344960,exit,node/160723323
63570,40.999193,-81.997750,site,way/225055246
63571,30.060156,-89.938828,exit,node/115940871
63572,34.728323,-114.315995,site,way/223539704
63574,44.025401,-116.952471,site,way/261971331
63575,35.422561,-96.295766,exit,node/147433554
63577,41.460776,-88.272069,site,way/264009002
63580,42.459770,-92.252340,site,overture/c2c99c41-5bc9-4b01-9c5f-bae9a36131a2
63581,38.139688,-84.529600,exit,node/163417755
63582,41.410260,-97.376210,site,overture/b9291209-9b7e-4a81-ae00-4c6569cc370a
63584,33.718945,-85.029168,site,node/6533962509
63586,36.163488,-95.343394,site,way/226286188
63587,38.823681,-97.638162,exit,node/25145976
63588,42.724172,-87.951767,site,way/514274267
63594,36.678420,-87.405215,site,node/12125460173
63595,40.697841,-84.089366,site,node/7799423090
63596,36.227520,-89.725360,site,overture/bcdca2ef-c693-432d-88ab-413e94771ea4
63597,32.342725,-108.681197,site,way/231124846
63598,43.797230,-90.050560,site,overture/179e9c26-84c3-43ae-a00d-a8bdbdb08c63
63599,40.745353,-111.949155,exit,node/5793152138
63600,32.273170,-90.192640,site,overture/33f2aa1b-8caf-474d-9f78-806bf56a9dd4
63601,32.727253,-97.825123,site,way/320321661
63602,34.946474,-104.637647,site,way/226328495
63603,31.259640,-94.746960,site,overture/311ffa90-af1d-4ebe-81b6-6a705f367775
63604,29.655400,-81.656460,site,overture/348739e0-33e4-4cc2-a4da-872a51929bc5
63605,38.156225,-85.067714,site,node/10075493296
63606,40.032060,-86.471770,site,overture/479ccb98-f04e-4b2b-9ba5-e3d664b7e73e
63607,43.963780,-90.375500,site,overture/4f90f5ba-b83a-4e63-8c00-a621c31ee82e
63608,42.280459,-89.242184,site,way/766383726
63609,42.238433,-89.033563,site,way/827484724
63612,27.448950,-80.397780,site,overture/d22ee8cd-abb9-4b97-a53a-2fa8915b9262
63613,32.341281,-108.677056,site,relation/21083112
63614,40.114540,-85.573170,site,overture/344606ed-1b2a-45d9-9e91-814e57ff26f0
63615,37.086300,-80.649830,site,overture/ae6e5b74-797f-4f7e-b7b6-fcc30f1d54a6
63616,42.393631,-83.761293,site,node/1615932043
63619,32.507930,-92.192457,site,node/10945137308
63620,32.279930,-90.155190,site,overture/26787c31-8057-4e27-bbbb-c6829693f116
63621,32.789000,-96.653840,site,overture/8074bb31-469d-459e-9397-700df801970d
63623,27.413940,-80.400070,site,overture/4c5cd578-f644-48a3-8de8-52cd684c75c7
63624,30.250495,-92.267987,site,relation/11846686
63625,39.684140,-75.485060,site,overture/39135606-be1c-4a23-bc0e-6ecc8d46c98a
63627,34.468101,-89.006723,site,way/236750655
63628,30.872870,-88.047000,site,overture/302b3ba9-4afd-4a22-8322-0397998892ef
63629,44.578619,-91.210241,site,way/659697678
63630,39.778522,-104.899373,exit,node/6056447700
63635,39.001446,-96.863517,site,way/221900754
63636,31.432170,-110.961970,site,overture/7c9c2df7-5251-458c-be6f-47dea98f27b8
63637,39.959439,-83.370161,site,way/221628742
63639,39.449314,-87.120128,exit,node/179069338
63640,38.087354,-83.906506,exit,node/167210112
63641,28.010148,-82.303333,site,way/226885966
63642,35.113045,-92.441736,exit,node/447565824
63648,33.408750,-84.166230,site,overture/6cadacba-694a-4d0d-b338-aa45c5378d21
63649,31.034302,-82.761190,site,way/369172093
63651,34.006840,-83.346880,uncertain,overture/fd96e7e0-b3f6-42ea-a03e-df17b399d74f
63652,42.246811,-91.889613,site,node/1781215475
63653,42.086753,-110.947979,site,node/6556592496
63661,34.928751,-89.793062,site,way/230879553
63662,32.612774,-83.744557,site,way/236476511
63667,33.285930,-79.693920,site,overture/c849c379-a63c-472d-8d72-2e2d5c251870
63668,33.632580,-80.879140,site,overture/6e8d80c2-9990-4af0-b31e-42f7945468bd
63669,32.591300,-96.680450,site,overture/a34f3bc3-91c1-4aa8-a36b-7abc3e923076
63680,43.121701,-71.480737,site,way/220502426
63690,33.828827,-93.395215,site,way/224315972
63691,30.376680,-83.294650,site,overture/d136be80-7656-43c9-af2f-77cb5156c25f
63694,33.485520,-89.770290,site,overture/a935814d-55b2-402d-bb1d-fb1a6874de68
63695,33.719280,-85.026460,site,overture/14983863-6dab-4a94-8d2d-e7d081d2f480
63697,37.097630,-76.459500,site,overture/910c6f4f-1fb1-4097-9499-0629e9d9d8ec
63699,41.807341,-90.545178,exit,node/611653948
63700,42.501750,-83.535420,site,overture/b10ee619-b1b5-409f-b8ad-192ab8e65d28
63702,38.184730,-85.698960,site,overture/358ffc2d-c36f-4412-bed9-f48eae3aff70
63703,39.915970,-83.031750,site,overture/6cf3501f-2ee9-4818-bb8b-cbf8f96aec97
63704,39.290286,-84.424578,site,way/203976733
63706,43.108960,-88.060030,site,overture/d095c783-e880-4416-b2a0-3224e682ba52
63715,40.836435,-111.934102,site,node/12197868154
63716,42.170633,-89.023906,exit,node/237530075
63718,41.933579,-89.034829,site,way/223480684
63720,33.460910,-112.205449,site,node/1660172680
63721,27.774700,-97.667700,site,overture/c083cbe8-fb86-4f10-b50c-69c37190fb2a
63722,30.445530,-91.242690,site,overture/929fc108-d8df-4e85-9c71-aebc28b07e2f
63724,35.679291,-88.741952,site,way/226611047
63725,34.274476,-84.807073,site,way/226929752
63726,36.161925,-95.832574,site,way/99402458
63727,42.101542,-75.835346,site,way/217816928
63728,41.619583,-90.784601,site,way/221387540
63729,40.739452,-114.066462,site,way/264209941
63730,39.737755,-81.527451,site,way/220778072
63731,30.253228,-93.013428,site,node/8452005342
63732,32.806600,-111.671910,site,overture/d99acbd9-1f0e-4a66-abe0-e7120c1af6c9
63734,35.284665,-77.588873,site,node/3178300767
63736,31.063722,-104.501980,site,way/1005048575
63737,30.242340,-92.192670,site,overture/063b9ba9-3c94-4b64-8a73-d7930a09745e
63738,40.247540,-96.745530,site,overture/a542b639-af6a-49ab-8b5e-df8f8340db07
63740,36.679860,-79.373090,uncertain,overture/5d8f47d1-ce54-4317-bdd7-ea8918983b48
63741,37.345748,-77.344001,site,way/552178615
63743,41.314352,-75.755362,site,way/220654390
63744,36.692590,-87.451804,site,node/3897624258
63745,38.174450,-87.549170,site,overture/8aec012a-c345-4377-a46d-0d8ea45aeaa3
63746,35.078010,-81.703108,site,way/236635039
63747,38.457724,-85.299112,site,node/5653515521
63751,32.279860,-90.197340,site,overture/b6ab7f03-ee7a-4c6a-894b-c173015bd5a6
63752,41.139415,-80.717578,site,way/316616891
63753,34.558793,-84.935985,site,way/429774374
63755,35.404638,-94.521660,site,way/265529438
63756,33.523485,-82.033808,site,way/236473286
63759,36.707448,-94.929061,site,relation/12751235
63760,29.609420,-90.668100,site,overture/7d2b1f83-4d62-448f-8550-dfafa0ab3dfc
63761,45.220609,-93.600319,exit,node/489794720
63762,41.250990,-87.831200,site,overture/f1976673-fdbf-4e7b-9343-4553633b4fd9
63763,41.368625,-89.097840,site,way/230774785
63764,31.728544,-96.182757,site,way/225725165
63766,41.798392,-83.694140,site,way/796722330
63767,33.738000,-101.839890,site,overture/cb97b544-3141-4509-add3-70293cca46f8
63768,39.003207,-93.734717,site,way/555000321
63770,41.790053,-80.855915,site,way/220780610
63771,42.470210,-93.571890,site,overture/9a9d0781-ad5b-4429-b47f-6f9d624d4957
63773,39.216952,-94.477862,uncertain,node/12635846601
63774,39.634059,-77.806827,site,way/225803787
63775,42.493414,-88.999175,site,way/827484727
63776,44.166339,-93.964609,site,way/1117657727
63777,44.139506,-93.252541,site,node/5143809150
63778,45.010686,-93.004008,site,way/1467685444
63781,39.557942,-82.957773,site,node/12125481416
63782,38.426980,-95.729470,site,overture/eab8f85f-e139-4e9b-bb4f-a9034ddd1e16
63787,30.452120,-88.933744,site,way/165891523
63789,41.288615,-87.295137,site,way/230775840
63790,36.108649,-83.334179,site,way/930319365
63791,31.455829,-97.171988,site,node/2966950532
63792,29.266579,-82.188966,site,way/224604315
63793,36.433877,-99.395427,site,way/995763950
63794,33.116448,-95.633837,site,way/268086138
63795,36.445410,-103.180020,site,overture/73422589-f04c-4a7d-8966-278ca5cf1683
63796,36.077240,-79.225140,site,overture/670ae794-a9b0-4d52-ab63-799a4f4e7635
63798,36.770790,-81.779310,site,overture/a20bda26-ea0e-4169-9997-fcb97fee8604
63799,35.305632,-95.588110,site,way/226291360
63800,41.236577,-73.022538,site,node/11146674117
63801,39.156410,-94.476550,site,overture/8b78655b-69db-4fb6-a8a7-200bff0f7033
63802,35.242600,-111.567160,site,overture/58e7f72f-511b-43e2-a652-137b3dfca227
63803,35.512920,-94.114420,site,overture/e8b23742-0289-4b14-9389-fd352d307a55
63805,27.748710,-98.111640,site,overture/bba2635c-3a0b-4178-a7de-387b01d34f4e
63812,37.598707,-85.871703,site,node/260198095
63813,29.434310,-98.396690,site,overture/7d31c6af-482d-41b2-b83c-ee6dfcffd4bf
63828,34.217890,-86.157080,site,overture/ecc1eb00-c6f8-469c-861a-8bd69f7dec3f
63829,33.103000,-86.742310,uncertain,overture/3e23a731-f42f-4325-83a4-fa1bae019950
63836,34.801013,-91.745710,exit,node/452613303
63841,33.270000,-93.239270,site,overture/2db57a8e-4bec-49d3-abc0-3c3f885d4fb9
63848,33.477630,-94.007800,site,overture/f3a56623-a215-45be-b3d4-7883f2f8811b
63850,35.238239,-111.821956,site,node/11076238346
63855,31.962305,-110.345055,site,way/188242058
63856,34.327087,-112.118101,site,way/1525040505
63870,39.798740,-104.904260,site,overture/638b593c-fcc9-450e-9fa7-c6cebdcc5116
63871,39.153850,-108.738900,site,overture/dab25ab0-5901-4a19-b7c6-cad85bf1922c
63876,28.304808,-81.445369,site,way/309356613
63887,34.378955,-84.907193,site,way/1019867857
63893,33.624550,-84.408020,site,overture/c0a4e806-ba28-47b6-b745-7fbf5fdf9b2f
63894,34.176263,-84.793170,site,way/474283351
63895,34.765790,-84.753840,site,overture/556701c4-d2c1-46a2-b1a6-1f5cb3e00121
63904,31.995700,-81.150010,uncertain,overture/1b9a1459-a3c4-4101-8156-ec305a11b840
63907,34.153091,-83.650622,site,way/388532462
63909,30.830934,-81.667919,exit,node/66724233
63910,32.795697,-83.569913,site,node/9907063191
63912,30.759652,-81.655967,site,node/10010181374
63914,34.394360,-83.691150,uncertain,overture/4576df0d-c0d8-46e5-8044-1221d5087020
63915,32.526529,-84.961597,site,way/958410999
63922,30.839040,-83.944510,site,overture/9d96d56a-e65d-430a-82a5-2600ef8588f5
63925,30.754173,-83.272852,site,way/236502829
63931,34.418590,-79.415790,site,overture/5e755271-a9a6-4c68-81ab-a2c560c2eeda
63937,40.688640,-95.791850,site,overture/bb063bf1-3e19-4a1b-b657-a49e74794830
63938,41.027390,-95.234140,site,overture/8f02af0f-9156-40b8-b26c-85d7f642f3f1
63942,30.042230,-89.898390,site,overture/1d412410-bda4-4682-bcb3-1fb924211fce
63946,41.482430,-88.030040,site,overture/1dc3cc76-20b8-43c0-81ec-85455a5c7096
63955,39.732092,-89.924505,site,way/264217597
63957,39.160110,-86.552250,site,overture/d68cc435-6b2f-4c9b-b27b-f218f46a57dc
63959,41.832351,-88.201719,site,way/155934567
63960,41.365790,-85.085190,site,overture/bb92cd89-d014-4758-9fd1-1cdfcb5b1468
63962,41.689816,-85.963562,site,node/2826454202
63964,29.310700,-98.618040,site,overture/124d3a2d-a829-44dd-9e73-da52e50005ee
63965,40.262070,-86.650750,site,overture/1221ee66-e903-41eb-b769-5f3deca6b880
63966,41.113140,-85.177230,site,overture/bfa0b4fe-639f-437c-b63d-c4b588ff9365
63972,41.746960,-85.328580,site,overture/0b990940-0151-4e1d-86c0-48b17d72ca92
63977,38.238391,-86.361948,site,way/652140660
63978,41.755440,-85.678180,site,overture/9a5ec8d1-b4ea-4efa-af26-d7c07e4bb933
63988,37.606120,-95.887410,uncertain,overture/dc318486-a7b5-47ba-9839-7dca7c739312
63990,39.750850,-94.872500,site,overture/b514a5e1-d724-4240-820c-9e54ce3dff25
63992,38.260350,-95.247890,site,overture/951421ca-38a6-4475-99f9-65e7b8c7de81
63994,39.020890,-96.817700,site,overture/328e8561-0e4c-46f3-bc2d-b7271c74ab1d
64001,37.637250,-96.252550,site,overture/6908fa35-5b8f-4ac6-8109-fc99d963e5b7
64002,37.829207,-85.723758,site,node/8584505731
64003,37.352360,-86.896490,site,overture/42533d10-55b9-43bd-aa8f-db75adee34df
64016,37.199673,-86.704546,site,node/6058634603
64020,31.345270,-92.518030,site,overture/ed55b946-23b6-41fd-8c42-bb65fde5679d
64021,30.716650,-90.566910,site,overture/6b9937ef-6313-4bf1-9500-1b9fa9c21017
64028,29.953340,-91.997120,site,overture/08926cb8-a742-4d49-a22c-c27c33619a07
64029,30.170102,-90.871203,exit,node/114662946
64030,29.875710,-90.014760,site,overture/e2d50f81-523f-4fd9-a889-ba4ff7f96a8a
64034,29.740718,-91.438614,site,node/10944133361
64040,30.253457,-93.015027,site,node/4169753065
64042,30.082040,-90.453760,site,overture/d746e063-c363-4e40-b0d0-45e56e843d3b
64043,32.117165,-93.605878,exit,node/115185981
64044,30.028920,-89.932400,uncertain,overture/8fc8fa4a-96b5-4c2d-afb1-a959d9d88d71
64045,30.494370,-91.265080,site,overture/e846207a-7ed6-4add-a7a0-ccb943058b99
64047,30.466190,-91.133020,site,overture/5c35d7bd-1d7f-47b8-aaf2-b447a019791f
64048,30.453910,-91.247220,site,overture/f1271101-c01e-4adb-9a54-df493fba6eff
64050,29.894480,-90.127880,site,overture/9814bf6a-9b8e-44af-871d-b25ca6998fdf
64058,30.151360,-93.635860,site,overture/bf0ea7ce-96cb-4c8e-8c57-1418f78a7f0c
64060,32.871800,-93.986870,site,overture/3fd47e04-f302-4a05-8ea6-62e055c8ca83
64063,42.162481,-71.899710,site,way/214962103
64069,38.685739,-76.872718,site,way/486417968
64072,43.379040,-84.608610,site,overture/b125c54c-7d56-4bdc-8d13-05411a214b9e
64082,42.983580,-83.928393,site,node/8116461720
64083,41.797380,-83.692190,site,overture/3c759de5-345c-4b91-bb1f-c334884f10a6
64084,42.266450,-84.623360,site,overture/6d3c2619-c6d7-48cb-bac7-2e19bc0629cf
64085,42.253990,-83.308904,site,node/8067618385
64087,42.494330,-83.028300,site,overture/a5a68b3b-c3ec-49cc-bf8f-f4d36b4dc3fd
64091,45.975010,-94.335320,site,overture/5a78d514-89bb-4436-a2b0-fbdbe568b146
64092,33.178834,-87.447012,site,way/221638573
64097,45.121944,-95.046369,site,way/1184584458
64098,43.640540,-95.562950,site,overture/fa3a126c-a6a5-487a-86b8-a866d863e29b
64101,37.250327,-93.219813,exit,node/5305364460
64106,37.006520,-94.550250,site,overture/8d460089-8b70-4456-b236-9d0c5b54cb4d
64112,37.254413,-93.265554,site,node/2751213410
64116,42.799137,-84.733813,exit,node/184075609
64120,46.476434,-89.944022,site,way/831066273
64122,35.159061,-103.703644,site,way/226328543
64124,45.494036,-94.149353,site,way/668014421
64126,47.263548,-93.619572,site,way/706679475
64139,30.923890,-88.509710,site,overture/8877de8e-5aca-4a75-89b0-bc089eb39a7e
64153,35.955965,-78.841765,uncertain,node/9395599063
64155,36.146049,-78.722823,site,way/586982792
64156,35.608431,-78.560999,site,node/7731853170
64167,42.911635,-71.367948,exit,node/194892196
64170,35.156218,-78.719226,exit,node/170227454
64171,34.993000,-78.139320,site,overture/fa69f262-6873-4fda-a8d3-68d4f6e2f4a8
64172,40.968540,-96.426330,site,overture/c6c2a568-1854-4b68-aa88-f6cbe07527b9
64173,40.862327,-96.638129,site,node/12660022852
64181,40.416660,-74.444010,site,overture/e4d78090-c893-401e-968a-894be59a2424
64182,40.822750,-74.029750,site,overture/9a2239c6-8036-4f75-9930-014feafbcc7f
64183,40.560050,-74.264500,site,overture/8fee65e4-4aab-426c-85ef-db3e7acbd37e
64187,35.521516,-105.251935,site,node/2879191692
64189,35.172080,-103.719410,site,overture/4f2771d9-6e3c-4e5a-8ad5-434c8dbd2d55
64195,42.024660,-76.382740,site,overture/fcc4629e-cfbc-42ae-911c-e63d0b3b1052
64201,34.810470,-78.984500,site,overture/76a4c459-0ab2-41ad-a530-144f30e8f00e
64206,40.176290,-74.628690,site,overture/b057e930-a27d-40d8-aff7-f7f8058b23eb
64210,40.551457,-74.409621,exit,node/251270031
64211,32.387970,-104.215100,site,overture/ed03b47c-4a75-4d26-9467-bcefe132eb2a
64215,33.256532,-103.316672,site,way/511358601
64216,42.293442,-76.714334,site,way/1454195784
64218,42.781356,-74.028289,site,node/1557832816
64223,41.292370,-81.671240,site,overture/17049385-7ed9-46ea-a87a-801e7967d9f1
64224,41.291660,-81.675810,site,overture/da4f8dc4-86f2-44c2-96d0-bd20d37fd077
64229,39.980179,-82.485327,site,way/924413154
64230,39.946190,-82.535190,site,overture/f4c6404b-7507-4c25-9ee1-774c13279a7a
64231,41.377440,-82.224910,site,overture/7bd4cc92-594d-4351-a558-5abfd2ea2f2b
64233,39.242256,-84.774411,exit,node/440588341
64243,34.650070,-99.334310,site,overture/30a307a8-5dfe-4624-a764-e2032ac42de0
64244,33.954190,-96.431500,site,overture/fc412ce1-213f-4850-aa0c-f9d3dfc8f730
64256,35.406783,-94.530374,site,way/239829489
64261,35.647565,-95.962481,site,node/4441429083
64265,35.539150,-98.658680,site,overture/b80176e0-e6d2-4c3c-8892-a3f627cc7f9d
64270,40.085645,-74.931140,exit,node/110653156
64275,40.090000,-75.370810,site,overture/2e6705fe-0e3b-476d-a8bf-9ed010f6bd3a
64282,41.062640,-75.748800,site,overture/96e9c7bd-5b86-4a79-819e-9c4b5b823795
64285,35.166014,-81.450970,site,node/651186894
64287,33.749325,-81.525086,site,node/10121672116
64288,34.192365,-80.283028,site,node/7883068916
64294,34.840770,-81.968440,site,overture/99a8b354-33dc-4358-a1ba-1f6fd688ca7e
64298,34.329220,-81.609680,site,overture/f5dcac7a-1b1a-4e5d-bc1a-2150d5f02e38
64299,32.775990,-80.247860,uncertain,overture/430d50fd-2da8-4fd1-8696-0f8ca51d5530
64300,34.840340,-81.969810,site,overture/c679fe53-14c3-4525-8327-f37518efba74
64301,33.819543,-81.449023,exit,node/113389655
64309,33.880471,-81.040949,site,node/8868464117
64310,33.195554,-80.605095,exit,node/112067772
64313,43.544180,-96.785060,site,overture/3b043757-b14f-434c-a2d2-e6f8f5377078
64314,44.007600,-97.387610,site,overture/ece7de14-01f0-49d5-97de-c40d552229f6
64336,43.960908,-90.377236,site,node/993718581
64337,32.183100,-94.339010,site,overture/d5c355a9-4607-45ec-96d0-f5a0c5c4a884
64343,32.612060,-99.814260,site,overture/ed41b28a-4526-4065-abe1-f2db811db135
64347,36.582416,-79.353897,site,way/220906405
64350,28.348240,-98.032200,site,overture/8564964d-95b3-4bf9-9338-3e99b49787b9
64352,30.908466,-102.883836,site,way/1007531983
64355,31.706139,-98.122880,site,way/760628089
64360,28.112380,-97.819640,site,overture/af944102-412e-4184-9f6e-6a1ce5b88294
64374,33.955257,-98.603773,site,way/1080638610
64390,31.971077,-102.079053,exit,node/227125423
64393,29.669603,-98.161249,exit,node/150138210
64399,34.723250,-100.533500,site,overture/87b3c229-4588-40f8-bb10-46ddd15fcbed
64407,27.359210,-98.123160,site,overture/7fab6c88-4600-40ff-823f-830cfd892fbd
64408,29.217910,-98.414235,site,way/1160011616
64409,29.343604,-98.551312,exit,node/1356002179
64421,33.430900,-96.350430,site,overture/45378acd-5b19-41ee-bbd6-72dad98e709c
64422,30.112593,-94.043544,site,way/997033348
64423,29.279730,-98.668740,site,overture/931fbf91-6ec3-4b7c-9e98-955e27e4f205
64430,41.710880,-112.202180,site,overture/c0743fb3-0bde-46e3-9e38-af1d6227f20f
64435,36.581690,-79.349192,site,node/6515249636
64436,36.712512,-77.572336,uncertain,node/12451017962
64438,36.675107,-78.926771,site,node/5497869217
64441,36.770020,-76.606480,site,overture/bdd4a3a2-1878-4394-8dc4-4d181e22c799
64442,48.852790,-122.573580,site,overture/1544709c-b6cb-42e5-9eb6-91f4d70ef8f1
64445,44.249920,-91.478050,site,overture/305c5646-fd4d-41f2-b3af-8292d9b05c48
64446,42.524310,-88.985163,uncertain,node/9206357192
64447,44.729812,-88.446553,site,node/976490025
64451,38.000780,-75.540989,site,way/976727708
64455,38.066239,-78.877378,site,node/3137211147
64463,44.427637,-89.515502,site,way/651624773
64474,37.000053,-91.704829,site,way/1425481621
64477,35.642600,-82.040160,site,overture/d9ada70c-1508-4a34-a581-7415d448747c
64478,41.269126,-110.941366,site,way/235560248
64479,42.006610,-92.885340,site,overture/13b7799e-840a-423c-af8d-5d261111402f
64480,38.005710,-100.884990,site,overture/8f8cfc44-b7ab-45e5-9f5d-c0b007d754bb
64481,37.013200,-94.543990,site,overture/e8e92097-a65c-462c-89a2-10322610004b
64482,32.603815,-90.072448,site,way/225871274
64484,30.654040,-87.759460,site,overture/8b2362ea-cf7f-4546-87cc-e2543511a4a5
64485,32.642140,-96.780260,site,overture/6183a33f-9918-43e5-b58f-97624ca83b10
64486,33.543996,-84.581887,exit,node/69137668
64487,39.149244,-88.531433,site,way/1289022151
64488,30.293900,-91.914550,site,overture/612bf43e-3b61-43ab-b097-c8732db01aea
64490,33.752510,-84.492680,site,overture/c4f3f147-75b6-464f-8742-fd0624751010
64491,41.591700,-87.636200,site,overture/cdc629e1-970e-4ec8-b232-db1d5334517b
64492,39.806290,-86.044940,site,overture/1299bd7a-d27e-4482-8f83-13fad71ccf6e
64493,38.946910,-94.756300,site,overture/effb8a36-d553-473e-b647-11422a7643ca
64494,42.265273,-83.174568,site,node/8636264929
64495,42.378025,-83.403383,site,node/8635718650
64496,42.233389,-83.318839,site,node/8615392936
64498,42.528552,-83.037428,uncertain,node/8495369598
64499,38.778110,-90.458150,uncertain,overture/489854e6-5e6b-44fe-914b-749c338ff926
64500,39.128570,-94.500530,site,overture/523c880e-2ea4-41ce-8556-5f7eb3b36ba3
64501,35.277690,-80.814000,site,overture/82510361-33fd-458c-b070-e3932d2ddc49
64502,40.008950,-83.123540,site,overture/1df7f106-304d-4eb6-b294-8b1b8a34e8b3
64503,41.721770,-83.519570,site,overture/152b264e-6799-4177-93c0-7c633e238489
64508,43.061150,-89.497510,site,overture/83365459-d8bf-43af-bbec-16ba008c225d
64509,42.935300,-87.926730,site,overture/dc812a1c-c1e3-4ca7-84bd-68b3d3ff9c84
64511,43.104320,-87.986070,uncertain,overture/6134c7c9-e9ef-458d-b053-1f9b9ef98bd4
64512,42.994540,-88.122400,site,overture/e8be36a3-a273-44cb-86a9-8fc30aee1f2c
64514,31.997132,-106.586203,site,way/236124449
64517,44.954870,-92.377940,site,overture/714111b6-7a1a-4bff-8a1d-efc006bf9a25
64519,41.085798,-75.963407,exit,node/155220102
64520,39.871247,-84.932996,site,way/225345411
64521,34.005047,-94.740145,site,relation/13000079
64525,41.128731,-80.769027,site,way/220782794
64526,35.882195,-87.801010,site,node/2881918876
64527,38.457724,-85.299112,site,node/5653515521
64528,35.272804,-81.496627,site,node/6684326078
64529,35.196249,-101.741403,site,way/220362345
64530,33.560772,-83.478382,site,way/226931347
64532,33.210880,-84.056763,site,way/219842526
64533,32.960290,-97.349110,uncertain,overture/d3b676ad-3617-4e98-ad92-c35852456c2c
64534,43.477820,-70.494440,site,overture/ad7edeb5-1c8e-4d06-9896-a8ae8ff69e7c
64535,34.346820,-83.321780,site,overture/41bfabef-4b4e-4bf1-8370-b2789f12e31d
64536,42.675740,-114.440780,site,overture/d3eae1a7-de7e-4a08-8fa7-07eb97815365
64537,31.507946,-97.145713,site,way/236134445
64538,41.604737,-87.114721,site,way/229477116
64546,34.272767,-85.880623,exit,node/55420380
64554,34.775380,-85.893267,site,node/10778298020
64558,32.343350,-88.798310,site,overture/6a7334b6-f35d-4cb8-85cd-0b1a39e7ae94
64569,30.742143,-88.110386,site,node/12187064869
64571,36.278020,-115.026570,site,overture/ff0a31f7-63d9-46de-86d1-05ec5568a4a5
64572,33.265864,-87.602628,site,node/13828141770
64578,32.453397,-85.013313,site,node/3217291862
64581,34.118881,-86.395097,site,way/1153488283
64592,32.844488,-86.591517,site,way/220383382
64595,30.485280,-84.421404,site,way/230492899
64599,34.951591,-92.060654,exit,node/474729175
64600,35.456871,-93.483509,site,way/1350812373
64617,35.698531,-90.047965,site,way/1561409255
64647,32.549230,-82.875020,site,overture/11e91efc-4b88-4ae2-bc14-981cec36f7cf
64648,33.759450,-84.539040,site,overture/077f08e7-bb61-490d-9ead-eef90e23202f
64651,39.773820,-86.215940,site,overture/e05a4a89-cf5d-4155-8d65-1f33f7312e1b
64654,30.214235,-90.950723,exit,node/114666512
64655,36.060657,-79.662457,site,node/5772086398
64656,35.236670,-80.858850,site,overture/a16adc91-6e4e-4f54-9a6f-d3902d766489
64660,43.007580,-88.202520,site,overture/f84d16ca-6179-4442-b71e-09b0be8a655e
64662,43.083437,-87.967545,site,node/12269118183
64664,40.626790,-89.465070,site,overture/3794f971-5e29-4fbd-be30-e1fb320317f4
64671,44.295438,-90.829355,site,node/597551581
64672,39.851512,-85.413382,site,node/12163118084
64673,41.535470,-86.895830,site,overture/a9f2b507-61cc-4b3a-9e20-002e06fbd358
64674,41.664639,-71.913009,site,node/9241495073
64675,38.941740,-91.939510,site,overture/39049136-b8f1-477d-9dcf-3262622f444a
64676,35.461830,-97.688020,site,overture/b0b6f6c0-7b20-422f-98c5-a262fd342c27
64677,37.339630,-84.300930,site,overture/5a716f55-2b8a-49a7-abaf-7c9da9cd7c9a
64678,41.291940,-91.535860,site,overture/937d144d-333c-4749-baa9-9844918d47d1
64679,34.608366,-92.533716,site,way/264987548
64681,32.738136,-111.549354,site,node/4719302865
64682,35.265402,-99.641279,site,way/235554989
64683,33.780619,-84.536936,site,way/293643826
64684,39.697480,-86.187990,site,overture/c00c638a-1f63-471c-8747-60fda2bbcc90
64687,34.655596,-84.981018,site,way/236484271
64706,31.201980,-87.310560,site,overture/50991a47-5a7b-42b1-b876-3b3bf27bd63c
64712,31.211200,-85.428130,site,overture/d459f9a0-b4c1-4ccd-a709-4192e002dfc7
64713,31.292590,-85.864780,site,overture/58fbb8b9-b76b-4c40-aab5-68583b265648
64715,32.438250,-86.474452,uncertain,node/12361426509
64718,31.937802,-87.737894,site,node/4234435147
64719,32.820150,-85.211012,site,node/894539573
64721,34.911904,-91.195590,site,way/1130257130
64723,33.901290,-91.493190,site,overture/5f43e56e-b6e5-4646-b60d-06af0c895a5b
64724,35.997760,-94.198460,site,overture/8b9b7af7-be8e-41a0-adba-afe41c7f1e19
64755,38.939198,-92.773636,site,way/554602289
64764,40.022610,-107.957240,site,overture/f96880be-3ce1-49d8-bf20-db5b187454f3
64765,40.618163,-103.182912,site,node/3780511308
64773,39.423030,-75.762480,site,overture/dc187bba-3ecb-4925-b8e8-f2b2e899add1
64775,39.621313,-75.642102,site,node/466888051
64777,26.529280,-80.076590,site,overture/aeb5bdb9-f73e-47c8-9db2-f32a88d14f0d
64779,28.522777,-82.303630,uncertain,node/2664345630
64789,25.771170,-80.214920,uncertain,overture/28cc665c-ccf5-41f6-baba-10ae44ff033f
64793,30.037592,-81.897854,site,node/2064931291
64795,28.509636,-81.415881,exit,node/12350432675
64798,26.783885,-80.101375,site,way/314810884
64803,27.966220,-82.413810,uncertain,overture/a3e9a72d-69f9-4677-8206-5ec4740c475c
64815,32.317500,-84.518080,site,overture/ba072c6b-6cb6-4ffd-92f0-bbe67463e38f
64819,33.670670,-84.340130,site,overture/89fd4242-a832-482d-987d-937de3680939
64820,31.040560,-84.876339,site,way/1080460239
64831,31.928269,-82.679101,site,node/10083302056
64834,31.184420,-83.810550,site,overture/d65c50ca-e46d-4b7a-ad26-de903d806f84
64840,34.012812,-85.046871,site,way/827802335
64842,32.433526,-81.780824,site,way/457277402
64843,32.375120,-81.844610,site,overture/8f0927e2-5824-4a3f-aac3-467bf07e20bd
64850,32.868638,-82.394861,site,way/1006241842
64856,41.361000,-93.789780,site,overture/b6dadf59-597a-408b-a146-25ded192b2c8
64859,41.645030,-93.578760,site,overture/b50e53ea-b48e-4022-ae65-b71d2be35ea4
64860,42.512609,-90.720842,site,way/998220890
64863,40.623650,-91.377430,site,overture/77a52864-6f1e-4337-9957-a21ef9a0be68
64868,41.007400,-91.170520,site,overture/acc0b6f7-d542-4b57-9373-841df0eaa707
64871,41.391110,-91.073240,site,overture/e0e38258-974d-4a29-b1db-2e848837e46f
64873,42.026210,-96.125730,site,overture/50a90662-70b5-495b-a6a4-abb55ca34d58
64874,41.030360,-93.765330,site,overture/8c01cb2d-7ad3-408d-874d-2e70890b8361
64875,41.403496,-92.917199,site,node/7402759717
64876,40.690220,-95.792420,site,overture/05268c3e-c355-492e-a807-696ce531aa84
64877,41.488818,-91.547237,site,node/2826175726
64880,43.423015,-95.109241,uncertain,node/4852307179
64881,42.749573,-95.150191,site,way/1096401984
64883,41.494269,-95.221741,site,way/1191325322
64886,40.716640,-91.227350,site,overture/dc3688b6-66ea-46b8-9a7c-6c7bef6df71b
64887,44.735480,-116.432590,site,overture/03537ab5-9f7a-49c2-aa5e-a92f5d990021
64888,45.927230,-116.131680,site,overture/6ca2ffe8-15f9-47a0-a465-4eb47f5a1719
64892,43.674720,-116.911700,site,overture/7ff32417-c6f7-47cb-8fb3-9b74b9f8e55a
64894,40.474272,-88.984745,site,way/809628876
64902,40.392730,-88.872330,site,overture/85c57f38-f288-42f1-ba0e-06138b9c8302
64907,40.627450,-89.275580,site,overture/7ca632d0-e9fb-4543-bdf2-782a376e89bc
64913,40.458257,-90.647149,site,way/1201236797
64914,39.356817,-87.888079,exit,node/234078022
64920,41.910501,-89.069374,site,node/13417247207
64928,41.737233,-87.884361,site,way/1029292930
64929,41.180002,-90.332569,exit,node/466936776
64930,41.990110,-88.030901,site,way/1365376639
64933,40.814120,-84.938420,site,overture/c741c2eb-647d-401f-9e2e-4cafc6f9362d
64946,41.435828,-85.053400,exit,node/501480852
64949,37.922640,-95.384210,site,overture/dd31771f-92e9-4a11-b17e-96e18e60c1cc
64950,39.848973,-95.527532,site,node/7644987584
64963,38.400640,-96.533740,site,overture/98a2cef7-f763-43d2-8c4f-2528c78b8b39
64964,37.477220,-100.871610,site,overture/76c42a3c-cfae-4796-8930-c227fce08fe7
64969,37.320530,-85.356830,site,overture/e156cd64-609a-4131-bd5f-a5bdabf7906d
64980,37.187470,-82.903370,site,overture/acdd4abd-43fd-4bd1-a31a-a8a1f34f82ed
64982,38.632660,-83.797100,site,overture/ee326d16-8a7c-4081-98ed-40a072b3c2fe
64984,37.958138,-84.388629,exit,node/163419558
64998,29.686090,-91.255690,site,overture/ec277689-e396-4033-9779-5c648cf0d84d
64999,32.545930,-93.635850,site,overture/77296d27-0634-4923-bb79-35173446edcc
65000,30.296506,-91.911556,exit,node/123755021
65002,30.065781,-91.937555,site,node/11810385963
65005,32.520480,-92.327320,site,overture/8e6ce958-5352-4854-9126-a7a9b1e3d481
65007,30.068020,-90.686240,site,overture/c0358e77-768e-43c9-ba3f-d761e4bec1bc
65008,29.681834,-90.758641,exit,node/124030678
65017,31.076730,-92.053760,site,overture/6774e4a7-e6b9-4eb4-b243-f5be1593deb1
65021,30.532240,-92.129550,site,overture/f2207377-66a8-473a-8f98-ab5142c9fe3e
65022,29.705980,-90.621020,site,overture/d69600ef-4d03-4b7f-aa44-9d4ae44cec58
65023,30.243532,-92.269334,site,node/2622998444
65026,29.973170,-90.299330,site,overture/563a2277-233f-43d1-b53b-4885b9591919
65033,40.833566,-83.964455,site,way/229320512
65036,32.434100,-91.415760,site,overture/5e40c694-2af8-42fa-988b-35ab064f314c
65037,32.486786,-92.154738,site,node/10968172543
65048,42.544597,-71.874476,site,node/747885287
65059,39.277891,-76.554720,site,way/232975785
65062,39.625547,-78.012496,exit,node/103017819
65064,39.615748,-77.692890,site,way/188893108
65066,38.629000,-75.859315,site,way/737748090
65067,38.365880,-76.968080,site,overture/d46ea899-1645-44bd-9489-e7584dc86cf5
65069,44.034510,-70.267820,site,overture/69c2a317-d1ee-4aec-9924-4c72bd2a1c35
65074,45.596950,-68.499980,site,overture/f6f75f19-defa-4393-8ba5-a8dc31b529b0
65075,43.685590,-70.328580,site,overture/b9e86468-5072-428f-844a-4355e8b85486
65083,42.170671,-83.246624,site,node/8590444611
65084,44.202310,-85.406500,site,overture/9fa95767-4bc2-4375-aca1-82e515b6e9a2
65091,42.351990,-83.157710,site,overture/ad4ba9c9-d740-40e3-8092-10637b5280be
65092,42.327345,-83.157245,site,node/5575976082
65094,45.027188,-84.692022,site,way/840364500
65113,43.888580,-85.523830,site,overture/47aeacce-5502-4f9a-8663-9ceaef786306
65121,42.249696,-83.444700,site,node/3755129006
65127,42.931556,-85.721950,site,node/8204016057
65129,45.846300,-95.387159,site,node/3187764960
65132,47.513517,-94.981550,site,way/381426571
65135,44.948460,-95.372670,site,overture/3e3d6dec-e76a-4707-b6a9-2632c719256d
65136,46.750800,-92.149150,site,overture/562c12fc-9369-4df7-a1e8-9160aac32985
65141,44.020638,-92.745565,site,node/1780720951
65142,45.157080,-93.164110,uncertain,overture/8bd85129-0339-4ca4-b97c-e3631ee59c6b
65162,38.765700,-90.202190,site,overture/09a05ca2-aa3b-4134-98f7-e1a83e6619ff
65165,37.438190,-89.637180,site,overture/c3c26435-0d3a-407e-84a7-528d9640fe14
65171,37.114429,-92.577422,site,way/1075931705
65177,37.145680,-93.430494,uncertain,way/1473748721
65180,39.969023,-94.972382,site,node/9948623502
65188,34.855867,-89.692653,exit,node/277339040
65192,31.622190,-89.541700,site,overture/91f5be0c-6459-4da0-b5c2-3590d8e6bcde
65194,31.236810,-89.826190,site,overture/cddeae02-e895-40c9-a35b-3f062644d741
65197,31.635400,-89.180510,site,overture/7ce9f60f-991e-4f2f-a646-2208f6808c8d
65198,32.154366,-90.122737,site,way/1168188639
65204,33.540796,-89.133797,site,node/10884331391
65212,31.201499,-89.036323,site,way/708181607
65213,31.201092,-89.041214,site,way/503478890
65214,32.341900,-89.137650,site,overture/3713364d-6e1d-4133-9997-635c9f210e2b
65221,32.134480,-90.287550,site,overture/ee2935d0-a691-4303-b50b-a4ed9f7dd657
65223,34.169406,-89.642599,site,node/10881872022
65225,30.827930,-89.135860,site,overture/b0ae5916-459b-4140-ad1c-8281e56f3212
65241,35.397806,-77.964881,site,way/739101420
65246,34.623269,-79.047507,site,node/3023960236
65250,34.700530,-76.732080,site,overture/52f27cf4-b445-4a68-b373-29582f7f8601
65251,35.147710,-77.106879,uncertain,node/2819577014
65252,35.965231,-77.303892,site,way/1016972190
65267,35.755300,-77.925860,site,overture/67e07b32-62d6-4df9-ad82-376abe643c27
65268,36.056122,-80.209492,site,node/5970879413
65270,46.929080,-104.007094,site,way/643192109
65273,47.933694,-97.096159,site,node/11189263081
65274,48.355250,-99.999584,site,way/878857631
65282,40.175499,-97.574902,site,node/3390308588
65283,42.433430,-97.096700,site,overture/fcb24f02-f08f-4048-becc-49fa364f08d0
65284,40.743113,-99.746964,exit,node/133771571
65287,40.691762,-99.533930,exit,node/133749499
65290,41.860330,-103.631830,site,overture/0bc85dff-f724-46c0-94c4-22435c38cae7
65293,40.183310,-101.012590,site,overture/5e7e6e8d-fcdf-42b3-b70e-e7bc8675ef5e
65294,42.236101,-96.998976,site,relation/9735964
65296,43.175570,-71.530300,site,overture/8396f84f-2895-4506-b77a-c23e39a52c04
65299,43.037330,-71.122470,site,overture/fe391356-6259-4b29-a0f2-319d8416df96
65308,40.825177,-74.110357,site,node/6101423317
65310,40.504337,-74.397746,site,way/204706705
65315,40.177810,-74.631000,site,overture/f3b2ca91-8911-4fde-afd8-dd52704b8cee
65319,39.812396,-74.985740,site,way/475975466
65320,40.892130,-74.685759,site,way/267162756
65329,37.201560,-108.687040,site,overture/eff52560-b2f5-4b25-9e62-abf101886ab8
65334,40.695567,-75.189345,site,node/7406737168
65339,40.843480,-74.005440,site,overture/3f620484-127d-47b5-9b84-64c4ef659000
65343,40.558550,-74.416410,site,overture/3fb81ba5-b1c9-4a41-95b6-be2fa3a84235
65350,39.502120,-74.993810,site,overture/e834f267-ab9b-4805-bedc-f35960c51d71
65351,39.479461,-75.043386,uncertain,node/5648586422
65353,40.557010,-74.263210,site,overture/ffa46733-5f45-4158-ae8a-9d4722f7e6f7
65359,34.157200,-106.920240,site,overture/a91e4617-cd7d-4710-9d0e-51864f667b39
65360,33.403175,-104.522469,site,node/3706212453
65361,35.416395,-106.402102,site,node/11251543300
65365,38.531850,-118.624914,site,way/1124026737
65373,44.981258,-73.459271,site,node/1545049510
65377,42.609385,-73.788851,site,way/61233561
65379,42.184230,-75.633920,site,overture/1f4bae63-53d1-4151-a203-638c62b8cbbd
65381,42.572029,-79.101238,site,node/9735903082
65383,42.092484,-78.629179,site,node/13145370954
65386,42.381175,-75.184185,site,node/8684887617
65387,44.577910,-73.508320,site,overture/7bbeb0bd-70f4-4e08-9443-96724b5472a6
65392,42.960487,-76.845654,site,node/2124257269
65395,40.842576,-82.348506,uncertain,way/816334832
65398,41.413566,-81.807282,site,way/1530427622
65406,41.576520,-81.549130,site,overture/4dc5ddf3-7bdc-4eeb-b6fe-9e6005df0885
65411,39.030720,-82.637040,site,overture/9cb7b02b-d07d-4cda-8b79-fd0ee0d9fb19
65415,40.747634,-81.516519,uncertain,node/9588036068
65423,41.549300,-83.599650,site,overture/00492371-35ca-4cba-a381-dd17b72f0989
65426,39.715142,-82.987733,site,node/12974699608
65431,40.392910,-80.728870,site,overture/878225e7-efa1-4b6d-87e1-827406acfc7b
65441,35.418700,-99.434420,site,overture/d0fe8b02-3166-4426-95ea-77916fd36f2e
65444,34.010400,-95.498030,site,overture/48f4580e-eb34-4a95-9e5d-d4976b28633c
65445,33.895070,-94.851360,site,overture/1711508e-f50a-47c3-9c84-c1b4853e08e4
65451,36.437740,-95.709250,site,overture/d9a98936-2c20-40d7-be1f-139e1d4815f9
65457,33.741063,-97.142998,exit,node/146575830
65490,33.329610,-84.780860,site,overture/7cfad127-6db4-43ee-9ce4-0c8279b28c39
65494,33.546710,-83.077640,site,overture/35885b0c-98d1-4b21-a176-dc2e0c292c3a
65513,40.053073,-78.511087,site,way/738867578
65514,40.477144,-76.292212,exit,node/27607075
65518,40.563723,-80.227627,site,way/536103014
65521,39.936829,-76.979445,site,relation/20588424
65522,40.114473,-76.032203,site,way/1392249066
65525,40.196204,-74.865940,site,way/367201714
65527,39.787480,-77.712030,uncertain,overture/3d0c7428-81f5-48e2-9f99-476fef63a584
65530,40.274960,-76.650940,site,overture/e1ad2f8c-9cbe-4e62-b1fd-bede869adf23
65532,41.034280,-77.516130,site,overture/92c19c55-7018-45c8-97eb-bbe8ddbda3b0
65533,40.325530,-79.839719,site,way/324502711
65537,40.450512,-78.837973,site,node/3505898295
65538,40.666947,-79.712443,site,way/338339122
65552,40.123660,-75.014840,site,overture/4f746dad-3463-4386-8625-eb1e668f25e2
65556,39.982824,-76.708418,site,node/8156613861
65572,33.663298,-81.674729,site,node/10109748639
65573,33.990311,-79.199570,site,node/5776031278
65578,32.901538,-80.077101,site,way/1337003498
65587,34.511470,-82.306690,site,overture/2b5309c8-6ad3-4af5-9bf2-e19bacb810bb
65588,32.803262,-80.110443,uncertain,node/1642426546
65593,34.239460,-81.458480,site,overture/33813494-cd97-45cb-ac97-ca7bd2f9d5ea
65594,34.919222,-80.979525,exit,node/114459206
65598,33.397380,-79.926160,site,overture/c1858dd4-ec8b-4a88-86c8-855803293db0
65603,43.083310,-96.792760,site,overture/9006b135-2552-4f0a-85ec-1ac11e65d5a4
65604,44.371260,-98.175340,site,overture/1521ca20-1f6e-4381-8e00-fbd197bd03d8
65608,43.300901,-96.792258,site,node/10717793576
65622,36.569520,-82.198990,site,overture/7e8dba68-2a30-400a-8173-c88fcde0a353
65624,36.369030,-87.644510,site,overture/07a1c713-7674-408e-b648-fbbb86688c7d
65625,35.148460,-86.560920,uncertain,overture/0fa9cc13-e035-448a-9e1b-734b703dfb69
65629,35.872914,-84.466801,exit,node/1837194383
65639,35.935727,-86.529836,site,way/987246461
65641,32.449765,-99.751205,site,node/2375260975
65652,32.685710,-97.453194,site,way/672388360
65659,34.256300,-99.509880,site,overture/57797362-804a-4183-a768-59aa33522408
65666,32.767080,-96.807160,site,overture/12088c68-9927-47c1-a987-bc18fdbd0adc
65667,33.225800,-97.591000,site,overture/507c07be-9be8-41c1-8b72-f028f8fefcce
65673,28.709793,-100.463691,site,node/12670619541
65674,28.739220,-100.496510,site,overture/0fb02d0e-e093-4a66-86eb-cb6f9e74ab75
65678,32.301800,-96.638360,site,overture/0be8057b-82d9-4fca-b578-c89c0dc4f1c9
65683,34.642029,-102.715116,site,node/3941977661
65686,34.161822,-99.298357,site,way/815912036
65690,29.472700,-97.445300,uncertain,overture/577c1519-00fb-439b-a659-651e9be84fd9
65691,29.520020,-97.451140,site,relation/14316375
65724,31.895300,-102.325868,site,way/1086565452
65728,26.096490,-98.212570,site,overture/73f5258b-0ffb-4ff2-8622-4e1c2eb2bbee
65738,28.029990,-97.083230,site,overture/3310545a-17bb-48a7-b047-8f9cc50ae81b
65755,36.867340,-81.423450,site,overture/ae96cefa-68a0-42be-8f9d-019b8fe6d55f
65761,36.668110,-76.953780,site,overture/e946efc9-eec5-4f53-8ff7-06722806edf6
65762,38.967037,-78.191397,site,way/389126020
65770,44.921000,-73.115140,site,overture/bc001155-ba35-4a4e-bd9e-ab3a5fb69199
65771,42.884405,-72.557546,site,way/697766928
65789,44.530690,-88.746280,site,overture/2de61c62-f869-4172-a221-69152456b2ae
65793,44.023330,-89.827660,uncertain,overture/f9a00603-0b4b-4f86-a465-1e2e67354c73
65794,44.465519,-87.946945,site,node/657893710
65796,43.373721,-88.302063,site,node/6823152689
65800,43.510262,-88.220028,site,way/757059400
65804,44.198978,-88.680557,site,way/704300179
65805,43.590130,-88.434390,site,overture/9b3f20f6-136d-42b6-aca5-42c52f09ee92
65806,43.584820,-88.432360,uncertain,overture/7c033729-63b4-4bb2-ba44-c7120a084d89
65809,44.024350,-90.080600,site,overture/6f61bf0d-6d4d-4cf8-9fd8-1b66d4e11d1e
65810,43.884500,-90.150555,exit,node/231231210
65812,44.213050,-89.527210,site,overture/bb477007-6251-46c6-86df-94fe7aa9253b
65813,43.571930,-89.470397,site,node/3669287454
65814,43.029140,-91.128424,site,node/737068444
65818,43.893116,-91.078020,site,way/1191798089
65820,43.195275,-89.355608,site,way/909798816
65831,42.847060,-106.215140,site,overture/10da5280-a68b-4fbe-bcba-1824f8476a12
65835,43.630330,-108.219000,site,overture/d23d0760-e626-461d-bbf0-8dd52aca615f
65836,32.749990,-97.329930,site,overture/66d815dc-5852-4dff-b4d1-4ecdb25edbaa
65837,40.370835,-82.830336,site,way/229321788
65847,40.177185,-88.240093,site,way/263994196
65848,42.989103,-83.681488,uncertain,node/8173862518
65849,42.283740,-84.963940,site,overture/63b9e057-39f2-47dd-b41c-2bcb2e7e1144
65857,32.545004,-93.516519,site,way/264709078
65858,41.691766,-86.804016,site,node/9565802915
65859,41.667648,-85.822316,uncertain,node/4606449386
65860,32.918543,-96.419426,site,way/225730085
65862,38.019923,-79.140978,site,node/4609317831
65863,40.653522,-74.912116,site,node/10307710803
65866,41.824289,-75.682385,site,way/220548459
65868,35.847450,-80.861560,uncertain,overture/92ae1bcc-09ce-4e6d-9132-bcf195a264ff
65873,36.938618,-80.993024,site,node/6224489913
65880,39.177321,-89.674587,site,way/207616622
65883,38.174915,-87.552543,site,node/12105236858
65885,33.344729,-96.584173,site,way/225718668
65909,43.976200,-75.902900,site,overture/367006af-1a66-424f-bbd7-77e8b7d1241d
65912,34.391060,-96.126950,site,overture/4b14a328-2277-4e35-8628-5cce688ab5cd
65914,40.921950,-98.359110,site,node/3816695662
65915,46.847110,-96.905990,site,overture/a209cfe9-40bd-455d-a96f-11756fa64d6a
65919,35.100510,-89.977330,site,overture/745ad3ea-9d9b-48f5-a30f-d1270846d916
65935,33.124160,-89.084790,site,overture/c46d4ec8-1b70-4416-941e-abac642b2bf6
65962,28.328116,-82.188158,uncertain,node/3711112825
65974,43.291438,-84.580409,site,node/2924037058
65978,44.077220,-91.731670,uncertain,overture/6bf57cfe-b096-40db-8575-3b157030b3ae
65983,36.072537,-76.611814,site,node/9376620267
65989,35.032001,-107.475857,site,way/904596024
66014,32.817110,-96.919080,site,overture/bfe7a36b-4a13-48c3-b56c-fbed8302f07a
66015,28.045544,-99.349201,site,way/225727435
66016,38.364734,-82.697318,site,node/2405613424
66017,29.757280,-81.314290,site,overture/78923fb1-64cd-4a5b-9811-683e55a46142
66020,39.968571,-81.902935,site,way/220778962
66021,37.979151,-85.694135,site,way/225808185
66022,33.456394,-112.273152,site,way/131230589
66023,40.690330,-95.789642,site,node/12659838889
66024,36.951579,-80.882667,site,node/6224489101
66025,45.787409,-119.322143,site,way/489510951
66026,39.134178,-88.566549,site,way/223479935
66029,30.247831,-92.190310,exit,node/114672342
66030,41.692223,-93.184354,exit,node/160062707
66031,39.787640,-91.516530,site,overture/631c3169-db19-41db-a101-87d9fbe7b2a2
66034,39.910111,-88.893861,exit,node/46560329
66035,42.998570,-89.199880,site,overture/6f8f07ff-0860-4bb6-924f-4b7b79141869
66036,33.562380,-86.831512,site,way/230483735
66037,33.811400,-93.427050,site,overture/9b70748f-d867-42ab-8b79-daca4cb1de3a
66038,43.439932,-112.115739,site,way/375323034
66039,32.387915,-91.197337,site,way/225869988
66040,35.199610,-113.903988,site,way/223539583
66041,45.669077,-120.835728,site,way/226329065
66042,41.172630,-79.095440,site,overture/e5d341af-b24f-488e-84c8-e0c6f583d91c
66043,32.483266,-97.011260,site,way/225729184
66044,28.010017,-82.300251,site,way/226886062
66045,39.646470,-83.538260,site,overture/db22b915-a902-4476-b1bc-eedc507f9486
66046,41.748180,-84.993360,site,overture/3363e70c-1500-4b39-a116-a86b2bf6bf7e
66050,41.276260,-81.626850,site,way/225804448
66051,36.962347,-86.498125,exit,node/168630335
66054,41.097718,-104.848700,site,way/225052649
66055,42.465957,-92.767594,site,node/3384383612
66056,35.985820,-85.011580,site,overture/7ab2d057-07f9-47cd-8c47-52ff03f47e2e
66057,42.490945,-88.998455,site,way/230775261
66059,35.973510,-83.237210,site,overture/3a42b0f1-a5af-4554-9a6b-9f19240512d2
66061,41.028425,-77.522407,site,way/220645843
66062,43.602927,-96.767045,site,node/2449961873
66065,36.977488,-84.116784,site,way/225807458
66068,46.470656,-84.362250,site,node/5056486479
66069,42.330260,-71.254700,uncertain,overture/67f4ebf8-fbe0-4bcb-abd8-9259e3caacce
66072,30.506830,-99.775850,site,overture/9cada99f-694c-45ce-a688-c0e7cae3775f
66073,37.017840,-88.590160,site,overture/400cb72e-b717-4ad6-bb98-427719958216
66074,36.728880,-90.459640,site,overture/73d72c6f-46b9-4a5c-a2d1-48f34f2fae89
66075,34.495190,-81.845400,site,overture/f9258246-5b0b-4638-a616-3589dd6b19f2
66078,35.816750,-83.141450,site,overture/58323883-492d-4393-bb39-3ac4855a2f00
66083,33.065510,-89.589450,site,overture/7298bb1d-ba8a-404d-8a7f-3bd95bbcbc5d
66090,26.093506,-98.202093,site,way/1328088694
66091,37.077050,-78.451360,site,overture/d1f41273-4734-4714-9efc-0d9436987307
66093,43.877029,-92.489833,site,node/5631420253
66099,40.732538,-74.124498,exit,node/1050766023
66100,32.890234,-80.012729,site,node/3000032466
66106,38.292590,-112.653215,site,way/235915020
66109,30.579145,-92.049522,exit,node/123744483
66110,42.434805,-96.379374,site,way/225361262
66111,39.827400,-100.534950,site,overture/0fd31a3d-a40e-49ab-bd33-2f1c42763901
66113,40.750359,-74.060071,site,node/12358943449
66114,39.722442,-94.787390,site,node/12233625789
66115,41.182810,-80.569640,site,overture/a7e0a2cb-74eb-477c-b3f1-d48feaa6163d
66116,41.787740,-75.684420,site,overture/da12bb20-5203-4bf2-ab88-78f5209a37a1
66119,38.760408,-90.065458,site,way/223480507
66120,36.011541,-83.532289,site,node/6616599585
66121,39.613770,-86.070240,site,overture/78ca44a2-7336-4158-93ce-5dec5aadffb5
66122,39.791956,-88.268099,site,way/196181384
66123,41.402820,-89.468600,site,overture/7c529a1e-6434-4463-b3e0-a6b75f01a01c
66125,39.961360,-89.562170,site,overture/dd9be780-dd1a-40a1-a9ab-6dfb85efcbc3
66126,32.444598,-93.982632,site,way/225809912
66131,40.530943,-74.325383,site,node/9239315135
66133,28.155307,-81.800334,site,node/11684406538
66134,30.510830,-87.268840,site,overture/307cfebe-45d8-4228-bc83-24c0503c3724
66135,30.533651,-87.313601,site,way/355850643
66136,35.068450,-94.627110,site,overture/035e6279-2214-4e07-9480-8d9e5f70a66c
66137,30.246758,-89.761374,site,node/3064316803
66138,33.207982,-84.058242,site,node/9678370749
66139,38.965956,-78.439237,site,node/11403825514
66141,25.772690,-80.191550,site,overture/9dd90ab5-6541-4c8f-bf9c-db1e89a24993
66142,28.005700,-82.528570,site,overture/b00de9d2-cf15-44c7-9037-7e70a266f8b4
66149,27.995770,-82.406360,site,overture/206e406e-918c-4a69-9b09-101e78ed5e9f
66152,39.549095,-86.036483,site,node/941981026
66155,30.440390,-97.670006,site,way/383182015
66156,30.649940,-96.366600,site,overture/ff66921e-dee9-407c-83b1-77977fd24fa3
66172,27.612453,-99.522736,site,way/1161807936
66173,29.695270,-97.103630,site,overture/58144998-aa8c-46dc-ac37-9dde8c949a6b
66174,30.509090,-99.772880,site,overture/ed85c907-8080-4df7-8219-53e8a9bee140
66176,34.994190,-78.129740,site,overture/2436dd26-a950-49f6-9723-772fd43b7e58
66177,35.298038,-79.726274,site,way/1001154270
66178,26.385910,-98.141310,site,overture/6e24b64d-e3dc-485e-9416-28a0c2d22455
66179,39.618056,-119.266076,site,node/4354708558
66182,32.553595,-84.947219,site,way/696548870
66183,32.333307,-89.483897,uncertain,node/5891477447
66184,43.065620,-77.640950,site,overture/908bcf95-1d19-4501-b49b-06b5ce4a19fe
66185,31.449030,-96.077380,site,overture/42f533fa-e3c8-4b88-81f5-8624cf2d800d
66195,42.392703,-71.610715,site,node/11492004000
66196,32.196979,-96.900105,site,node/7724926643
66198,33.609490,-81.845330,site,overture/0bd6ec3b-0ec7-485c-b5a7-8d4886260151
66221,42.790365,-88.389315,site,way/267159234
66223,27.555460,-99.479130,site,overture/0ca78f3e-321f-4fd3-97f9-112818d171d3
66224,42.175343,-88.610887,exit,node/6872447149
66225,41.554070,-89.066850,site,overture/2f6d16fc-4715-462a-be08-153eb7713398
66227,38.313117,-88.961358,site,way/229452544
66229,35.658234,-81.963101,site,way/224604562
66230,39.361710,-101.053760,site,overture/bc54a54e-d89f-4ce1-b551-8c3512a96fb5
66235,37.842863,-84.324456,site,way/225808104
66236,40.818915,-97.997873,site,way/225056800
66237,35.034839,-106.939374,site,way/1064478662
66238,42.907669,-74.566127,exit,node/29746095
66239,26.667180,-80.718120,site,overture/407ab800-a3a5-4d96-bf27-994d1b6bb6db
66241,41.111340,-98.009250,site,overture/1f68104b-c73f-4b40-8dfa-62aef4d136f9
66242,40.437550,-99.367620,site,overture/66cdb150-eb51-47c4-807d-9797abcfac54
66243,45.158550,-67.422380,site,overture/61a97463-b2b9-40f2-9dde-126d7a6b1d8f
66244,28.337900,-98.029210,site,overture/7001da0c-ac62-406f-af36-e585aced17e5
66247,42.155992,-71.964230,site,way/212335583
66248,43.584290,-70.361620,site,overture/23b14ae3-2640-40b9-b0c0-f15c15006df4
66249,43.046400,-71.206190,uncertain,overture/c529a6ec-b42e-4024-9aa8-e87b2522b0cc
66250,36.013077,-78.516823,site,node/9393331159
66252,44.764240,-68.706180,uncertain,overture/fc7851ad-4d88-4afa-a919-05ea8bcc52f8
66255,44.396810,-71.193670,site,overture/37063e83-48df-4498-bab4-42434b70ae21
66257,41.675632,-107.982929,site,node/1038018936
66258,43.616450,-71.639130,site,overture/4a695045-ddfb-44b6-88f0-36bff500c382
66259,31.138631,-97.332030,site,way/1117063968
66261,35.270005,-78.615549,site,node/1843399937
66263,40.485467,-75.839863,site,way/971353223
66266,41.702843,-85.972489,site,way/1498945281
66267,41.145253,-87.260178,site,node/11860872690
66272,35.923002,-79.934753,exit,node/171309134
66273,33.995083,-86.082736,site,node/12302815184
66274,41.097610,-114.957580,site,overture/c745e0bd-235b-48bc-9bf1-ddebed81bcaf
66278,41.521533,-74.112714,site,way/220505480
66284,44.794930,-73.073130,site,overture/d6e57263-acf8-41c6-923f-05ae90150a5d
66285,33.607630,-84.297630,site,overture/72fcb254-d079-4c5f-a4eb-e4fd3cff8519
66286,35.895267,-84.174841,site,way/1393347758
66290,44.945880,-90.431770,site,overture/fdb9f4ec-43a2-48b0-b0b2-fc47ebe8d7ea
66292,33.691309,-85.190123,site,way/225051151
66293,34.978384,-85.413863,site,way/236503078
66294,42.787161,-84.677620,site,node/8255967372
66295,42.871257,-87.941522,site,node/635243687
66300,35.390041,-89.411052,site,way/291653928
66301,44.215834,-88.445326,site,way/1254089688
66303,44.905616,-89.605816,site,node/3888001302
66310,40.170023,-79.732189,site,way/220626590
66313,36.758313,-89.540695,site,node/4445874189
66314,41.958840,-83.675740,site,overture/bbfae860-fac5-4698-851f-5f071fe56728
66315,41.649678,-86.894613,site,way/953827008
66316,35.966294,-83.941075,uncertain,way/1255879924
66317,35.724045,-86.319098,site,way/226609376
66318,37.836420,-92.099750,site,overture/c2b7862c-c71b-4397-a095-231d0abdea6e
66319,42.319472,-88.969340,uncertain,way/246173964
66320,43.007307,-83.072036,site,node/7053367511
66322,38.155157,-88.910879,site,node/2382882894
66323,46.874470,-113.887070,site,overture/6e7dc53e-c1f3-4bbc-839d-17e4774968b3
66328,32.495970,-82.981560,site,overture/7c763a54-b320-4423-ac69-29723de4901b
66329,35.108103,-81.605484,site,way/739481530
66332,32.423070,-96.658770,exit,node/82231304
66334,37.071700,-88.123760,site,overture/c668510e-7f20-4e5d-9efa-be6c8d9c8aa9
66337,44.354590,-106.691060,site,overture/2e0fc02d-8265-479c-97a9-5277c26c1aaf
66338,33.163934,-94.996441,site,way/546397028
66341,34.071330,-99.009470,site,overture/88c00cf0-6e77-434d-9406-b22871922a91
66342,32.085613,-83.760200,site,relation/13942553
66346,40.046306,-86.820957,site,way/267159749
66348,34.928811,-91.112483,exit,node/118540400
66349,34.717069,-92.343265,site,way/823014664
66352,44.100361,-88.542282,site,way/768027037
66353,37.711973,-89.891586,site,way/801409407
66355,35.139215,-82.104100,site,way/236633117
66357,41.369766,-89.008951,site,node/2091337927
66362,34.236095,-79.805766,site,node/11410928766
66363,37.366377,-97.322468,site,way/756673921
66364,27.993508,-82.122037,uncertain,node/4517017006
66365,40.466681,-74.859905,site,way/545848755
66368,42.966660,-76.845074,site,node/2124257272
66369,39.877260,-86.473970,site,overture/fdcc7750-b815-487a-a5a6-51d839f82f6e
66370,35.695189,-77.939985,uncertain,node/9389516295
66371,31.365920,-92.586490,site,overture/88cbe510-8068-45fe-8628-fb5e2a28976a
66372,31.043109,-97.462416,site,way/847738806
66377,32.776913,-97.345741,site,node/12193344542
66382,40.574865,-93.941788,site,way/1558883844
66383,31.942540,-94.246380,site,overture/3e4d620e-95a7-42b5-aa2a-a143c42dea04
66385,32.572480,-93.204090,site,overture/10fc8ebb-7259-4859-9335-fd978829deb6
66386,36.747567,-79.937504,uncertain,way/982350179
66388,32.190240,-83.749391,site,way/385357774
66392,33.208430,-92.720730,site,overture/f8413889-82c2-49e7-b3af-9ba19e736dce
66393,40.123780,-87.777580,site,overture/9eb20fa6-b219-480e-a906-9598eaea604d
66396,30.937229,-90.526343,site,node/12465484801
66399,33.551490,-86.783760,site,overture/6435090e-e36b-4ef7-8ddd-e4f53ffb5b30
66400,33.623047,-114.437991,exit,node/174746294
66404,32.890889,-96.687726,site,way/587036819
66405,43.451503,-83.894069,site,node/8038471969
66406,36.605724,-77.560954,site,way/224605259
66407,34.438750,-85.756260,site,overture/1ad9ffa1-11ca-438f-9f24-8a3fb7df22d6
66410,34.686290,-87.309270,site,overture/ebe2f709-891f-4cfb-a1ed-bb8a3511b285
66416,36.390606,-76.936498,site,way/947951505
66420,47.189738,-114.886384,site,way/449311904
66422,30.272168,-91.240381,site,node/11081383186
66424,33.465664,-112.151326,site,way/406556494
66425,30.447120,-88.933990,site,overture/e49516a0-9437-4a10-9285-2c971d7796a6
66428,34.556220,-92.337240,site,overture/4ccc98ed-837b-44ad-a350-a2245a04c25a
66437,36.108649,-83.334179,site,way/930319365
66439,39.445030,-89.648730,site,overture/d05f7778-25bb-4999-835d-ac0418691910
66440,41.834371,-87.670914,site,way/405493354
66447,41.112654,-88.413119,site,way/160835806
66448,30.508550,-90.445490,site,overture/3ebcdd11-8f73-4e48-84db-b840f05c5b91
66449,35.928647,-89.878851,site,way/1467118263
66451,43.176700,-84.705120,site,overture/9a7d0988-8406-45ec-905a-cb23e2a3625e
66454,30.076260,-90.566280,uncertain,overture/7b0219c2-0612-4a6e-b580-f0b6c2789d61
66456,30.095810,-90.928250,site,overture/28ffe289-7f84-4565-a4dd-2936580d922d
66460,30.081950,-91.939790,site,overture/cf20b8f7-a4d1-471c-bc66-8cc8ca8c464f
66461,33.414830,-102.156070,site,overture/cbec6351-a1bc-411a-8245-b1b40c4a4540
66465,38.374940,-89.371570,site,overture/90d1d5d4-7d24-4246-ac81-bcac3c100435
66470,32.482003,-86.419430,site,node/11057976634
66472,31.081370,-87.530110,site,overture/0af84717-599b-46e7-9318-f46e3609170d
66474,43.111823,-76.265101,exit,node/212730123
66475,32.685724,-115.379924,uncertain,node/3766932699
66478,39.019533,-95.508283,site,way/379404858
66480,37.201840,-85.935407,site,way/225807863
66487,41.802896,-87.825012,site,way/1055572782
66488,40.243816,-88.631920,site,way/584930747
66495,30.212200,-93.359210,site,overture/f2caff32-b31b-493e-b1c0-d529de62048b
66496,30.620626,-86.964651,site,node/2510574993
66502,30.242600,-92.664220,site,overture/f4de3135-a872-4c15-8d11-efad7ef5fce7
66504,29.840960,-94.646840,site,overture/307480e0-2637-45a3-9aa3-be8b359ab12c
66507,45.864610,-84.719530,site,overture/dfbebc53-5f06-463f-805c-3d0940067721
66508,41.692360,-83.595068,site,node/13227261980
66509,40.698836,-84.093224,exit,node/196086024
66512,42.007536,-83.317050,site,node/8421535618
66513,44.242310,-84.224670,site,overture/bf615db9-1925-4756-9003-6d0129a4af1f
66514,30.986137,-83.386058,exit,node/6394900298
66516,31.143411,-83.425880,site,way/348439146
66517,46.462700,-84.374110,site,overture/508fd63a-d837-4b0b-a2c2-d2c73ef5aa60
66518,30.817540,-83.319130,uncertain,overture/88aea58d-873f-4576-b8e5-98755d24f3eb
66523,31.416080,-83.503044,site,way/225050954
66525,41.810520,-83.447440,uncertain,overture/e7ec9f9b-aa35-4474-b766-668ccc60ac90
66527,40.266480,-103.621080,site,overture/723fcd0f-77fb-4493-8681-795a510da467
66528,39.291500,-81.545530,site,overture/13299014-1dbb-49eb-bfba-ec718c33c637
66529,36.118170,-80.794960,site,overture/362d8453-1fd3-4486-a2ca-dbce1353365c
66531,40.487464,-76.245628,site,way/1286680730
66532,40.638418,-74.894563,exit,node/130138443
66534,38.933918,-92.779173,site,way/554597211
66537,41.432503,-90.158638,site,way/1525697222
66538,41.438720,-95.612605,site,node/796574906
66547,39.260767,-78.099073,exit,node/211093713
66548,33.592740,-101.914440,site,overture/c26ea403-03c9-4466-9422-ca9b57749184
66550,45.917971,-119.326816,site,node/5047022823
66552,43.545730,-116.851390,site,overture/6b6eb2f2-f165-47ea-8aba-6b7d879424ab
66553,44.781997,-117.813756,site,node/3115175149
66556,36.724021,-78.139732,site,node/12432228302
66560,34.526170,-82.841070,site,overture/bfda3cd4-1e87-4415-b7e3-b79e2c3a7a90
66562,34.505093,-82.967569,exit,node/390997145
66564,35.920541,-80.000604,site,node/8917695435
66565,42.125097,-79.240136,site,node/6744903725
66571,42.452524,-71.232001,site,way/738362243
66573,37.792598,-97.327866,exit,node/122138164
66579,42.296954,-73.273990,site,way/213719814
66582,38.953636,-112.347982,exit,node/419741751
66584,36.499750,-114.759650,site,overture/637225ef-c2d4-45c3-9682-9e242bed4fa6
66586,42.914560,-75.379910,site,overture/39194d23-4f5f-48d6-9c76-3b243071628d
66588,43.700880,-98.017580,site,overture/78ba158b-170c-49a9-b620-be788c4e2eb2
66594,32.549200,-82.925270,site,overture/955c3ea6-5b42-443e-85cf-fb760dc26e36
66595,42.140138,-72.024126,uncertain,way/212340501
66597,32.403480,-82.305140,site,overture/964802f5-8540-42a0-bacd-fde0d3b879f0
66598,36.998200,-95.621090,site,overture/8a67c0dd-c5fa-4d50-bf26-d40aa8f5c4a1
66601,40.554310,-85.548940,site,overture/af05e351-0980-462a-a7e8-75d0adec629a
66603,43.606230,-96.573010,site,overture/51d0b258-af5c-44d1-8c6e-40bd153c04f9
66606,43.163744,-72.462886,exit,node/204957271
66607,42.917600,-71.376120,uncertain,overture/bebb1731-15df-4090-8993-3ce3766d547b
66608,45.664872,-94.812795,site,way/1132000313
66612,44.384940,-91.007750,site,overture/3c635558-494a-4a53-9007-3e79954de496
66613,30.173003,-93.587719,site,way/225870549
66614,42.336723,-83.123746,site,node/7928562129
66615,43.058637,-88.204363,site,node/13986042788
66618,33.957351,-80.388234,site,way/1115264419
66620,37.724050,-77.447521,uncertain,way/220797084
66622,40.731250,-74.086150,site,overture/4c22d8f4-b18b-4f03-84f8-358981df6b9e
66624,39.983319,-75.101155,site,way/1211043152
66625,44.098470,-69.865130,site,overture/691ea289-53b8-4230-8fad-89393b432662
66628,32.274072,-81.079780,exit,node/1687908557
66631,42.756327,-85.075138,site,node/5769351878
66632,34.288313,-83.811207,site,node/3957474214
66635,37.870640,-90.525730,site,overture/69a2f2ff-62e6-453c-ade9-62108cb98c79
66640,32.958690,-87.171550,site,overture/044dea34-e1e8-41fe-b329-e4c2a97e7409
66643,36.092180,-89.801740,site,overture/638fbb10-bfed-425b-a957-4a12016ccb59
66645,32.468220,-99.985160,site,overture/5f63b632-0b97-43c2-a652-f48cde7c7ba5
66648,33.426920,-86.952590,uncertain,overture/1dbdc28e-0dd3-4acf-b260-05adb7c9f80d
66649,34.888530,-94.603390,site,overture/4a0947ca-9fb9-4335-8849-4b54a293a3cd
66659,38.735180,-86.492091,site,way/961179196
66664,42.246811,-91.889613,site,node/1781215475
66667,41.935762,-89.034960,site,relation/9820960
66668,28.428540,-81.372150,site,overture/f91454da-347e-4c4c-97a0-9f825bd5e3c9
66669,30.373030,-81.651600,uncertain,overture/fed35ee2-3dab-4828-8279-af9805ef1532
66670,35.413208,-78.807686,site,node/6386087748
66671,34.641640,-86.050060,site,overture/90786954-8deb-4971-96cc-f12e505126b5
66673,34.708827,-86.707091,site,way/436569039
66676,35.534022,-98.241957,exit,node/458756957
66678,35.508486,-108.828280,exit,node/610488018
66680,32.427430,-91.421140,site,overture/03c84f59-d56b-47cd-b32c-d134acf68213
66683,34.479558,-91.552813,uncertain,node/11138927290
66689,32.431740,-100.550150,exit,node/387222544
66693,35.111876,-103.336473,exit,node/616388717
66705,33.904370,-98.499440,site,overture/dbcc947f-4dc2-46fe-94e4-0a5f9e1956a0
66709,34.978340,-85.419710,site,overture/20ffdfb6-2d28-4d40-b60d-cc12564eb631
66715,40.160163,-104.981594,site,node/7523861805
66717,42.068277,-104.965528,exit,node/482776253
66718,40.648210,-89.649490,site,overture/5c964983-fb5b-402a-a244-8f50d394caf0
66720,35.394600,-82.505430,site,overture/490cfb42-47ad-41c7-8686-63205a362d5c
66721,30.518780,-92.066147,site,way/1240584596
66725,38.192930,-85.751251,uncertain,node/9370970632
66728,36.947658,-81.056839,site,node/7538217608
66734,33.629290,-84.313160,site,overture/0ed3529f-9ba8-4bda-a30f-aac078e7373f
66738,39.518890,-94.784190,site,overture/7eedcbb5-fa14-4bfd-aa7e-f8571fa0b11d
66739,44.311713,-96.788147,site,node/2501356834
66742,39.685238,-75.478766,exit,node/105208727
66746,34.616553,-92.498815,site,node/833346145
66747,42.456348,-88.998040,site,node/13613531810
66749,29.977130,-90.291410,site,overture/d755c89d-c644-4a15-8b77-efbf1e60ed22
66750,37.774320,-96.966210,site,overture/dca12060-b959-44aa-8a4c-954d4c259a16
66751,38.393910,-96.181750,site,overture/2a401248-36c3-4e01-adbd-7acd38405c07
66756,41.027170,-93.789941,site,way/404804277
66760,33.458372,-80.735532,site,node/11687451782
66761,33.818278,-79.023675,uncertain,node/2724814156
66762,32.334339,-96.616776,site,node/2203835389
66763,34.966061,-80.061988,site,node/9408882326
66765,26.027800,-97.531440,site,overture/1819a7ee-eba9-427b-9372-f65855155039
66767,34.288090,-88.675920,site,overture/aa407072-2c34-48d9-83d7-009b1dfa445b
66769,30.793896,-81.666438,site,node/11332080373
66771,26.336091,-98.143015,site,way/236128108
66773,32.733230,-103.144430,site,overture/4bb12aae-6178-4454-9c9a-2bbdb02ba141
66774,41.591890,-84.043359,exit,node/42113663
66775,39.579260,-82.521821,site,way/1042790292
66776,41.081834,-83.399302,site,way/482247295
66778,35.751796,-96.689916,site,way/159180850
66780,31.420688,-87.004662,exit,node/54046573
66784,32.412024,-87.012597,site,way/1356541842
66785,33.932460,-87.783460,site,overture/a06575d8-839e-4a2a-8ce5-c9dbc0a421bf
66786,34.806630,-91.885710,site,overture/57cd0a3c-cfa9-4df8-b415-1b87b176df76
66787,31.360083,-89.349034,site,way/546213665
66788,35.601306,-84.526562,site,way/1162704436
66793,32.890234,-80.012729,site,node/3000032466
66795,43.665206,-97.594391,exit,node/484795142
66796,38.723786,-75.589829,site,way/363507559
66799,30.449143,-82.933499,exit,node/444985318
66800,29.470970,-98.532840,uncertain,overture/2357d59b-6c15-47d2-8237-6580a7f8d3a0
66801,30.519852,-83.061384,exit,node/444985264
66802,27.472098,-81.466201,site,node/5346615338
66803,26.158860,-98.189740,uncertain,overture/19193051-ad43-488b-9df5-d1eefe0d0956
66804,41.607890,-109.228792,exit,node/158162343
66805,34.913379,-85.123887,site,node/3802045152
66807,32.800700,-96.777760,site,overture/f56919ef-18fa-456a-b817-eb104e27dcca
66809,41.185721,-91.195521,site,way/1270739320
66810,41.992400,-87.950450,site,overture/59705c47-9fe3-4447-88ec-5dddd83cc687
66812,40.770065,-87.122526,exit,node/180022414
66813,40.479760,-85.550900,site,overture/9c09627b-396b-49bb-ab7e-118ee7067093
66816,44.595560,-69.617070,site,overture/684e5ade-76f2-46b5-9d5b-d23a1fda46a9
66819,41.822757,-89.474741,site,way/771586678
66820,30.292060,-91.914800,site,overture/cf72d023-d366-4b4a-b47d-55095a1a4514
66821,38.896060,-75.817710,site,overture/c8dc23b7-7569-4724-a15b-ff00e2d4a870
66822,34.357484,-88.841664,site,node/2346004070
66824,31.424813,-100.464450,site,way/734627123
66833,26.170680,-98.170820,site,overture/ba1ccc3d-ba4f-4e1a-b5f8-ade1fd179f2b
66834,40.912704,-89.053577,site,way/264007967
66838,40.703036,-77.591406,site,node/12397225094
66843,31.662050,-106.238090,site,overture/fa6f8cdd-655c-47ab-a8c0-2f69166b018a
66844,27.491040,-97.845974,site,way/1069451098
66845,31.247445,-85.377411,site,node/2507673748
66846,33.282110,-86.362030,site,overture/3cafcc01-a921-497e-a7cf-f8c870156410
66847,33.601800,-85.832950,site,overture/b2ab4c53-8cbc-4708-845f-dd13751db601
66848,34.620355,-89.953405,site,way/236752246
66850,27.303520,-97.815770,site,overture/5f08d286-db60-4860-8d5e-d89222671764
66853,27.529870,-97.841801,site,way/225727153
66854,40.558150,-84.165540,site,overture/5827d7df-9e53-4918-8af3-4fdcf0468c45
66856,45.366760,-93.975910,site,overture/44e50a99-f4b2-4187-b706-a14f99971906
66858,33.280250,-111.962264,site,node/4854438923
66862,36.139860,-85.630350,site,overture/3697d82a-139c-496b-bd5a-90bed25b7f34
66865,33.890829,-98.482990,site,way/236135484
66867,42.068661,-90.678210,site,way/854955201
66868,26.200310,-98.327860,site,overture/6f0968c9-f12d-4879-b17e-cab4c3858cf5
66869,36.628169,-79.859328,site,node/9273408383
66870,41.417564,-84.104936,site,way/220265880
66874,33.592751,-101.841019,site,way/236129760
66876,37.255284,-87.449288,site,way/223215971
66877,46.757013,-114.081662,site,node/11369524622
66878,45.812630,-108.414920,site,overture/d05777d0-b371-47f4-803d-5ff2802907d3
66879,35.221592,-92.826489,site,way/795395060
66880,41.026690,-76.318650,site,overture/d72c1038-53d7-48a5-9789-fc67238926b4
66888,42.564720,-113.740350,site,overture/58598c7f-6db8-4d3c-94bf-5ffd202b903d
66890,36.643297,-83.700756,site,way/267333146
66892,42.280191,-84.930575,site,way/224604417
66893,33.575660,-97.897110,site,overture/7d297397-419b-46c8-8754-8a024a449d97
66894,35.784447,-95.401975,site,node/2555053467
66895,36.695460,-97.317920,site,overture/01571c27-7a75-4beb-a2c5-32ec12b9ea53
66897,32.194688,-86.419639,site,way/202953953
66898,37.310675,-77.391841,site,way/220909444
66899,35.000431,-80.978270,site,way/225349683
66900,34.051062,-86.872140,site,node/12323068362
66902,43.281530,-71.819180,site,overture/30d8b35e-b21c-4d5b-b643-98eac672ce39
66905,43.042580,-71.174060,site,overture/526c5440-bf5a-4903-881f-cfbb7874d9fe
66906,32.623940,-96.693870,site,overture/5315133f-b0aa-4a36-bdce-2aeda0bc9d8d
66908,36.935996,-80.994709,site,node/6224489917
66911,32.411190,-88.506185,site,way/225873119
66912,37.726008,-113.051025,site,way/225054740
66914,35.574678,-78.145927,site,node/5486357422
66915,36.952040,-80.881650,site,overture/762c9097-80ba-47de-8586-42c99f255180
66918,41.027150,-89.048940,site,overture/991d4509-79ec-4d48-9636-d6465d62a268
66920,35.237610,-80.939380,site,overture/236db189-8546-43d3-9196-4b9bc0dda37d
66921,31.960680,-81.331600,site,overture/b8549bd5-1154-4062-a9f7-0ad03c5ed9ed
66922,31.817345,-102.381290,site,way/211532665
66923,34.227513,-83.498977,site,node/895095946
66925,34.855452,-81.006107,site,node/11087112606
66927,38.085790,-83.899250,site,overture/9018fb0d-f9f8-42c4-9e8c-1f4633de3d71
66928,27.685833,-99.465611,site,way/229304828
66929,38.575790,-90.098810,site,overture/168ec563-4d74-4252-9582-2e419746a138
66931,42.172744,-91.776923,site,way/1135573373
66932,40.923260,-90.648754,site,way/771829195
66935,44.196150,-87.727860,site,overture/6796ad94-c737-4523-bfb1-2852b0908b4d
66937,37.981456,-91.719780,site,way/677336596
66939,44.430568,-88.056303,site,way/692263711
66941,33.043748,-96.177447,site,way/268165555
66942,41.485830,-112.056804,site,node/8901552985
66944,29.339429,-81.134943,site,way/224604392
66945,37.500132,-77.089756,site,node/5224067414
66948,43.030782,-76.000841,site,node/12961097009
66951,31.106880,-99.333240,site,overture/d994c0d2-f04d-42fd-bc54-3b26f1b1d5ae
66953,38.490571,-85.769942,site,way/225342534
66954,35.074870,-89.951230,site,overture/d9bbad29-b70b-495d-8a7c-f8eb82287671
66955,32.686600,-114.582779,site,node/12263053680
66956,37.004216,-88.318551,site,way/225806477
66957,35.643637,-86.891396,site,way/226610044
66959,32.346112,-88.727800,site,way/236749236
66961,28.081090,-81.993740,site,overture/9be42588-5ba4-45c0-926a-8a685f2f7494
66962,39.583911,-85.818321,site,way/267162879
66963,43.943510,-90.769840,site,overture/090444c3-dc5f-4955-9e15-32623c8497f8
66964,40.834015,-83.244958,site,way/229321289
66965,33.347808,-83.392832,site,way/1117465723
66966,39.621063,-83.612507,site,way/225055311
66968,40.395500,-91.569510,site,overture/a67fd3b9-cc81-4aeb-be99-f4133e4252b4
66972,47.590230,-117.560161,site,way/218186572
66987,33.514160,-82.504103,site,way/225050855
66993,41.341890,-86.264050,site,overture/0fe22284-2d51-4fe1-aba7-19cd535f202d
66994,41.416546,-84.104220,site,way/220265675
66995,42.377240,-77.364010,site,overture/a1059f6c-db56-4f70-98e1-654a9c1386c0
66997,32.582004,-93.248432,site,way/225869958
67008,38.727955,-89.913683,exit,node/236325809
67009,43.145176,-93.358920,site,node/2392294122
67030,43.659493,-93.315979,site,node/661977888
67034,41.173340,-83.651876,site,node/11113139587
67037,40.996286,-81.995650,site,way/225055026
67038,31.580773,-84.086382,site,node/7542459014
67039,38.543317,-90.440590,site,node/12287648799
67040,31.191325,-85.400634,site,way/230484017
67041,44.590530,-69.595730,site,overture/b2b4ff7a-bcdc-45d2-9d1d-b89ad2184bb6
67044,33.633570,-113.768048,site,node/2381608285
67047,43.693661,-98.014827,site,node/12361099471
67051,38.486850,-90.758350,site,overture/419ee2bf-2387-4fec-8bc7-2f748b8ed8c1
67053,27.687390,-99.463490,site,overture/be01b9b2-09e6-4f33-a443-e3f7f4ee3c67
67054,40.769855,-111.940788,site,way/225054893
67055,42.660267,-112.206149,site,way/230495145
67056,47.662566,-95.984603,site,way/1531590379
67057,42.497957,-73.674107,site,node/709064600
67058,39.907520,-88.895730,site,overture/2158dc2d-1696-4429-acc8-2aff84ef998c
67060,46.954162,-122.935328,site,node/2100738508
67063,29.676320,-98.155970,site,overture/ac2e8824-cf0f-452c-8600-f272da887dc9
67064,35.526595,-98.351264,site,node/11687479398
67065,32.446083,-93.948764,site,way/896341241
67066,41.680425,-92.997572,site,node/947850836
67067,40.077867,-104.648352,site,node/4182375319
67069,39.275407,-103.709749,site,node/5325322135
67070,36.172049,-86.865291,site,node/9789250017
67071,38.766220,-90.118339,exit,node/236322315
67073,40.964433,-80.139977,site,way/220625680
67075,30.716650,-90.566910,site,overture/ef2f36ca-f24c-444f-9476-17d28a22b7ba
67081,33.159849,-84.871287,site,way/225050448
67082,39.629970,-77.782766,site,way/220739417
67085,41.092223,-74.155822,site,relation/9107525
67086,34.697262,-77.139585,site,node/9373095979
67087,34.439121,-77.880176,site,way/1015999585
67088,34.240274,-81.459063,site,way/1111675855
67090,33.998958,-96.428828,uncertain,way/1077589681
67091,34.988754,-79.251094,site,node/9402544206
67092,35.835233,-76.765353,uncertain,way/275611910
67094,35.714261,-79.811407,site,node/9406261409
67095,35.519062,-77.092062,site,node/2817088468
67096,35.018040,-78.903128,uncertain,way/1019262326
67097,35.244057,-77.616783,uncertain,node/9388525113
67101,35.251192,-80.501591,site,node/9409019420
67103,35.846189,-77.050748,site,node/9380267828
67106,37.184855,-77.317840,site,node/12165022612
67107,33.808091,-79.019072,site,node/2709715116
67108,33.854881,-78.815287,site,node/2783581861
67109,36.689427,-76.608858,site,node/9275174397
67113,43.351372,-89.037740,site,node/567704701
67114,41.078730,-87.868367,site,way/251859826
67115,35.074260,-85.616930,site,overture/567e07cc-ebab-4559-8878-7e740a98abe6
67118,39.704650,-91.367130,site,overture/f0283748-4139-4fef-9d86-3c7e5d2e8fec
67120,30.376699,-83.298246,site,way/224604104
67121,42.381180,-75.182950,site,overture/ed681ac2-ddba-4c1a-8882-6ba216d96feb
67122,35.487726,-94.226413,site,node/5811314510
67125,41.173198,-80.569315,site,way/220784541
67126,35.682980,-88.777610,site,overture/a758d7b5-f24e-4fd3-ac71-7d18c2f91747
67127,34.367669,-86.893721,site,way/220388749
67129,39.364604,-101.032902,site,node/1022121200
67130,41.457600,-88.192501,site,way/144058519
67133,41.098866,-114.959736,site,way/220070308
67137,40.931299,-117.803924,site,way/1161850959
67138,37.204566,-93.299070,site,node/5048951794
67139,38.693800,-84.938840,site,overture/4b829feb-7612-4289-bb64-d8f3209524a3
67140,42.309560,-93.573040,site,overture/ea37ab40-d2b0-423f-be99-7f313d3c366c
67141,41.700230,-92.726080,site,overture/b766a63d-dbcc-4fdb-84fe-dddcfe81d4d9
67143,41.139150,-85.161500,site,overture/180765d3-ef85-4dfa-9dc1-dc932eeb0bd5
67149,44.035290,-89.533370,site,overture/6e321dea-040a-45d7-8544-6d5945fe85ad
67150,42.008970,-93.585950,site,overture/980a669e-29cd-4348-803c-8ba44c7acfed
67151,41.517557,-93.102492,site,way/491480732
67155,38.970569,-89.136441,site,node/4743143943
67158,39.556670,-119.491000,site,overture/920f77cd-8110-42ec-bf89-5f944a023e4f
67160,38.757990,-81.690620,site,overture/a20c2fec-7a4d-4f74-a6e0-ab1a490e0508
67162,41.697899,-92.358554,site,node/947850877
67163,40.517475,-76.111503,site,way/645515149
67164,39.255665,-112.116115,site,way/235915986
67165,40.021020,-79.084820,site,overture/fee02192-07ac-4bd4-a383-204ce93610a9
67166,39.772740,-82.683950,uncertain,overture/43ffb531-e3ba-4083-af7f-4855e894ac9a
67167,44.044595,-116.975973,site,way/1317725115
67168,38.947993,-99.560852,site,node/12251002348
67169,33.554633,-80.825699,site,node/5980376205
67170,30.397920,-83.359060,site,overture/72d7d938-4e7c-439b-96a6-548fde1bdb07
67174,43.047440,-92.671800,site,overture/22e46b0a-ac29-4b93-9441-8c16469eae56
67175,43.371394,-92.111894,site,node/9984493478
67178,42.670706,-92.336999,uncertain,node/9779425976
67182,43.184296,-91.864583,site,node/957809643
67185,44.454662,-93.167230,site,way/1181009383
67186,43.651460,-94.446570,site,overture/b11bf894-d5e9-44a2-b42f-55fa444ab5c9
67192,43.954203,-92.471782,uncertain,node/1342236630
67193,43.805166,-91.754274,site,way/168816948
67195,43.637320,-94.090476,site,node/14027480501
67196,43.997288,-92.247907,site,node/1583445707
67200,44.759820,-90.296620,site,overture/a5ade197-ac8c-4f4f-99a3-b4ceabc12fda
67202,44.290485,-91.241275,uncertain,node/3843466842
67204,45.132957,-92.534691,site,way/981057674
67206,44.940697,-91.386641,site,node/1271634110
67207,43.198091,-88.742896,site,node/5565284975
67208,43.314991,-90.351110,site,node/3121522447
67209,45.180496,-89.667693,site,node/5859562970
67211,43.853912,-88.861686,site,way/251404341
67219,45.464677,-91.111780,site,way/1322056015
67220,42.970972,-89.513064,site,way/675830419
67221,43.989421,-88.585747,site,way/899058639
67223,45.473976,-91.754292,site,node/6010008672
67226,43.922963,-91.245242,site,node/7178523488
67229,44.335902,-88.630946,site,way/775431740
67230,43.817099,-91.238680,site,node/4551432427
67233,44.182563,-88.064679,site,way/769786953
67234,43.681364,-90.265628,site,way/1327355898
67235,30.812060,-97.609890,site,overture/d3348e3a-a69d-4b51-9e6a-1f47dc3d8ace
67237,32.683460,-93.192700,site,overture/18501c51-0ecd-4f22-adfb-41e4c3ac7131
67241,32.213870,-93.705800,site,overture/35bfcfe4-7483-4dce-a2cd-13d8af938c5b
67242,36.279440,-80.825646,site,node/9414286332
67243,34.724447,-114.315380,site,way/264993829
67245,33.843459,-79.087234,site,node/2738902947
67246,34.762752,-77.486381,uncertain,node/9375053780
67247,42.729495,-71.210317,site,way/214549447
67248,35.725612,-78.581115,site,way/47662109
67255,31.190446,-90.485819,site,way/225872641
67262,33.593110,-86.159480,site,overture/ffc02440-a931-4708-a4ee-01dfdd0629a7
67264,45.200960,-67.517790,site,overture/4ddec28e-a96b-4bfa-bdcd-68dcfecce232
67265,45.362200,-68.515598,site,node/1768955610
67269,41.232900,-75.496380,site,overture/2d338a78-577c-4775-96aa-804af75bd3ea
67271,44.623329,-93.757046,site,node/4836158573
67272,48.371040,-114.189220,site,overture/eae58882-28b0-4c8c-8baf-b0f7ef478a7c
67273,34.296410,-81.544010,site,overture/6ea680a0-b917-47fa-b3b3-3f71652a6dcb
67274,42.483322,-91.470206,site,node/8206019385
67275,44.567678,-92.625243,site,node/2089292144
67279,39.450210,-85.625960,site,overture/f910bfb4-ac09-46ab-854c-d2ee98223f9f
67281,31.725219,-82.197507,site,way/264019157
67282,39.913784,-77.669391,site,way/473674111
67283,36.177263,-85.948239,site,node/10742335870
67284,41.102557,-100.724317,site,way/225057377
67285,42.668918,-93.458779,exit,node/159667121
67292,33.933838,-86.190764,site,node/12262904376
67293,43.566902,-88.916277,site,node/9414098535
67294,44.980260,-73.454520,site,overture/a838840a-f529-4bc3-949c-eb9c6de85f61
67296,36.077397,-115.040595,exit,node/1435115493
67297,32.516334,-98.362993,exit,node/236045096
67298,39.949911,-83.382811,uncertain,way/221788337
67302,43.661813,-94.732409,site,node/1345343848
67303,42.669527,-96.664712,site,way/779259350
67305,32.447946,-93.984784,exit,node/114877221
67306,37.782525,-85.396177,site,node/3882669310
67307,43.034900,-83.361190,site,overture/f9ce5372-de4a-4ce2-970b-ff68b5ea8af6
67311,46.760300,-92.129140,uncertain,overture/6b93661c-ec1b-4b07-b5e0-8f439c9eb90c
67312,37.240897,-89.563143,site,way/511344581
67313,31.218190,-94.774450,site,overture/e3e66353-779f-437c-b7b3-0954bdf5cbf0
67316,36.729092,-102.500016,site,way/226285797
67321,34.351338,-89.915963,site,way/225871183
67322,34.315984,-88.791113,site,way/225873290
67323,41.210830,-98.450940,site,overture/9c2f346f-ab8c-4641-a474-d3ae14f76d43
67325,31.419710,-87.007990,site,overture/abd042b6-90e4-4e48-bee1-72b18e56428e
67329,34.504708,-82.961513,site,node/3413766312
67331,33.279140,-87.098970,site,way/218492781
67333,41.349400,-74.687160,site,overture/a53ff72c-74b8-4eb6-aad9-dd869439cd90
67334,44.453265,-89.541058,site,way/634485649
67335,35.494460,-86.071420,site,overture/bf838d64-ecb7-422c-a994-d474646f3068
67336,28.520840,-98.183960,site,overture/c8239a9b-e6ea-4464-aeea-a68cf9de715f
67337,42.873138,-87.943895,site,way/628459659
67338,36.360990,-97.890760,site,overture/f1dcacb2-71dd-4404-9909-4ce63473278a
67340,40.076591,-86.901212,site,node/13931218800
67341,42.070739,-91.326420,exit,node/160158488
67342,37.232810,-80.239740,site,overture/c11424b5-9058-4bfb-b80f-53b2e42ec837
67343,45.049530,-87.796710,site,overture/7b935fb3-3dd7-4bee-823d-e034ac104e17
67344,34.051062,-86.872140,site,node/12323068362
67345,33.934870,-86.195300,site,overture/abb435d8-dfe8-4fac-b949-2026fa67673b
67348,41.913885,-80.570160,site,node/8082089658
67350,44.452920,-88.093160,site,overture/fe89f432-eaa3-4798-be11-ab7dbc001ebe
67356,42.137869,-72.625483,uncertain,node/2569267368
67357,46.831245,-96.844574,site,way/225056490
67358,44.872960,-92.621133,site,node/5757462600
67359,43.147100,-112.392330,site,overture/9c657791-6443-4024-a73e-38f06bb32799
67360,31.398740,-81.450490,site,overture/7f9a588b-2e0e-4035-a9d6-9c24c49a4007
67361,47.236180,-122.249310,site,overture/71e3bc17-6ee3-4473-8521-adad802ed5e1
67362,35.175229,-103.103942,site,node/13401860214
67364,43.058637,-88.204363,site,node/13986042788
67365,44.073197,-87.700124,site,way/226013389
67366,42.944890,-88.109690,site,way/815790015
67367,43.550732,-90.888323,site,node/3846839331
67368,43.553784,-89.467570,site,node/3669288810
67369,42.616230,-87.950160,site,overture/94224640-71fa-42c5-bc2a-f77cd0355fdd
67370,34.881280,-83.396690,site,overture/757f74af-099c-4ab6-baa2-4fa05649c106
67371,33.829230,-93.393840,site,overture/c3f6cf6d-e325-41c4-858b-ed7ab09d3b90
67380,40.738829,-114.039627,exit,node/1468911485
67381,33.250212,-80.816624,site,way/457755450
67382,43.839909,-103.200538,site,way/235555281
67383,41.444220,-82.691560,uncertain,overture/a1b27233-1995-4dd3-afe4-4128bab7ec1e
67391,40.812811,-96.788831,site,way/210507025
67393,33.431113,-112.592198,site,way/223537901
67394,31.209219,-82.382803,site,way/1001235359
67395,41.647691,-91.115055,site,way/1002861972
67397,41.378360,-88.775690,site,overture/72759e98-6e6c-454d-a688-7374730fe932
67398,38.051810,-93.691666,site,way/1419613035
67400,40.753340,-84.128255,site,node/9671223124
67401,32.631606,-96.701987,site,way/401053411
67402,43.398980,-103.396030,site,overture/c139939f-626c-456c-a8a6-5085b471836e
67404,41.998844,-92.674410,site,node/3299666361
67405,41.158680,-104.357700,site,overture/e30f8919-9f82-4132-88fe-3f7efb4ad22e
67406,40.367400,-78.430890,site,overture/c50d3dc8-7c35-4847-b9c7-f220fe0a9a01
67408,42.357429,-89.999159,site,node/4758745321
67410,28.520340,-99.856880,site,overture/5d98a922-997a-464b-a2d0-48c74feef58a
67411,38.342320,-104.623454,site,way/224603773
67414,45.860901,-95.423425,site,way/265726035
67416,41.448842,-91.084842,site,node/2220987569
67417,33.567963,-112.100107,site,way/353124079
67418,41.487210,-91.554320,site,overture/7b5851c0-8040-4bf5-bbd4-ba00f890342b
67419,34.119312,-84.743176,site,way/756613771
67420,35.991892,-87.488674,site,node/12167312036
67421,30.895509,-96.602303,site,node/12263024033
67422,41.696670,-91.665640,site,overture/b0e396ff-016c-4d1a-9e4f-b6c77d6ed374
67423,35.380870,-97.055950,site,overture/48d99d22-48b2-422f-a3b1-e2c5ca687541
67424,26.086310,-80.210900,site,overture/8768434c-d8ae-46ad-9b46-6dea1321c55b
67425,35.323550,-91.560900,site,overture/4e83396c-ac10-4338-966a-5978f71438d9
67426,37.855940,-99.752630,site,overture/4aecba69-751b-4e72-a2ae-c5f6a02c37ca
67427,36.921020,-89.346280,site,overture/832bf5b3-2bcb-4b08-aa7e-dedca2a1ea83
67428,40.593080,-74.245700,site,overture/ef33373e-c064-42cd-a25e-e123ceb6b590
67429,40.345490,-74.429190,site,overture/1c5df10f-8a8e-4d19-96b4-93dfbe657aa6
67431,42.064190,-94.862660,site,overture/48d2aadc-37da-4466-bfff-262adc6684d6
67432,28.118150,-81.638810,site,overture/a002e57a-6d92-472a-82a2-c4f8b23d85eb
67434,39.752567,-94.215022,site,way/412173093
67435,39.678040,-75.762260,site,overture/d0b2b708-8f1e-4b09-8a91-b6a9dd5db64c
67436,40.060570,-77.476910,site,overture/ea70c082-43f2-40e9-8e83-4ad50330150d
67437,43.042300,-71.305220,site,overture/59434b81-7e39-4519-a5ab-375e1d4c349c
67438,29.267504,-82.198435,site,way/1033376810
67439,33.056630,-97.483700,site,overture/4e21c927-f813-46d6-976e-7b0878b0f4d4
67440,39.538620,-79.994500,site,overture/b5ec4a86-c224-4228-a4e7-0de23ded43bb
67442,35.545349,-84.565152,site,node/10147552809
67443,35.232954,-85.826188,site,node/11211834817
67612,46.955020,-114.132860,site,overture/e22f5bd9-1173-4af7-8100-3a94452b58f6
67613,42.470360,-92.446644,site,node/3951963019
67614,44.029449,-92.647683,site,node/1475024556
67615,44.443009,-92.275218,site,way/1214553378
67616,44.288848,-88.477281,site,way/642410177
67617,36.345730,-86.933690,site,overture/8e6362c1-487b-4835-a4ea-c53631979e07
67618,41.603390,-84.408140,site,overture/de4ef96b-f064-4d8a-891e-02b1f588ff72
67620,34.708184,-97.242022,site,way/319313635
67621,47.470340,-111.358500,site,overture/d95e9c9a-37e3-4cd3-83f3-4d247711cf52
67622,46.604230,-122.907754,site,way/705008098
67623,47.710864,-117.003932,site,way/223313114
67624,39.740724,-104.434336,site,way/224603696
67625,30.748995,-85.382928,site,node/2508814089
67626,44.870103,-94.374678,site,way/1152311420
67627,28.873465,-82.090619,site,way/787215717
67628,41.143846,-87.260876,site,way/225342474
67629,45.217393,-93.598327,site,way/757330284
67630,44.023951,-88.161082,site,way/772007246
67635,41.537126,-83.466615,site,way/223010493
67636,38.572663,-95.265997,site,node/1881267062
67637,40.841450,-73.998900,site,overture/e11e4971-05ca-46c8-9317-d1b35ff49021
67641,36.711670,-82.791370,site,overture/fdbd3478-76b4-4362-9160-32d2ba725404
67643,36.238670,-80.815030,site,overture/bd976706-183d-48d4-bfe2-fe3a3c1319f5
67645,29.688890,-82.353900,uncertain,overture/2008206b-ceeb-49e8-82fa-24f94146cd1d
67650,39.953812,-90.207707,site,way/1272610587
67652,39.051600,-94.793110,site,overture/df2fd970-340f-4ab2-bd1f-2cf44957e696
67655,30.230818,-89.805898,site,node/9590278727
67656,44.358254,-89.087061,site,way/660266229
67657,44.282848,-92.667832,site,node/2479666290
67658,42.747524,-76.135290,site,node/3622770297
67664,32.451906,-97.538753,site,node/12403487158
67665,39.901210,-95.788090,site,overture/f4ef3fcf-7644-4c8e-9f7e-dda27a92d743
67666,35.592700,-97.437300,site,overture/4756537d-075b-4523-b13d-113ce192549f
67676,34.260010,-92.101840,site,overture/9ed8ddb0-9680-405a-95e6-969d7a334ffe
67678,41.488060,-83.364060,site,overture/41b26218-46d6-40a2-9717-9d3b8c055baa
67682,39.459090,-98.091650,site,node/1438079240
67683,40.848897,-99.985497,site,node/8805633253
67684,42.183745,-93.570575,exit,node/161092021
67685,41.889062,-91.675011,site,way/744225582
67686,38.145307,-97.421219,site,way/657908311
67690,31.683690,-96.482580,site,overture/50f083fa-d3f6-40fd-a3cf-436f0c782519
67695,38.186640,-83.557760,site,overture/1a6718ff-6769-4b5b-b49b-966e6c98cbf3
67697,34.064870,-79.951020,site,overture/0a16cac8-3118-42d2-aa82-06a0a3bc1eaa
67698,46.177200,-103.406280,site,overture/a5e098b7-68cb-4371-a3fb-6b301a6ca475
67699,32.566390,-92.911740,site,overture/882a9883-077a-41dd-b989-d4e51f6ed1c0
67701,46.875981,-97.209425,site,way/125941467
67702,28.142153,-82.430284,site,node/8920663159
67703,27.886067,-82.700723,uncertain,node/2606139608
67705,40.431946,-74.515108,uncertain,node/9237655584
67706,40.674625,-74.198938,site,node/9241674442
67707,40.632419,-74.238312,site,node/9239349490
67711,29.630930,-90.704640,site,overture/e6ff8d44-b81b-44fb-bc0b-beceff185a59
67712,44.296841,-96.794291,site,way/1210324625
67715,35.393113,-99.405457,site,node/13858664451
67716,44.557060,-94.192360,site,overture/cd4057d9-5f3a-429a-8660-f02c5085f60c
67720,34.197740,-80.276260,site,overture/7a29fe83-f061-48f1-9709-a21a1743540d
67721,42.349200,-88.850820,site,overture/fcb31066-ba98-4aec-9a36-185ef468380e
67723,31.488120,-82.842560,site,overture/670f4134-3b82-4945-bfee-8cc9397522e0
67724,37.276288,-93.112776,site,node/12260528166
67726,35.606871,-77.429974,site,way/631721386
67727,35.626286,-77.328273,uncertain,node/9384576209
67728,35.311528,-77.159973,site,node/9377524507
67729,35.978247,-77.789926,site,node/9391943837
67732,41.857760,-96.709312,site,way/729507152
67735,35.832300,-97.933600,site,overture/bf14b9e4-fb32-4ac4-88e1-009366686c2c
67736,31.518389,-106.132264,site,way/1199663149
67738,31.552860,-90.385290,site,overture/f46208f8-34bf-4665-945e-56ee8ca40c11
67739,27.956450,-97.937500,site,overture/c5706474-8888-4526-9453-30c8a2860df0
67742,31.982640,-102.036510,uncertain,overture/2a2b14fc-acd9-4662-9acb-dab7e2b0e7e1
67743,33.156980,-99.727080,site,overture/18815707-8405-4e47-885b-2a2db27606f9
67744,26.293680,-97.929250,site,overture/08b1faea-6e8a-4ebb-ba55-eef916da6a40
67745,26.199410,-98.344280,site,overture/a0aad43c-aaa6-4f53-8907-95dfa70dfb3a
67746,26.209100,-98.327200,site,overture/9d6dbab0-567e-4899-a0b9-60f716d5e56b
67747,31.114950,-99.335110,site,overture/8c631fba-73e6-43af-bbb1-d64d60d1879d
67748,31.903100,-102.336650,uncertain,overture/2d76c7d9-7aaf-4c7d-a41e-2bf0c1ee8ab3
67749,31.970466,-102.073694,site,way/1187725507
67750,25.982020,-97.484820,site,overture/9fa518d7-3bb3-44a5-9e51-a8dee2ad8805
67753,27.312230,-98.678710,site,overture/b4809e0f-1f1b-4eb8-8a3b-a50a1003aaa8
67754,36.310710,-79.941220,site,overture/1ad08cd2-dd47-488c-a488-7c07fb1cc176
67755,32.894996,-79.923827,site,way/1419246749
67757,32.394695,-88.582852,exit,node/125585263
67758,38.591620,-83.327180,site,overture/aa0e2235-e80d-41a6-86e1-7c407e36b824
67762,34.435073,-100.226588,site,way/1464904936
67763,34.959400,-89.528920,site,overture/94d9222c-94bd-47f6-946f-02e5702a1b67
67764,34.957290,-97.951750,site,overture/4d8acac1-8a6c-4962-b2e3-09225f1285b7
67766,37.382517,-79.727972,site,way/981846918
67768,37.922853,-86.895604,site,node/4964280223
67771,36.122100,-77.174030,site,overture/1f89c8f8-1b9e-4ae1-823f-0a965c9a97ec
67772,31.602836,-90.462657,site,node/6557769586
67774,40.626110,-74.243160,site,overture/5ba7cbca-1fc4-49dc-9d1a-81d9655e11b4
67777,30.413660,-81.662110,site,overture/2795df1a-1cfe-4c13-8353-3826d2ab3961
67779,40.262008,-103.772991,site,node/3781736001
67782,35.567390,-82.956860,site,overture/5941fdbd-0af5-4802-9e5c-5ea2b4aa46e1
67783,40.024878,-76.543703,site,way/954400810
67784,40.297550,-90.053680,site,overture/4e4851a3-5c02-4d8a-99cf-df7475b38a28
67787,31.909420,-102.219277,exit,node/227128153
67789,41.556382,-112.128344,site,way/233786518
67791,36.508620,-82.435320,site,overture/95e3f509-9cb4-4d19-ad96-db8f40bca64f
67792,42.456560,-98.634100,site,overture/609b1d52-3846-46f3-a429-9f52360345a3
67793,41.040720,-93.795560,site,overture/9b775915-b59e-4f09-aa96-a6e023a3ab28
67794,39.713050,-89.649050,site,overture/1155c9d1-8016-4c70-a0d4-40cd591be793
67795,41.378987,-88.776399,site,node/9849198661
67797,32.020290,-93.335560,site,overture/a4abd159-d778-47fe-971c-34974b0a3110
67798,31.458966,-85.628937,site,way/1548895006
67801,39.302754,-84.485135,site,way/204077975
67806,31.588100,-90.431240,site,overture/74325f64-1c61-45e0-8088-91eb19698395
67811,32.784995,-97.061985,uncertain,way/638844599
67813,40.336254,-88.759601,exit,node/261229333
67815,39.615996,-86.479029,site,way/229464669
67818,34.656945,-92.412521,site,way/893136392
67819,43.144650,-95.141210,site,overture/d356e48f-a936-4a3e-afd1-1fc32a7d12fe
67820,34.017386,-78.274590,site,node/2810323587
67821,38.553440,-83.585010,site,overture/578d0a58-988a-46f3-8065-2e559081ace5
67822,34.852733,-82.386286,exit,node/112886480
67823,35.678660,-90.549800,site,overture/785edc61-3b9b-4a3c-aad6-bdee11c96a1a
67824,31.791124,-85.977875,site,way/1180285534
67827,32.086940,-84.675683,site,node/12614934368
67829,43.169239,-89.069841,site,way/1175330309
67832,34.249710,-88.772290,site,overture/7400e80c-3cb0-4e6f-911d-7fbc546741d1
67833,37.332737,-95.259452,site,node/1671373832
67835,36.086682,-79.827628,site,node/13365256170
67839,26.129390,-98.243180,site,overture/cf0d689f-fb22-43ec-8a40-35bb47b720f2
67841,35.474492,-79.187431,site,way/1033582494
67842,44.037044,-75.910988,site,node/3741240143
67844,38.984161,-75.567802,site,way/715470800
67847,42.467790,-91.480160,site,overture/aa048c84-f819-43e1-9ddd-e7a58eb99673
67848,32.980667,-86.685616,site,way/1527997634
67849,36.104420,-91.099500,site,overture/15c411ea-157c-4388-abf7-3d83a1c432f5
67850,37.931200,-79.225600,site,overture/ac6d9447-9773-40dc-900a-24bd90fabc88
67855,38.012790,-84.206810,site,overture/aa82ee62-d451-463e-b7a9-a3768a0b557c
67859,27.211954,-98.141785,site,way/1007185330
67860,34.075312,-89.895753,site,node/7785905831
67861,41.017920,-93.308613,site,way/1177413450
67862,39.848054,-85.419591,site,node/3303530065
67865,25.922238,-80.210381,exit,node/470508316
67866,32.582630,-93.246990,site,overture/87279dc2-3aaa-43ef-b26c-19d3e3c3e6bc
67868,30.711621,-95.551550,site,node/2176631266
67871,40.387431,-109.438694,site,way/1175781222
67872,34.016170,-88.700740,site,overture/c0db3d72-eed2-4517-926a-1fc93e31a1a9
67874,40.207005,-76.874321,site,way/1222322988
67875,35.068703,-91.912331,site,node/11118415793
67876,36.140340,-97.052510,site,overture/be81b0ef-5139-4100-bea9-edba98862ecf
67877,35.932147,-86.534214,site,way/684814997
67884,36.811938,-107.998860,site,way/732205789
67886,39.326468,-108.207312,site,node/3171478203
67887,30.020641,-90.255802,site,way/444417124
67890,36.836350,-94.394740,site,overture/3d67e885-be86-4ac8-85e5-f6026ca48432
67892,35.364120,-90.280400,site,overture/3a0012f0-7a0f-4f72-8d4c-704b2bfcfebb
67894,28.812535,-81.916996,site,node/13955153111
67897,31.847780,-103.087170,site,overture/b9a2a723-51a3-4dbe-a8ae-c301873bf422
67900,33.487220,-81.924960,site,overture/2d4ff672-61ee-46d8-92bf-17d6681e37f5
67906,38.066680,-94.708310,site,overture/962dd3c2-318d-409e-9eb2-83307538f718
67908,37.961370,-104.794240,site,overture/f3bb9fb6-22ec-4a4b-98fd-9adc9dcfe7ae
67910,39.680450,-75.469780,site,node/13436580096
67917,30.902090,-102.912570,site,overture/4317d43e-f8b9-4910-abd4-6b38323757b6
67918,40.927326,-75.088914,exit,node/162001985
67922,32.593630,-93.338100,uncertain,overture/5df8ae00-0406-4811-9c67-b3528962158d
67923,42.101320,-89.018580,site,overture/1ec5d184-7076-4f11-b9ad-519807817dbd
67924,43.640709,-95.933934,site,way/242173241
67925,30.426244,-91.150382,site,way/842137352
67927,44.891260,-97.053730,site,overture/e58842fb-3cb9-4f60-af12-ee16103a76d7
67929,28.034498,-82.105585,site,way/1077156219
67930,30.175628,-85.684315,site,node/12980092547
67931,31.628400,-82.461580,site,overture/3a4d5c33-7c2d-486c-9c1f-32dfaa7fb0d5
67932,33.517510,-88.414810,site,overture/f2f59ef3-4906-42cb-bdfb-018210e2a749
67933,28.612900,-82.054440,site,overture/acc963c2-df1b-419a-8594-864707e07d5a
67934,30.824570,-90.572610,site,overture/12098796-74a9-426b-9cce-386186aeaa31
67935,30.572740,-87.030780,site,overture/1de955df-1d61-45bf-b8ff-a623e0de89cb
67938,41.682615,-112.139820,site,node/12646003013
67939,41.022680,-76.318460,site,overture/b772cbd5-81fc-499b-9bd5-0a6e66ddd11a
67940,40.460510,-78.769459,site,way/708677920
67941,35.477986,-95.302021,exit,node/147139599
67943,39.979126,-86.395323,site,way/225347312
67949,34.672630,-82.532370,site,overture/8114ceac-3871-46a7-847c-7c6bd3c78dce
67952,26.943690,-82.011120,site,overture/e25e5d0e-2510-45b1-a42c-923fd627f4a8
67957,25.873110,-80.315280,site,overture/9112e9c3-6cd1-43d5-bd28-3e03b6c31ca1
67965,31.207078,-87.307441,exit,node/55459829
67968,33.486332,-84.907814,site,node/7814292644
67974,30.215998,-93.329998,exit,node/114868452
67976,44.887545,-88.045478,site,node/11168310864
67977,42.228042,-96.236393,site,way/611231184
67997,32.657073,-83.747870,site,node/12361462525
68005,41.551934,-73.044132,exit,node/178518099
68008,35.268760,-91.200420,site,overture/e00ab961-2850-4795-b646-de4c53c552ab
68012,38.805245,-75.583693,site,way/470148678
68016,33.465586,-112.168636,site,way/253131420
68017,34.592720,-112.470180,uncertain,overture/cf0f2b6b-4e0e-431c-8e75-3649aca89b38
68020,30.255370,-82.123330,site,overture/a60d1009-0bf3-4121-a951-eb27bdec79a2
68026,41.118490,-87.839920,site,overture/1925c348-0e0d-4d63-ac8f-a65b5b717795
68029,34.917812,-85.122710,site,way/703253663
68030,33.451331,-81.924764,site,node/13398056089
68031,41.728980,-88.374730,uncertain,overture/cee25831-6128-478c-ba34-8de55f8909b6
68033,33.394990,-82.004970,uncertain,overture/4742b66d-624b-49c5-abac-2768ee52b5db
68036,42.514500,-71.012880,site,overture/5a3c6e73-c327-4e9e-b083-56f07d0cbecf
68043,39.335014,-76.411226,uncertain,way/298976761
68048,42.807555,-95.798464,site,way/1289670006
68052,42.311520,-95.244510,site,overture/985c6797-5149-4b8a-a3f1-08b507c784bc
68053,43.524539,-112.027986,exit,node/127284465
68055,41.681210,-86.931120,site,overture/71db4b61-254d-4d64-9c7e-52c6650116a6
68065,37.576890,-101.362860,site,overture/a0143ee0-b5c6-4dbc-859d-a543d31b6ac6
68067,40.890103,-98.340271,uncertain,node/3818179331
68068,41.987870,-98.084089,site,way/1411192001
68072,42.812624,-85.720063,site,node/8200462253
68073,42.828780,-103.001080,site,overture/0edccedc-623c-4803-baa6-2519c0231332
68076,30.240020,-92.635090,site,overture/93406d19-a4bc-450b-8bc4-8e42cc62a984
68080,30.947016,-92.271772,exit,node/674847828
68081,29.678220,-90.541310,site,overture/fe6dc867-b149-4bc2-9c60-120c859ef843
68091,43.008830,-71.396480,site,overture/c15c0fc3-8d34-4ed6-ac6f-7f2c7317a806
68093,41.874775,-84.018097,site,node/3277503852
68095,42.814600,-83.573260,site,overture/a739e385-d63f-4f03-8994-f4233bad8db8
68100,43.021211,-85.668527,exit,node/184704365
68102,40.833414,-74.053604,site,node/4694792401
68107,45.845877,-92.972425,site,node/11465995369
68110,41.314880,-82.022160,site,overture/eb043bc7-a203-46f0-a4ec-b09e95fb4e0e
68112,44.901406,-93.049702,site,way/526374438
68113,41.610617,-83.736942,site,way/1428875198
68114,40.074290,-74.866650,uncertain,overture/b5ae8df4-9565-433e-9bce-ef1f5ba9ad85
68116,44.962970,-93.241940,site,overture/dd28c2d3-7f92-4aec-b880-abfb756320ec
68122,48.847676,-95.769178,site,way/734506543
68124,40.925066,-81.764709,site,node/9311617115
68129,39.710768,-94.788560,exit,node/5302793556
68133,37.068960,-94.493830,uncertain,node/12685598813
68140,36.884420,-104.428140,site,overture/ce0f01eb-0122-49ed-a4f7-af3be8a0f688
68148,30.427820,-89.091380,uncertain,overture/596c5632-e33c-4eef-b0a4-73ac764e96df
68151,37.119208,-93.118478,uncertain,way/1349133746
68154,41.072793,-87.866766,site,way/225052008
68155,40.956171,-77.767399,exit,node/105978285
68156,39.989220,-75.090220,site,overture/968e306c-a741-4e20-abaf-eeefac466855
68157,40.203710,-74.773700,site,overture/f4ad06c4-a8e1-49ef-ae6c-1d17bee63f9d
68158,40.535010,-75.975623,site,way/540085687
68161,41.679040,-77.064730,uncertain,overture/c47a482d-4d4f-4255-a3b3-a18737d6d5bf
68165,39.474654,-118.795162,site,node/5095585321
68167,42.963330,-76.734188,site,way/827771290
68169,39.597580,-119.838500,site,overture/6742fdfe-f348-476c-941c-02369971bd4e
68174,42.231420,-75.916700,uncertain,overture/88f82f94-826c-4ad0-af02-da788298f3f5
68177,41.025420,-76.317730,site,overture/db30a7ab-79ea-49d7-91b8-d060d902a4a6
68178,32.263850,-90.134110,site,overture/e961a6ee-8b74-40d8-99e3-5413620db03e
68179,33.895990,-89.011360,site,overture/1c67664c-eb3c-48bd-8741-166e5512a8ea
68180,40.939654,-76.023172,exit,node/155290343
68185,40.409190,-76.524030,site,overture/79632d22-bd38-4f7e-bf70-afb5e32e6869
68188,41.787740,-75.684420,site,overture/da12bb20-5203-4bf2-ab88-78f5209a37a1
68189,35.527269,-84.987555,site,node/1856532345
68191,40.600574,-78.320468,site,way/857836562
68211,35.192097,-101.778458,site,way/840690755
68212,35.001644,-82.007110,site,way/1087113863
68213,33.032299,-96.189109,exit,node/13895052114
68215,29.880290,-94.332930,site,overture/a72ecf27-e1ac-43b2-a829-3bf8bced67ee
68217,33.849246,-79.068742,site,node/2711064526
68225,35.904520,-100.390660,site,overture/c7e67f9a-e14b-4a8b-87bd-1c9096b18d73
68227,36.772260,-76.369350,site,overture/4018c3b9-e460-4b86-95d9-7c73cb50b478
68234,36.946820,-80.950410,uncertain,overture/ed70f34b-913c-4520-9ee9-0e9a76c67acb
68235,44.955665,-72.149835,exit,node/204721723
68236,28.668070,-99.181680,site,overture/fbeca989-8c6a-451a-b62e-7e630bf6f0c4
68243,47.242023,-122.412019,site,way/1033370988
68245,26.247970,-97.726040,site,overture/9147140d-5a5a-45de-9f9d-8481a153ff2a
68253,31.573540,-102.892500,site,overture/c4c82a44-09ff-4f1c-8e2a-6b846a88404d
68256,33.475468,-94.283458,exit,node/222248780
68257,41.114036,-88.415109,site,way/887545188
68258,26.162500,-97.959240,uncertain,overture/e5e2d280-4d94-415e-8870-92b8d8bf7e7e
68260,32.412651,-97.225787,site,way/706103486
68261,29.714550,-99.762700,site,overture/0bc8b95a-f6c1-4300-b797-3d97ec9074ae
68266,40.751920,-87.999930,site,overture/92a82fd4-5840-487d-862e-4b9d4104d217
68268,33.430898,-112.598790,exit,node/312681892
68270,37.490800,-90.306620,site,overture/8ccc42af-d965-4df1-aa06-f1263f7fc369
68271,34.437510,-77.884370,site,overture/e6ae698c-b0c1-46a3-b52e-242f0eb0bb1e
68274,31.305403,-96.875573,site,way/1463544475
68276,43.067339,-92.328266,site,node/3048023544
68277,36.236810,-93.106900,site,overture/e97f91b4-1d00-4d31-ad1e-80ceb833c9aa
68279,43.603980,-73.276710,site,overture/2e6089a5-db17-473f-ace3-eedb8f479399
68282,31.348580,-86.534870,site,overture/4dd4e67d-83a3-429f-aad7-32c5e369d2ab
68290,33.812930,-83.680330,site,overture/bc76d4db-1eb2-4382-a358-a9676e82aa43
68292,32.071140,-84.217160,site,overture/557140e8-9d8d-4037-914b-384ec45b6e12
68294,40.919280,-90.295161,site,node/10734818677
68298,41.565346,-87.402031,site,way/1231568288
68301,29.562134,-98.034275,site,way/1012538956
68302,33.194100,-80.602200,site,overture/716088d1-42f2-4433-b744-6267aa3ef944
68303,45.135495,-90.332618,site,node/994283637
68306,44.295597,-105.489500,uncertain,way/265498019
68307,43.640990,-96.213470,site,overture/0b9a6ed5-6cf4-4bda-9bf5-818bc26381b7
68308,43.086041,-88.772957,exit,node/231193636
68311,34.437311,-78.950278,site,relation/13917805
68314,30.652510,-97.871560,site,overture/db5469d2-6846-4953-b3e2-90cc2212975a
68315,35.385290,-96.670770,site,overture/798b4c42-e29e-4eca-ab39-61097363789f
68316,34.888710,-85.073570,site,overture/3386a47e-7654-44ea-ab07-2d8aa693f95b
68318,30.450810,-91.246000,site,overture/406e05c4-7a8d-4196-85c9-400ce789952b
68319,44.730994,-92.853088,site,way/222588082
68321,29.060860,-99.003230,site,overture/d5095a06-bcc6-4d4e-8c91-83d801a35615
68323,29.496300,-98.195530,site,overture/f4a4c97a-57a2-4de8-9485-4f933b3f53ae
68328,36.695110,-97.344040,site,overture/fdb8105c-4124-4fdf-a926-430bab39fb92
68330,47.082882,-119.859964,site,way/454803600
68333,38.928250,-79.851400,site,overture/230808e0-0cb9-457e-9c68-f27cabe43aa8
68335,35.153146,-84.952998,site,way/268168665
68337,41.470360,-87.259451,uncertain,way/1037871381
68339,29.982090,-98.902982,site,way/798305127
68343,35.393113,-99.405457,site,node/13858664451
68347,38.673260,-90.202600,site,node/2464030121
68348,35.025441,-81.880549,exit,node/441940702
68349,42.769555,-96.209434,exit,node/405114181
68350,31.969000,-94.020500,site,overture/f24c6bf6-208e-4e95-949d-c716d9faf659
68354,36.925620,-90.761010,site,overture/692097ff-3e08-475e-bf06-299275547a51
68359,33.791227,-87.242068,site,way/1258811613
68360,39.924810,-75.174278,site,way/438613859
68361,36.328110,-76.171220,site,overture/4d0f5003-4d78-4702-af9f-2ad410bda217
68362,39.910206,-77.559937,site,node/7700015569
68364,44.796920,-73.071880,site,overture/a2dcba05-c15b-4c6c-9eae-4802b57f05fa
68365,34.173100,-82.373120,site,overture/88ac9d9c-79b1-4410-b70e-26fb4e812438
68366,36.841260,-86.913700,site,overture/da62dd2a-5d2a-45d7-a275-801eca59c9f9
68367,31.998197,-106.581222,site,way/225718776
68369,35.523430,-93.864034,site,way/1469588768
68370,41.805638,-71.490952,site,way/1233813328
68372,40.419420,-86.126856,uncertain,node/9584191563
68375,38.480159,-78.818433,site,way/1147235921
68377,33.604336,-81.840933,site,node/10109748474
68378,42.976648,-82.542564,site,node/7047814400
68382,33.969938,-83.887860,site,way/1385342182
68383,40.133380,-91.518560,site,overture/739fad1c-8b1a-4582-a07f-4743586b4c15
68386,44.622880,-88.762980,site,overture/adc44ccd-d557-4e22-bc15-39ec9f1be1c7
68389,43.733330,-87.940160,site,overture/daff4eb8-1239-4b75-9838-188e6d419e0f
68394,41.219243,-112.025195,site,way/42707311
68396,35.207553,-101.866597,uncertain,way/838826053
68403,39.865212,-76.704747,site,way/168083440
68405,31.448369,-96.078815,site,way/346232661
68411,36.337841,-96.794007,site,way/247781761
68416,32.736485,-101.949790,site,way/718503254
68417,32.458480,-94.666830,site,overture/b53c7748-2573-4d03-91d1-d845340d942e
68419,29.062806,-98.997171,exit,node/224356996
68420,39.700733,-92.039047,site,node/12732910744
68421,28.307910,-97.274180,site,overture/bad162b5-3927-43f9-8307-5f1b9832da43
68423,40.179354,-118.472419,site,way/706818062
68424,32.605970,-98.111890,site,overture/9b1bed00-8580-442a-ba86-396cd6356e2c
68428,29.208434,-99.790670,site,way/1064023584
68432,36.550790,-87.467030,site,overture/2c4c96eb-cd72-448c-a91c-1a93296f34d3
68434,34.390510,-92.828390,site,overture/1cfbbbeb-3e8d-4d9d-9ce1-607293204d40
68440,35.186328,-90.017198,exit,node/630087418
68441,34.535544,-82.631539,site,node/2503331133
68444,40.112920,-74.770230,uncertain,overture/b2d5c09c-cf61-4c6e-ac07-c8866bfc9702
68446,37.558460,-101.320830,site,overture/2a29fe08-fc6a-42c4-af7f-f629c1f7fa18
68447,37.901050,-87.108790,site,overture/9eeb1d23-e988-4a9b-9681-9a9a7017b504
68451,43.450034,-92.297025,site,way/849898781
68458,43.058062,-85.957394,site,node/6816256099
68462,29.584480,-90.703535,site,way/1288031416
68463,30.067990,-91.886710,site,overture/d6fb5235-b390-4902-b055-2a4e2fcf5b97
68465,30.452080,-82.933330,site,overture/019a9d44-7476-4fb4-adcb-40e04762ebda
68466,42.663560,-88.263340,site,overture/46228c49-d6e0-4953-b435-5e8946ab6ed1
68468,30.560887,-88.205208,uncertain,node/11978981480
68469,35.095062,-92.426392,exit,node/841811140
68476,31.087000,-87.538132,site,way/1415691610
68480,36.195134,-94.138705,site,way/834053464
68493,30.472060,-83.891890,site,overture/e2d3f64a-9a99-418b-9f3c-4027919376f0
68494,36.748467,-78.098953,site,node/6594802098
68497,42.914000,-112.465760,site,overture/fc5775ea-62d5-4791-ad91-2fec202a80ea
68499,44.176580,-112.236630,site,overture/3f7a2d1e-d8b0-4bd7-81de-2fb78a77a289
68511,32.129587,-106.641492,exit,node/446860191
68512,33.528410,-84.662180,uncertain,overture/8193a866-a47c-49ac-b821-2930369a204b
68518,32.907360,-83.297050,site,overture/92fedab5-8022-48d3-9352-f2988b9b16af
68522,40.625640,-89.619700,site,overture/61101b2f-9866-4350-b29a-a0be4dba9e60
68531,42.227215,-91.869653,site,way/707534593
68533,38.680610,-88.489880,site,overture/db0c59b1-7f03-45dd-8b2c-ac616df8f4e8
68535,43.067512,-91.136527,site,node/6511556713
68541,36.294010,-76.986210,site,overture/5ecae4a6-ec00-4f3b-ad24-14d732355ea0
68549,44.837560,-108.418870,site,overture/6bb20ea6-bae6-4c31-b0ae-fa8719f3efbc
68552,37.352520,-87.489246,site,way/867095300
68556,30.075100,-90.624420,site,overture/3766dcfb-64b7-4838-a942-b8212c7e5c6c
68559,40.265573,-94.015282,site,way/1001314365
68562,29.424350,-90.300680,site,overture/35c56d23-c598-4ece-9bcd-527fff49255e
68572,29.984828,-91.856714,uncertain,way/630020873
68574,40.673180,-74.199880,site,overture/8398dde7-7373-4fc7-82cc-4d060d2d7f40
68581,46.344900,-120.179470,site,overture/f467a5cf-f453-4938-b6aa-18bb0f1f91c0
68588,42.557506,-72.285874,site,way/214933147
68592,33.522875,-81.953297,site,node/12077537503
68593,32.611680,-98.109460,site,overture/038b3625-2bc3-4ecd-9794-95287d995734
68594,32.832350,-79.953040,uncertain,overture/9a3cddb1-b080-4ce2-bfb8-e9e59efc97c3
68596,36.594710,-91.643560,site,overture/32adda63-11ae-43c5-b5b5-dfe8427c5141
68598,31.917290,-94.681130,site,overture/502b4a44-0091-459e-be6a-c3924afc38d4
68602,36.128290,-77.796930,site,overture/ccaa9472-090e-4013-a145-af6ff8c10d8c
68606,35.322060,-80.643340,site,overture/ad4b2407-3d90-4c54-8b62-3f62cba2298e
68613,40.063231,-76.542607,site,way/1392173742
68618,42.571590,-90.244490,site,overture/38464144-89c7-4f4c-95f3-51cfcbf92898
68621,36.673700,-80.712480,site,overture/157fa4d7-049f-47a0-b5aa-d40806ee76f5
68622,38.705220,-80.664197,site,way/689772830
68623,41.059697,-84.980309,site,way/1307140713
68624,30.438422,-88.528436,site,node/5104264387
68625,44.962974,-92.561102,site,node/12244394866
68626,41.393581,-89.467500,site,node/272579491
68643,35.122284,-78.749941,site,way/624780439
68644,48.229360,-101.188020,site,overture/3d4995a6-841c-4cda-8605-67401869c433
68650,39.181610,-84.492590,site,overture/0f0c208f-92e3-44df-889a-cba3d78a6ac0
68653,43.790474,-87.762072,site,node/4760745942
68656,48.193080,-103.657040,site,overture/2ef7b23c-f397-4f2c-9fd7-32252aa4d3d7
68659,44.028921,-92.478484,site,node/1067888551
68663,48.242770,-103.621240,site,overture/d355884f-16d4-4c74-8406-8bc2ae3de1fb
68665,44.224608,-103.380353,site,node/1843430748
68671,40.626415,-97.595136,site,node/1558995289
68672,41.990980,-71.001120,uncertain,overture/7a5a1973-63ff-42c1-9556-6dc9543c9e3f
68674,30.334012,-97.360694,site,way/904864530
68684,29.682094,-90.818215,exit,node/124048970
68685,39.130750,-94.571460,site,overture/bf244c53-3162-4a87-8414-f63a1a7c845b
68689,30.250576,-92.741128,site,node/10951337179
68690,40.766863,-82.517692,site,way/521236648
68691,43.554140,-76.112575,site,node/10750255996
68692,42.189296,-76.833813,site,node/2628901852
68696,28.429816,-97.741881,site,way/1227865917
68697,27.613737,-99.465286,site,way/1182645968
68698,41.543869,-87.831879,site,way/437708668
68701,41.483710,-87.874813,site,way/951482292
68702,35.079231,-81.705004,site,way/723898351
68708,41.604771,-90.623673,site,node/12260536845
68716,41.245860,-73.008750,site,overture/f782968b-2c56-4310-b587-5263deae7754
68722,40.294452,-109.989171,site,node/11463484429
68730,32.035679,-102.130509,site,node/4633597658
68734,43.436718,-112.120578,site,way/1119091060
68737,44.534383,-89.575898,site,relation/12894255
68740,41.313990,-82.989730,site,overture/beecb1e1-b5d8-4c2c-aafa-f845a4ac00b8
68741,46.975220,-102.792050,site,overture/48566c83-23a6-46ed-b3eb-f86e65942d27
68742,32.842300,-104.395100,site,overture/c2f19ed1-ffd1-4e0b-b5aa-f1f25c44f6bb
68796,39.850170,-85.417740,site,overture/757cfedb-81fc-4ebe-bbf4-37c9fbf263d3
68797,41.530972,-87.791076,uncertain,node/9495041417
68798,31.338696,-110.966251,site,node/12248018520
68799,32.308401,-89.667858,site,node/5891272266
68801,30.104360,-98.419540,site,overture/46db7ce2-caab-4e7a-8b7f-50e1c4c827fb
68803,31.092637,-95.963682,site,way/1228053978
68806,29.898856,-90.143872,site,node/10197666007
68808,34.064236,-78.881917,site,way/1086977002
68813,42.798684,-84.739857,site,node/8176517245
68814,34.905420,-110.210720,site,overture/c6f8c3b7-2421-4ab5-9f91-a7d4dc49c45a
68815,29.185002,-98.846150,site,way/708340707
68821,42.892100,-78.697110,uncertain,overture/8dd9ab1e-9185-49ec-9ec6-50711d73d439
68822,38.415520,-95.857570,site,overture/2b8b90f1-598c-4d54-b9d7-3ad766fa57d5
68823,40.768890,-82.571500,site,overture/927ea619-b2b7-499b-8768-d7bc1008d63c
68824,43.797590,-95.323150,site,overture/024864e2-2373-4364-9922-d4e9d1503a10
68825,41.245860,-73.008750,site,overture/f782968b-2c56-4310-b587-5263deae7754
68828,34.467970,-89.008220,site,overture/cb180a35-bc25-4091-b093-f46d38f67e9f
68835,34.886552,-77.548834,site,node/9375062099
68839,34.489610,-96.049590,site,overture/fae35bd4-01b1-4cdc-b961-15f14013ad10
68840,32.450590,-100.441172,site,way/965456749
68841,30.760378,-81.648940,site,node/10010181376
68843,29.219254,-98.415123,site,way/840617964
68844,30.905610,-102.885000,site,overture/1afb2e3c-3ae6-494b-9a43-7f60a19eb758
68845,36.606687,-77.560996,site,way/1058576870
68847,31.068950,-98.183720,site,overture/02d9a78a-42d0-4952-b05d-c2bff6366913
68848,31.457560,-97.174060,site,overture/c5240181-12da-4f46-b85d-bc9ced8de248
68849,32.353250,-86.968990,site,overture/c9b876fd-1e82-4e06-92f1-9956bd758c39
68850,31.570220,-91.438070,site,overture/26b5818c-8b61-427e-9254-003906aa679f
68856,35.454150,-95.531480,site,overture/ded50d4b-232e-48e0-9b70-b09a84d3ed75
68860,28.899776,-99.115551,site,way/253458609
68861,43.634630,-91.504230,site,overture/a12aa49c-3541-452c-a5d0-0939a68a3dfd
68864,39.958013,-84.189313,exit,node/198731059
68865,39.290286,-84.424578,site,way/203976733
68868,41.401980,-99.619400,site,overture/1db5f7c3-218d-47d8-9593-56acc649161b
68869,41.001660,-98.607860,site,overture/3eae83d8-f279-4f14-9492-9f2abd063eaa
68873,41.405072,-75.498444,exit,node/207714869
68874,33.429465,-112.592566,site,way/314043171
68875,36.093796,-80.062239,site,node/6499043290
68882,40.183279,-110.096090,site,way/1173157835
68883,44.650613,-103.859272,uncertain,way/292125632
68885,28.452259,-99.238217,site,way/837508329
68886,30.928400,-90.615900,site,overture/d7e8a0ac-cd81-4cef-bac3-e18fb3e38962
68888,41.401840,-89.905240,site,overture/b78d0aa8-27bd-4a01-92f5-f6049b436836
68890,34.809027,-92.353853,site,way/971713563
68891,35.872207,-84.322691,site,node/11261967725
68892,42.737770,-86.065990,site,node/2132694452
68893,42.883900,-85.371920,site,overture/aaaa9fe9-ac96-4e6d-b5d9-aad47c30e9ca
68894,43.117280,-85.611447,site,node/2941064378
68895,42.844675,-85.861046,site,node/6407024929
68897,36.376708,-84.246500,site,node/4337130646
68899,42.285020,-71.620040,site,overture/137602e8-cb7d-4cb1-a8fd-1342316c01ec
68900,36.143550,-76.489880,uncertain,overture/cfabf0e1-05e8-4195-bd00-650f66f33ab2
68901,39.357259,-84.260567,site,node/6501052470
68903,44.228380,-105.458410,site,overture/a93ea9dd-6dc9-45f0-8478-b2bb2d76d9d6
68907,32.411670,-96.831910,uncertain,overture/65e764fa-ab05-45ca-b6f9-b653ce74a1c5
68908,40.059327,-82.937750,uncertain,node/4654635060
68912,34.740020,-97.266170,site,overture/ac96c24c-2dcf-471c-8b32-1361bc3459fe
68913,43.639878,-95.594038,site,way/788711787
68915,42.447892,-96.571368,site,way/598422949
68916,32.458840,-99.856000,site,overture/7e433126-76c3-46d6-a908-64605b585ee7
68919,42.282204,-71.347131,uncertain,way/214615793
68921,32.558478,-83.884612,site,way/380451552
68923,31.191520,-101.466930,site,overture/56a6c455-d6d4-4c1c-8af7-835875e63bf2
68924,42.695754,-88.985347,site,node/10053050243
68925,45.251706,-93.008266,site,node/6090182911
68926,42.990390,-88.807632,site,node/2931170317
68927,36.944290,-81.959740,site,overture/930de126-d5a0-4e36-bd88-62a69970da73
68928,35.011191,-106.043868,site,way/904936667
68929,35.999248,-80.034805,site,node/6433424585
68930,32.268862,-81.080709,site,way/565043844
68933,40.043703,-76.422105,site,node/3694603367
68935,43.585730,-116.573700,site,overture/21e5d0c0-b00c-43de-b598-e475a9f31802
68941,42.557710,-71.298590,site,overture/1a55b4dc-4b7c-4f33-aa73-797fbd8b3ae6
68946,39.901686,-84.192384,site,way/1195987447
68947,32.126017,-110.874469,site,way/728194668
68949,38.240000,-78.110500,site,overture/fed5ae08-c10d-4f7d-a900-a41a8a0bd3e4
68950,43.848480,-92.191930,site,overture/d521c985-92e5-4400-8fe9-efa56739b5af
68951,44.552256,-90.595740,site,way/501064020
68952,44.015090,-116.923070,site,overture/003331ba-58cb-4f06-8f4b-a6644d7977fc
68956,43.042748,-89.353212,uncertain,node/9204424910
68957,47.805190,-103.645100,site,overture/bcba7d90-8239-4ae0-ab9f-dee56aacc0f1
68959,39.930450,-83.612513,site,node/8927555517
68960,41.219044,-112.026186,site,way/390544544
68964,36.740280,-98.360970,site,overture/9db59a62-72f5-40c3-9fb9-09305c3f4f27
68969,40.740849,-111.983040,site,way/1088156228
68971,31.864909,-102.301647,site,way/415836422
68972,39.697960,-75.396530,site,overture/aadc7699-d485-4d96-a5ff-20ae51535645
68974,28.864920,-97.894850,site,overture/f0c1b8e4-5669-4040-b5bf-9ca9e033ebd5
68976,40.637846,-116.941331,site,way/996798686
68977,37.872961,-109.337793,site,way/1172630822
68978,43.604135,-116.553789,site,way/908968403
68979,34.916455,-110.154206,site,way/598412265
68982,42.915209,-83.722920,site,node/2948776782
68985,40.466313,-93.979284,site,way/959688144
68987,28.451378,-99.238750,site,way/837508327
68988,30.759280,-98.229070,site,overture/ef7e78aa-746d-4f52-b404-771c2eb6f8e2
68990,35.035912,-85.581683,site,way/1189064745
68991,47.113238,-118.367419,site,way/722961167
68992,39.188424,-96.056220,site,way/624056089
68993,39.369769,-97.125147,site,way/823022642
68994,39.813805,-97.048566,site,relation/19605521
68995,41.067490,-73.504710,site,overture/dca43475-1b2d-4cdf-9812-28bfb432b1e1
68996,43.438340,-112.113958,site,way/375324019
69002,44.522235,-89.524568,site,way/612411552
69004,43.859020,-73.437360,site,overture/c410fd9a-70eb-4e09-af08-473985caad5b
69005,40.030961,-81.449654,site,way/836094224
69006,40.057927,-81.051283,site,node/10276959380
69007,36.139211,-86.732207,uncertain,node/9231013232
69008,36.182799,-85.459664,site,node/9233240849
69009,33.102457,-97.470723,uncertain,way/832951694
69010,31.317450,-94.698767,site,relation/19625685
69013,36.174460,-86.301911,site,node/9231418067
69014,43.009795,-87.967052,site,way/605684725
69015,35.060790,-85.136580,site,overture/3ef21558-8c80-4e00-9316-f194809a1bb5
69016,36.917955,-84.122064,site,way/270631256
69017,32.534470,-93.670390,uncertain,overture/5b4fc34d-d188-4321-9e6e-8896589611eb
69021,47.342250,-103.182900,site,overture/f77ff1f8-3b2f-45a1-8088-7ae386d46100
69028,39.732976,-84.209050,site,way/298511931
69029,38.685120,-90.218670,site,overture/12e0822a-4d67-4721-a0da-b19c0f2d8ff6
69030,33.923977,-81.291403,site,node/8196434810
69031,31.399050,-103.480720,site,overture/7e459d7f-7ad7-4d06-96d5-340ce6e2cfd7
69036,34.367550,-80.069100,site,overture/dd2ca005-7cf5-48ff-b8d2-b9fd1f0eabdc
69037,35.733568,-79.435451,site,node/429516014
69038,34.488110,-79.873840,site,overture/38de5f2a-435a-44aa-a15a-c47b733f2fdc
69041,35.617346,-77.603537,uncertain,node/9384838723
69042,33.327700,-79.316600,site,overture/8c84e20c-8e75-4b95-8b4f-121382b2e20a
69043,44.913970,-89.648354,site,relation/17601448
69045,31.138140,-81.579870,site,overture/ee4cf987-c8d3-4bd9-a40a-bbb064d3212d
69046,43.128770,-86.154927,site,node/8011446270
69047,41.661610,-87.719574,site,way/1029177498
69048,39.734552,-86.256253,site,way/955500190
69049,34.713971,-92.189181,uncertain,way/1114752431
69051,38.555430,-89.806010,site,overture/f2922144-1e7c-460d-a38a-f64564e43fd3
69052,34.699054,-113.610109,site,way/1021354946
69053,33.765715,-112.514015,site,way/1189183180
69055,29.814263,-82.169066,site,node/4169772043
69057,38.379190,-88.370800,site,overture/fa0a1fe8-5bbf-4ec7-a13c-cf02c3a91a5b
69058,41.482735,-88.160172,site,way/1253517016
69059,33.576770,-86.477780,site,overture/74fbad70-3588-4898-838f-5c52013914c4
69064,36.274028,-77.284400,site,way/461733133
69067,40.688800,-84.121199,exit,node/196034502
69073,40.162973,-111.651855,site,way/923227496
69077,28.342114,-98.030198,exit,node/226767437
69078,32.265553,-101.475290,site,way/908975969
69079,48.305920,-102.398600,site,overture/885c2d49-9501-4f0d-af42-4c6eeec968e0
69084,32.393819,-96.846514,site,way/717924002
69085,41.124990,-101.718320,site,overture/e5760611-f5c0-4c42-856f-723a52c02241
69088,40.531896,-74.291677,site,node/9239339860
69091,39.767634,-86.131004,site,node/8878103335
69095,39.536417,-119.816759,site,way/382382205
69096,41.226250,-80.450979,site,way/667800111
69097,32.790670,-96.746820,uncertain,overture/bf4ae149-9504-493a-94dc-3a1b265a4e53
69098,30.191237,-98.086687,site,way/244896980
69099,30.251839,-92.194374,site,node/8451778047
69100,43.529400,-111.984923,site,way/1026751211
69101,33.579343,-86.474623,site,node/12851988707
69102,40.309127,-88.175547,site,way/564449095
69103,32.305620,-102.541726,site,way/843603842
69104,32.826649,-96.886145,uncertain,way/1033220915
69106,34.750872,-82.289926,site,way/740540522
69109,40.273214,-78.459781,site,way/1079832908
69110,40.443996,-79.230086,site,node/4340419706
69112,41.293718,-89.085939,site,way/961722167
69115,43.611960,-96.950843,site,node/1345443310
69117,41.506300,-83.747908,site,way/698949703
69119,35.320028,-106.550878,site,way/830411135
69122,33.402508,-90.880928,site,way/1419976827
69124,27.413360,-80.397818,site,way/223432255
69125,41.698859,-92.445966,site,way/1085893816
69127,30.729490,-90.532969,exit,node/123908042
69128,44.335513,-84.801110,site,node/5954319007
69132,31.190590,-101.449690,site,overture/d8f2bcf9-acdb-4213-a6c9-ad391ceb1133
69133,32.697125,-103.183591,site,way/464020385
69134,35.395518,-97.265887,site,node/11203967370
69135,39.851638,-84.424848,site,way/181713859
69137,31.604740,-97.104860,site,overture/7b21f767-b761-4305-8787-bc9315be603a
69139,29.094150,-97.290150,site,overture/58729a57-84ba-401b-a1d1-70f2915ce8eb
69141,37.744495,-99.980310,site,node/2906575809
69142,39.113895,-108.646030,site,node/14017650083
69143,37.738530,-88.531680,site,overture/46638a9f-31d8-4629-8182-dda6d6af0b42
69144,30.759800,-98.675930,site,overture/3c4cd481-fcbe-4bca-9650-8133ed165f89
69145,38.761796,-81.692595,site,node/9244923663
69146,41.041980,-75.955150,site,overture/7efd3ffc-653f-47ef-b758-cc4b66f96a02
69149,35.129966,-90.023809,exit,node/459036577
69150,39.679293,-86.369044,site,way/572444662
69151,39.112583,-108.648072,site,relation/10717656
69152,35.218820,-91.716987,site,node/11684379542
69153,34.116668,-86.863376,site,way/1314211600
69155,36.696534,-97.349246,site,node/11328479147
69156,35.060170,-90.013270,site,overture/aaa8c5a2-8423-4df5-b914-3349ca5d887a
69159,41.992756,-77.141004,site,node/1792491447
69162,41.579257,-85.819616,site,way/518584616
69163,43.583480,-96.710770,site,overture/1e3f6b30-2016-42b8-98f5-90ea69903e26
69164,31.077720,-97.759730,site,overture/8bd254ef-5761-4e37-9358-64ec084e33b8
69165,36.260080,-99.882080,site,overture/f6795225-377e-41b3-8340-887247ee843a
69167,38.003410,-100.854660,site,overture/72b0e301-fc1e-4eaf-88f4-33e089c8a278
69168,32.376408,-99.100452,exit,node/390894788
69169,39.792037,-88.264393,exit,node/295680311
69170,39.255476,-81.553570,site,node/3975113031
69171,41.560476,-90.599266,site,way/1383642805
69172,44.833416,-91.448120,site,node/5764340224
69173,43.140492,-90.710012,site,way/1283202059
69174,45.655493,-89.399359,site,way/877697552
69175,44.773429,-93.928929,site,way/1562560202
69176,47.684680,-104.178182,site,node/4317709141
69177,41.496611,-95.451798,site,node/5842299479
69178,26.714334,-81.815021,site,way/577003309
69182,42.904320,-73.784260,site,overture/aea77f84-9469-4f9f-aee7-a8aaeb0eef39
69183,39.617329,-83.605345,site,node/6294591785
69185,36.662352,-76.939474,site,node/5225548348
69186,41.634158,-85.050603,site,way/1215649103
69188,45.774268,-111.172355,site,way/456356802
69189,30.893165,-102.852450,site,way/1259614187
69190,30.734216,-86.349375,site,node/4396520321
69193,39.637020,-80.857570,site,overture/e7d15ab5-494c-4a3c-a392-2c1f23ad2866
69200,40.158830,-89.412330,site,overture/f8696945-c723-467c-bee2-79dac27f1796
69201,46.354344,-94.225910,uncertain,way/380244842
69203,41.528937,-87.849546,uncertain,way/436907363
69207,30.483030,-84.162390,site,overture/c81322c0-c223-4564-aa75-8a6b3cabc7fc
69211,45.396424,-92.997672,site,way/698140841
69213,28.470260,-98.548240,site,overture/12a69af3-39de-4b7a-b948-fa1ff4ed5ce1
69214,39.522132,-107.777170,site,way/915140636
69217,41.035783,-81.864719,site,node/12361547553
69218,42.227830,-77.184010,site,overture/4d14619f-735e-4027-9f8e-d2894918a55e
69220,27.601965,-82.538991,site,node/11234960900
69221,41.395377,-88.421862,site,way/1040391975
69222,34.435711,-100.230327,site,way/1083335206
69223,31.427666,-85.618911,site,way/1147422695
69226,27.947240,-97.584480,site,overture/704d9954-c274-4b46-86b7-fd55e2b890ae
69228,32.703735,-96.275143,site,way/582397166
69229,35.676762,-88.745841,site,node/9225578447
69230,35.484790,-80.994800,site,overture/16f86dcd-a05a-441c-903b-1bbaa7e4a495
69233,39.338610,-82.951520,site,overture/3843cbd9-d102-4ee3-998d-54e012625e5c
69234,46.800097,-92.132655,site,node/6796168755
69235,46.706640,-92.047989,site,way/102923957
69236,44.501351,-88.320090,site,node/11548244123
69237,42.914837,-88.219747,site,node/12864184411
69238,43.752618,-88.462947,site,way/389811718
69239,34.696832,-87.636094,site,node/5474122686
69245,34.711333,-76.991612,uncertain,node/2778691758
69250,40.703301,-104.999916,site,way/548578047
69252,36.024890,-78.479113,site,node/3188581293
69255,33.509450,-90.160190,site,overture/9a191db0-29e6-4d78-8b99-661aa9575b15
69257,28.348170,-99.613240,site,overture/cc863f0e-3be7-49b2-b935-a0c5473b733a
69258,28.994050,-98.429100,site,overture/fda75f33-e4c0-4090-9c0f-1250323dfcf2
69259,35.179337,-84.868141,site,way/1061577759
69261,41.972390,-87.958594,site,node/8398864241
69288,41.826133,-90.551576,site,node/1783918069
69289,46.760788,-92.131756,site,node/4923202455
69290,43.749017,-88.465393,site,node/4108451495
69291,38.931968,-111.853897,site,way/494917451
69294,43.940237,-90.786299,site,node/3103386667
69296,46.701791,-92.424520,site,relation/17801275
69297,45.178982,-89.652570,site,node/3666443171
69299,36.150453,-81.198533,site,node/9412575976
69300,35.140356,-76.841632,site,node/8270190910
69301,35.547772,-76.632749,site,node/9377095342
69305,38.240200,-87.999470,site,overture/e6683438-ec1a-42d4-a32a-10272bb92eed
69306,30.516501,-83.059074,site,way/693784135
69307,38.889701,-89.834566,site,way/594352184
69308,40.225836,-76.720041,site,way/358223915
69309,40.982010,-91.539480,site,overture/7a53d52a-3793-4f72-bd71-860b87ab0234
69310,30.506061,-99.776745,site,way/995768099
69311,38.533735,-118.622541,site,way/706813456
69312,40.447710,-76.982410,site,overture/560bcdc4-4dc7-43cd-b6a5-c11c70642dc5
69313,47.485030,-122.270110,site,overture/079705a1-f1d2-4082-be15-c81932b1f2f8
69314,41.763970,-87.801240,site,overture/a450ddca-0ddd-4367-99d9-2a27b29e35fb
69315,39.424888,-87.692065,site,way/1181350086
69318,40.576552,-74.288540,site,node/14256557819
69319,35.363400,-78.011167,site,node/9389029856
69321,29.522870,-97.436610,site,overture/f3b0b861-3de6-4e20-a219-703eb496e58d
69322,29.835480,-94.383640,site,overture/d81d8328-60bf-42a5-9333-1034bf0361db
69324,46.136180,-67.839930,site,overture/ec191843-2c27-4bbb-b692-605c170e4f49
69330,44.484996,-87.918353,site,node/594502970
69333,42.674725,-85.657707,site,node/8239192713
69336,36.192216,-86.411692,site,node/9231429418
69338,41.205603,-85.706764,site,relation/14479364
69339,39.441002,-84.341581,site,way/543300577
69341,29.322140,-98.432160,site,overture/d601ccab-8e35-41ed-89d6-7af2c775c289
69342,41.661123,-87.517705,exit,node/27731081
69344,29.224120,-97.954990,site,overture/fdcbdbff-148a-49d1-bb08-09bc4373ffbf
69345,40.215311,-76.783764,exit,node/1124840188
69346,41.584514,-75.983245,uncertain,node/4553253752
69353,40.373990,-80.104216,exit,node/716313823
69354,39.762540,-86.530270,uncertain,overture/ee5a41bb-c202-4c7c-84c6-b9f1c869e51f
69362,43.689297,-86.383595,site,node/6498848443
69365,36.576310,-86.513400,site,overture/6e08d33c-a768-41d3-926c-5cb573f855f6
69369,40.626135,-80.229659,site,node/9328769306
69374,31.512451,-97.190937,site,way/732486997
69377,41.027310,-81.647720,uncertain,overture/d13aab97-672f-4e5d-9026-16bee4345ad7
69379,41.554964,-93.597556,site,way/107563477
69380,40.710620,-96.506168,site,way/200691039
69384,44.297216,-88.271197,site,way/659395818
69390,40.751430,-88.002120,site,overture/c01fc95a-d68c-4abf-8280-886601b1b6ab
69392,39.992472,-85.843925,site,node/6308702367
69393,38.875383,-82.296368,site,node/6760425826
69394,40.022838,-84.238995,site,node/1856816619
69395,39.760930,-86.167738,uncertain,node/9611683227
69396,35.977680,-85.014050,site,overture/50deeaf7-f2f0-4f10-86ac-216cda0ef605
69397,35.684189,-88.777968,site,node/8157971414
69398,35.029685,-85.187541,site,node/9233639695
69399,35.469142,-84.653207,site,node/9233595403
69401,41.228006,-95.853352,site,way/698747745
69402,40.497932,-82.720845,site,way/482092801
69403,45.505970,-100.037850,site,overture/db0eaf8f-8661-474b-8d3d-448794b5557b
69405,32.373810,-99.007240,site,overture/9029ccca-b27d-4328-a1d2-c393342da4cf
69407,44.506020,-100.068760,site,overture/65ebabd5-3ab8-40a1-b457-cad5cfefb1c2
69410,44.120320,-103.051500,site,overture/04f03126-8387-48a3-b0c3-969334fee249
69412,41.149250,-84.581080,site,overture/76e87026-7b4d-47e0-8052-8da0584e2a00
69413,35.464470,-98.975080,site,overture/9795132e-aab5-4ceb-9281-a6cca17e7352
69414,36.918064,-86.427895,exit,node/168868983
69416,30.584550,-95.944110,site,overture/f6aa07f1-2eee-4bbc-a1f4-0a6bd965ef3e
69417,36.685510,-77.383870,site,overture/ade34337-32f7-4576-b3d8-e6e1744b7366
69421,31.775666,-106.473879,site,node/14160652339
69423,31.782685,-106.338580,site,node/2203835391
69425,32.281300,-107.760190,site,overture/50d918fd-501e-4fc8-a387-0fc77fff6aa1
69426,35.256169,-112.198454,exit,node/1698541676
69434,30.758870,-98.228320,site,overture/83a059e3-7e57-412e-9292-ccfe17c6964f
69436,28.938580,-98.516570,site,overture/f1796da1-4517-4ff9-9c18-d68c191c5432
69438,36.879610,-94.429210,site,overture/a6721614-8c2d-4c69-b693-00b3d2f01ae8
69439,38.370380,-97.615060,site,node/4497332429
69440,41.140940,-84.849585,site,node/12250931448
69441,32.403358,-99.384666,site,way/1125955118
69446,32.769650,-92.394470,site,overture/ce19a7cd-281a-4d2a-a357-5f03c2985cb1
69448,33.562930,-101.856000,site,overture/c05bd45f-f55b-477d-8304-ae1f9863beae
69451,30.516950,-81.632850,site,overture/c7bdc406-a7f8-4916-bc95-5edbdfe0363e
69452,41.762901,-76.433633,site,node/2577780872
69453,30.768340,-94.414210,site,overture/6352648d-4d13-4a69-9bb9-4626d83da10b
69454,39.299166,-85.958545,site,relation/17699585
69455,43.117482,-88.059834,uncertain,node/9206578232
69458,42.442990,-90.851290,site,overture/67f8d5d5-5cc9-4bc3-9032-61b8f49c4089
69459,38.534053,-89.732170,site,way/1016988911
69462,30.847438,-89.498192,site,way/1040078564
69465,44.255381,-105.488778,site,way/501095714
69467,29.145170,-98.155125,site,way/1336521079
69469,34.889609,-82.157382,site,way/524541596
69471,27.812180,-97.443560,site,overture/df2eed8f-45af-4030-abbf-a87d78ee5b85
69474,32.404628,-85.956179,site,node/894539514
69475,35.879760,-97.407850,site,overture/df0840f9-4eb3-48ab-b406-51f3671cd974
69480,47.977660,-102.388650,site,overture/94c72144-0ec8-404d-8f2a-7b81e2a0d2a3
69483,35.804936,-90.635120,site,way/557804578
69484,43.961128,-89.818194,uncertain,node/1925751494
69485,31.534560,-94.125980,site,overture/15f640a0-7921-47d7-a310-37c3a9955534
69486,36.490226,-77.443483,site,node/13450349742
69487,29.599250,-98.277050,site,overture/fc2e1ee5-b945-4bb0-82f0-4c3097fbf894
69489,34.607970,-79.678860,site,overture/90495f7a-7672-4f17-9bbb-99a58b689a3e
69492,39.821860,-111.835530,site,overture/89a81986-f030-4f85-9799-4fa50728d11f
69495,35.768350,-95.404319,uncertain,way/1112556485
69496,39.843279,-85.557363,site,node/9588805132
69497,39.316620,-87.984900,site,overture/a3056796-4591-4b11-bfe9-0161063c9fbc
69499,41.405550,-86.732910,site,overture/530e3a6d-2c65-418c-8a2f-247f0174beda
69500,31.788194,-102.478623,site,node/11203970627
69504,44.160710,-92.165893,site,way/1036896716
69505,42.880795,-88.340579,site,node/7177926380
69506,42.906650,-87.927030,site,overture/75862f2e-4f81-4831-9d9c-937e87a8a6eb
69508,43.968697,-88.953170,site,node/1486229975
69510,43.492140,-83.392900,uncertain,overture/ae2b7553-a39a-421b-a707-126aaa856488
69512,33.641880,-101.837463,site,way/472419729
69513,44.928883,-90.312678,site,node/6384655674
69514,31.980600,-102.033370,site,overture/8a566181-57eb-40b4-8ffd-3c494bd7481a
69520,40.085718,-79.761022,site,node/4762948563
69521,42.022475,-93.444110,site,node/1292413108
69522,38.622370,-95.234760,site,overture/c335cc61-f41c-4809-b61a-e9a44d7f0d2e
69524,43.288560,-71.580460,site,overture/86d64113-17ec-483f-a1bf-a9f87c1c8024
69525,28.681000,-99.181700,site,overture/d94507c6-7e07-46a8-bde3-318264dd5db5
69526,32.607900,-98.111560,site,overture/c3e9fd73-486f-4e3c-abcf-d07b321f5ea0
69527,42.647270,-84.071560,site,overture/870a6872-aeeb-4133-971d-0e0c05b47da7
69528,41.891960,-91.674425,site,way/744224826
69530,29.440820,-98.438000,site,overture/8165a8aa-6b00-47b4-b030-9b9ce05ae6a8
69531,43.146603,-93.348938,site,way/964387988
69532,43.667400,-116.681240,site,overture/0f4e4d83-f700-4614-a270-4fc47a8cd1b0
69534,30.879336,-84.195827,site,way/336718220
69536,29.268240,-97.762730,site,overture/b0d4bd2a-1c14-4b92-88ad-75cbdb4ae9c5
69541,35.236070,-102.428449,site,way/1059829887
69542,41.662714,-87.700633,site,way/1320737091
69545,32.194558,-96.898951,site,node/7724941761
69546,46.015420,-92.939540,site,overture/0b2ed08d-b4fe-4243-9538-fb181289ad48
69547,44.229247,-88.422973,site,way/633149443
69549,44.883210,-93.031850,site,overture/dfc44d93-4b84-4c35-b7f8-1d702a5da4ed
69550,46.730812,-92.179968,site,way/1111531834
69553,41.696244,-88.261415,uncertain,node/9483352143
69554,39.826422,-85.770864,site,way/545190457
69558,29.474380,-98.512620,uncertain,overture/08b35d28-bf0a-45dd-b8f1-47b68565d3c6
69559,43.874187,-93.277161,exit,node/188217424
69560,35.064068,-106.784470,site,way/894444117
69561,35.909312,-84.150227,site,node/13031232891
69562,42.682549,-84.512778,site,node/8287318818
69563,37.963784,-84.391866,site,node/3238427982
69564,36.139291,-85.628384,site,node/11247877713
69565,42.740906,-86.069517,site,node/4350335864
69566,41.479864,-88.078859,site,way/851353103
69567,46.433001,-92.755857,site,node/6357081519
69568,42.770269,-88.930495,site,way/773583919
69570,46.825168,-95.832028,site,way/935563233
69572,39.664570,-77.743077,site,way/737644967
69573,39.577180,-77.877650,site,overture/8cdde309-fa16-40f0-bf89-ff63d7deb004
69574,44.906840,-91.856840,site,overture/f329a59f-8cbb-4140-b9a4-871bf8bf16d0
69575,39.671905,-78.716941,site,way/659637039
69576,34.364758,-96.141006,site,node/12165977781
69580,36.145080,-98.924960,site,overture/66e8e334-a52b-494f-a60f-b5bd73f1284a
69581,42.893860,-76.113915,site,node/4453540795
69584,34.004793,-95.101249,site,node/12726420298
69585,38.379547,-84.572523,site,way/793335026
69587,39.483540,-88.303410,site,overture/607ab810-83a3-42f4-8d90-c8b7ae6e9ef6
69588,32.791578,-96.656392,site,way/677099641
69589,35.878684,-97.396156,site,way/192368922
69590,35.405520,-97.938480,uncertain,overture/f45c19ab-1a40-444a-8eaf-313a1e355e41
69591,26.332000,-81.754010,site,overture/c76eab08-4f1e-486f-99c9-611faa1246db
69592,39.734647,-86.064244,uncertain,node/9612010688
69594,41.593671,-88.186300,site,way/991156290
69595,35.650843,-87.011849,site,node/9049467391
69596,42.008861,-87.900906,site,way/1027578860
69597,39.941536,-79.659099,uncertain,node/9329496344
69598,41.389104,-81.852275,site,node/9690732664
69599,40.398674,-79.769922,uncertain,node/9329722022
69601,36.506029,-101.774330,site,way/819933271
69607,32.147200,-94.325100,site,overture/87f69635-94fc-4308-818e-ec1051e465f5
69608,26.213640,-98.310140,site,overture/e8f637c9-4d67-41af-889f-f6e9557c1dc3
69611,41.192500,-97.417110,site,overture/78c1851f-f14f-4747-90f2-1b64d1d73990
69612,28.047392,-99.348606,site,way/525507183
69614,39.949436,-77.136466,site,way/891344975
69615,41.312590,-96.322531,site,way/561192550
69616,39.411420,-84.150460,site,overture/16fe126b-046c-44c0-a7b0-e24723447f57
69618,38.001120,-100.996260,site,overture/23c30431-d712-42d8-9486-97bcc6d245ba
69621,29.533809,-98.300311,site,way/739889817
69625,40.084272,-76.218827,site,way/556611634
69626,36.742313,-91.875821,site,relation/11065435
69627,26.399640,-98.853360,site,overture/a7a2eb29-262c-45e7-ac1e-852ae6791e8f
69629,44.922037,-73.110093,site,node/1655454640
69630,32.037620,-93.701490,site,overture/84759f13-c2e0-4be9-9e13-5622d00c8f07
69632,34.713570,-86.657980,uncertain,overture/712a5713-d11a-49aa-a22f-0907acae6574
69633,31.604401,-106.197114,exit,node/179286170
69636,41.344991,-88.197277,site,node/11453061898
69637,41.903959,-88.122853,site,way/756604969
69643,27.742630,-98.111150,site,overture/c15a8c8d-c591-4779-82bd-8a656761ce12
69646,33.664586,-114.206032,exit,node/174868921
69647,41.854490,-88.278202,site,way/990302624
69648,40.996190,-81.996817,site,way/593867878
69649,41.203344,-79.975336,site,way/552621764
69651,34.837350,-97.608760,site,overture/b873bbeb-9149-4a04-b147-affad014bfde
69652,41.362178,-86.348654,site,node/12257837310
69653,39.291360,-102.277510,site,overture/e50f86ec-a411-4792-a824-3c7d58c4b259
69654,36.719665,-95.629052,site,way/1101471544
69657,44.200939,-73.247147,site,way/759713662
69658,41.555134,-95.917479,exit,node/159832207
69659,34.912531,-80.978272,site,node/9087731363
69662,31.730060,-98.989763,site,way/734281642
69663,28.740884,-100.496740,site,node/4725467253
69664,31.075200,-98.185240,site,overture/1f86a88b-a884-4e3f-b648-db861236ad5d
69666,29.934590,-97.819110,site,overture/5bbd8e86-80e8-4d00-b94a-50ec0131a8af
69668,36.872490,-89.533196,exit,node/193178484
69669,31.946999,-102.141000,site,way/970498213
69670,42.362494,-73.429598,site,node/3859505576
69671,38.464200,-100.905710,site,overture/158e1aa3-c7b8-43fb-9995-9e47d4a72ddb
69673,33.025714,-97.271496,uncertain,way/691694509
69674,36.163935,-84.078709,exit,node/1843340902
69676,34.123494,-84.224322,site,node/8987843635
69679,28.244072,-81.657361,site,way/1178121548
69680,41.796443,-87.808569,exit,node/271576879
69681,33.593630,-86.121600,site,overture/f3ed00da-a546-424d-9726-f588f9cb4f87
69682,36.376750,-84.248700,site,overture/5ba3e289-18d9-47eb-85e4-1bdcc7109c8e
69683,41.773722,-87.781953,site,way/778150577
69684,44.934684,-89.614990,site,way/1545865803
69686,39.953994,-90.208973,site,way/1272612067
69688,40.241724,-88.632610,site,node/12487556271
69693,41.127271,-111.911419,site,way/530431473
69694,41.677291,-111.832912,site,way/772277806
69695,40.481794,-111.897883,site,way/593255654
69696,41.644110,-111.913654,site,way/995722603
69698,36.623070,-95.147770,site,overture/1e4cbd06-d26d-4823-965a-c415268a4f7c
69699,30.304749,-97.736525,site,node/6419820777
69701,41.451837,-96.452939,site,node/4953977469
69702,36.010935,-83.532551,site,node/6616579582
69703,27.610270,-99.476980,site,overture/ce9fdb15-199d-466c-871b-4e6169c31955
69707,32.944300,-93.894240,site,overture/6571d63a-8bf3-43e1-a7ec-0a608d1e90b0
69708,31.651960,-94.679210,site,overture/777dbe05-213b-4cdd-a60f-16316845b1c6
69709,35.879477,-101.973904,site,way/974810335
69710,41.109795,-102.950400,site,way/1255423748
69711,30.371117,-81.763342,site,node/5486357424
69712,45.824998,-119.799144,site,way/550546851
69713,31.601447,-96.155589,exit,node/473331082
69715,40.019424,-98.066963,site,node/11084659169
69719,40.599818,-78.321849,site,way/857622655
69720,26.666475,-80.716817,site,way/1137871975
69721,39.779690,-93.071240,site,overture/ca225fe5-cccc-4933-ba96-b4f03d56cc62
69723,42.147672,-88.510301,site,node/4583823789
69727,39.924630,-93.950750,site,overture/ba688379-4f7a-4fc9-bba2-8015dd0b235d
69729,40.403030,-92.558228,site,way/1565043112
69732,38.725390,-93.226350,site,overture/fc83530e-4ab8-446c-ad02-dad8f2addd23
69735,39.788648,-93.553902,site,way/1465410671
69740,36.755978,-81.856445,site,node/7556562928
69741,33.458536,-112.239201,site,way/1004594292
69742,36.398020,-97.836880,site,overture/5189d77b-0441-4179-af81-0d9603b553c4
69743,39.834887,-97.637935,site,node/11494876813
69744,37.032172,-100.927572,site,node/1251729110
69745,34.946894,-104.651954,site,way/784612775
69746,41.541026,-94.006360,exit,node/31535474
69747,41.125238,-85.136117,uncertain,way/594759281
69748,41.075070,-85.129220,uncertain,overture/1388ef89-7bb9-4142-b917-4c3d2b7ce154
69750,29.664830,-98.170030,site,overture/b800a9dc-41f3-4428-a6bc-85b2278a1f1c
69751,36.802820,-93.923000,site,overture/71670fd7-ce51-48dd-92a1-894c54920544
69755,32.903690,-79.984580,site,overture/418cf004-a911-4483-a82a-ca0b949e7a35
69758,40.740849,-111.983040,site,way/1088156228
69764,38.948195,-112.345785,site,way/1026857385
69766,40.394594,-84.158881,site,node/11829393605
69770,42.087217,-78.625178,exit,node/211486762
69772,29.339130,-98.625020,site,overture/ef4e1f45-7d35-4fa5-94c5-0cba614162d2
69780,41.689370,-88.047770,site,overture/f5c19c1b-1ed1-4cb6-a7e7-2a2145138c66
69782,42.960722,-76.846751,uncertain,node/4288350842
69783,40.475420,-76.293789,site,way/552675822
69784,45.557552,-94.129833,site,way/689376857
69785,34.291930,-99.757930,site,overture/bfd02dc8-c723-401a-af0f-bacc2d3e4d47
69786,35.884876,-89.917871,site,way/1324847197
69787,38.637010,-94.356770,site,overture/ac6c9f42-18f8-44f7-9dad-80d0d84adc7d
69788,38.794132,-90.449166,site,way/598192767
69789,29.602216,-82.086903,site,node/5571348088
69790,36.071191,-89.395934,site,way/964801723
69791,36.331437,-102.073377,site,node/5544029521
69792,37.214509,-93.381311,site,node/4913626236
69797,45.551580,-94.168410,site,overture/0c796393-68e6-48ea-8418-19a2828642dc
69798,39.838712,-99.892543,site,node/1458456182
69799,35.041314,-110.697383,site,way/392177359
69800,42.097200,-102.897732,site,node/9114607117
69801,39.188953,-119.751317,site,way/692913760
69803,41.454681,-88.198995,site,node/4448683337
69804,43.048136,-88.258170,site,node/7338817970
69809,45.242390,-93.662690,site,overture/83dac6ad-d1d5-4654-8fdf-8401fb78b3b8
69811,34.660100,-97.957470,uncertain,overture/ead73aca-3aad-472d-8328-5feafebaa9b4
69813,40.012883,-77.534585,site,way/960827957
69814,31.836860,-100.993570,site,overture/dbe49c64-7fe3-4ea7-90ed-3f1c768c9c33
69815,46.395621,-105.823148,site,way/1421261967
69816,33.534740,-101.869900,site,overture/76df3809-75cb-4db9-b303-8823ced8d0de
69817,32.322101,-89.343471,site,node/9392696127
69818,35.636124,-95.962898,site,node/11447971674
69819,40.540160,-85.660060,site,overture/203077e6-8359-4356-87a9-fb885f9622f8
69820,42.517323,-94.533147,site,node/9024157360
69821,32.824390,-97.264900,uncertain,overture/8d339b76-55e0-4469-8a66-a23746309e17
69824,30.547160,-91.964160,site,overture/264699e8-74ec-4e76-b1a1-6cb1c007308a
69825,45.610632,-94.176679,site,way/771705085
69826,36.467950,-86.687120,site,overture/a71eebf5-f403-4ab5-8608-de55e5763321
69827,44.880743,-91.905036,site,node/6835215490
69830,40.549147,-75.986795,site,way/996684170
69832,30.419083,-89.190480,site,node/10816216823
69833,36.175504,-94.573355,site,way/650426297
69835,38.488241,-102.784549,site,way/1255415414
69837,41.600172,-87.579777,site,way/1259728858
69840,41.146071,-96.162007,site,way/603161711
69842,36.007590,-96.111600,site,overture/a580e0e5-a053-483e-b7e7-7f3bedcaab3a
69845,40.513856,-107.538804,site,node/6556598805
69847,42.782603,-91.100689,site,node/11345457993
69848,45.636131,-89.379275,site,way/1179540150
69850,41.652070,-93.620800,site,overture/0edd81e1-0417-45a1-a25b-96ca16a001b0
69851,42.239983,-88.832682,site,way/682577325
69852,47.025215,-91.680794,site,way/767605080
69854,43.389532,-89.470282,site,way/1058435665
69855,43.122452,-92.735793,site,way/1256837489
69856,33.953790,-80.993450,site,overture/82e120b4-ca95-4d48-9588-2b0e81669aae
69858,29.265740,-98.305020,site,overture/b819fc5a-08ce-4694-bab8-c8979f8d0a21
69859,30.474418,-90.743520,exit,node/415331114
69861,37.741992,-88.964603,site,way/227888561
69862,38.171950,-94.713810,site,overture/422ad759-63c6-4a4a-a57a-756ce7b0fe68
69863,41.101330,-114.957240,site,overture/5921ccfd-9dfc-41a4-b89c-266e51efbcf2
69865,37.482720,-76.911770,site,overture/50b6f52c-94e5-4578-ba8d-575a7d838469
69870,41.636062,-83.489954,site,relation/12613781
69871,30.103449,-97.285876,site,way/904002290
69873,44.667493,-90.172584,site,way/1056501671
69874,39.689682,-90.229811,site,node/11297337652
69875,42.010940,-97.410740,site,overture/4357279d-4af5-46c7-83fa-e3b5e4be701d
69876,42.306058,-93.569411,exit,node/159786897
69877,39.574228,-91.404417,site,way/1257599261
69878,41.960572,-87.957828,site,way/1028225242
69879,39.750314,-86.224504,site,node/9609145797
69880,41.916503,-87.883726,site,way/1028225848
69881,45.155290,-93.847116,site,way/329484970
69882,35.261968,-87.324218,site,node/9228882763
69884,34.970450,-104.790660,site,overture/2ca7ef35-8299-4c52-8d80-ddc02d7f3406
69886,40.674603,-96.178217,site,way/990216182
69887,32.048179,-81.164565,uncertain,way/944335146
69888,42.570709,-114.480239,site,node/7304845137
69892,42.850730,-106.383560,site,overture/0d0fe41f-12f0-4dd1-b106-5f180f8aa913
69893,36.432629,-99.428070,site,way/995453955
69894,48.196980,-103.624740,uncertain,overture/4b7e7ed6-560b-4243-ad0e-33ff91817703
69895,41.464217,-88.272018,site,node/9926001710
69900,39.893882,-83.722253,site,node/5827482088
69901,44.153256,-87.567911,site,way/995445025
69902,46.260802,-119.180529,site,way/775455664
69903,34.809411,-102.407579,site,node/5554526823
69904,37.639770,-98.427892,site,node/8542867500
69905,44.386495,-88.167042,site,way/692294563
69906,37.646449,-95.475632,site,way/1100890473
69907,27.837540,-97.216210,site,overture/3481fa9b-2f8a-4606-b1fc-b88998c2be09
69908,40.918394,-90.293771,site,way/1324938623
69912,33.458230,-112.151050,site,overture/f7c69ef9-7506-4e08-824e-fc2a2ccdd40b
69913,36.802100,-90.454370,site,overture/448131a8-cb1d-4324-a39c-95d91782428b
69914,33.953300,-80.989600,site,overture/cdad5ef2-a05b-49ba-8ca1-7635e2e7b49e
69915,38.097430,-94.351880,site,overture/0008467f-742b-4f81-b8ad-295c139fbb38
69921,39.252998,-88.152125,site,node/12257901084
69922,41.509248,-112.053789,site,way/942931981
69923,29.446130,-98.532090,uncertain,overture/042e4cba-eb4c-4278-bb3d-c46b9ab20486
69926,36.695110,-97.344040,site,overture/fdb8105c-4124-4fdf-a926-430bab39fb92
69927,39.701148,-77.733707,site,way/659634610
69928,36.061474,-95.778965,uncertain,way/842862746
69929,37.817290,-94.705570,site,overture/7c98bd58-fef2-4783-a7fd-e1b951ade33f
69930,32.982210,-86.685000,site,overture/9a9384d7-ce81-4fe7-a564-898c6b019782
69931,34.670486,-86.752826,site,way/696682437
69932,29.447190,-98.542290,site,overture/2aca1a0c-84b7-40a1-bc03-a5f6e1c5f6c9
69933,33.466639,-112.103967,site,way/129620375
69934,46.720309,-92.091661,site,way/722967670
69935,43.099330,-88.067380,site,overture/6a50501b-ce5c-46f2-aac4-0678f5bfe060
69936,26.834616,-81.132013,site,node/6382651297
69937,43.528762,-112.024234,uncertain,node/13819603120
69938,34.257953,-110.017754,site,way/536527008
69939,39.975992,-111.769780,site,way/581385823
69940,38.617113,-94.351409,site,way/1367283605
69941,32.729808,-97.820297,site,way/531586855
69943,34.486420,-97.967020,site,overture/100dd2eb-601d-488d-9ec3-7a0edee4f10e
69944,41.107243,-80.881325,exit,node/198481141
69945,39.733823,-86.062674,site,node/9612010662
69946,43.444703,-93.356034,site,node/9144867110
69947,36.016630,-86.620900,site,overture/faad82bc-f183-458c-aeb3-e7672bff5280
69948,30.714260,-96.343770,site,overture/b2efd5a2-cda7-4351-86cd-c3a36e63eb83
69949,31.949320,-99.963920,site,overture/d2176633-78d8-4b75-98d2-3752b350baec
69952,35.309040,-99.633220,site,overture/b71f978c-383c-48e8-bf3a-e452de5e95b0
69954,40.892306,-74.717612,site,way/297937921
69955,35.499182,-80.567834,site,node/12417520979
69957,32.717474,-83.732624,site,node/11691981008
69958,40.855397,-83.300404,site,node/5481232821
69959,35.382207,-96.806617,site,node/6803015285
69960,47.116601,-104.731866,exit,node/430021085
69962,31.410340,-94.718770,site,overture/67ca988f-d448-48b3-afd5-9576410afe2f
69963,36.488110,-97.073140,site,overture/ad20558b-f770-49c7-8ada-0517d704bc83
69964,35.768525,-80.854797,site,way/1550359507
69974,28.011287,-97.532923,site,way/1228047570
69975,38.014355,-97.941266,site,node/11487080977
69976,43.588190,-89.805970,site,way/908240717
69977,43.474451,-89.733523,site,node/793839078
69978,33.695602,-95.555072,site,way/764072053
69979,46.219720,-119.792881,site,node/11254003235
69980,39.988732,-76.176964,site,way/1477327129
69981,33.584423,-99.792092,site,way/915901601
69982,40.323489,-76.539305,site,way/940895174
69983,40.587250,-81.524600,site,overture/ed429761-a285-43d1-9383-aeede35d6ae1
69986,32.738210,-101.951330,site,overture/089cb13e-2af1-4730-b56c-6a47d602f0a6
69987,45.749572,-107.611338,site,node/7527860521
69988,43.676926,-87.757258,site,way/982057634
69989,33.584470,-88.658070,site,overture/15efd570-1cd4-4950-999b-d55c5bcaba93
69990,39.241583,-114.869205,site,way/894694544
69992,45.553602,-94.184628,uncertain,way/717374143
69993,30.179067,-96.906180,site,way/1015358573
69995,32.084348,-110.803649,site,way/855741035
69998,42.717210,-96.248184,site,node/13863582485
69999,40.435340,-78.435530,site,overture/b0489eee-564a-41a2-b358-4f18a36a7eab
70002,31.874576,-89.755835,site,node/4960778722
70003,40.299147,-79.875468,site,node/2843335412
70004,40.333227,-83.074552,uncertain,node/7129352060
70007,28.374870,-80.802110,site,overture/0394ea64-8916-4590-a0bc-fb185bd0e7d8
70008,29.699380,-97.099570,site,overture/8ee29523-eb47-46f7-a7a8-4fa7927b4d13
70009,42.603865,-89.650183,site,node/591382404
70010,42.741212,-93.212129,site,way/1185145076
70011,44.079035,-92.515355,site,node/878232020
70012,39.768270,-104.810830,site,overture/94e3dbc0-20fb-4c30-bc27-041271d42835
70014,38.765720,-92.481970,site,overture/0b0afcce-d397-48d7-9f10-15a5f3af5910
70017,39.607688,-79.904250,site,node/11861520854
70019,42.866140,-77.712270,site,overture/0a775c49-8679-4d36-b7ec-e2100c29e062
70022,40.667705,-77.607339,site,node/11077835725
70024,44.500130,-88.052830,uncertain,overture/f7b10254-f0d3-4164-9216-6a405a67c464
70025,40.587836,-81.091705,site,node/9664821532
70026,41.367352,-89.153666,site,node/9457890710
70027,42.009315,-88.290118,site,way/1027577271
70028,35.635720,-81.301270,site,overture/853bfae1-5469-47cd-a9b2-b733697df252
70029,29.988740,-94.211660,site,overture/e688dd4d-4cd8-4791-8997-15c48721d416
70030,41.559956,-87.354831,site,way/1037865749
70031,40.833399,-83.244886,site,way/636132586
70032,42.455777,-92.375340,uncertain,node/11230225678
70033,45.055703,-92.861815,site,way/1503242290
70034,41.768736,-87.819988,site,way/1028927027
70035,40.502016,-86.868097,uncertain,node/9518189067
70036,41.877543,-88.235715,site,node/9481264420
70037,39.452118,-87.127027,site,node/9506751884
70038,43.030645,-86.217321,site,node/8225235002
70039,28.935780,-98.559810,site,overture/ded37edb-ee77-4294-beee-e30d683de1c7
70040,29.992574,-97.871375,exit,node/6688312107
70041,37.501187,-77.090253,site,node/5224098300
70042,42.506702,-93.263574,site,way/1392382950
70043,46.663905,-92.471304,site,node/6791922142
70044,41.600522,-87.588883,site,way/1331500029
70049,41.944722,-91.667424,site,way/778656605
70050,43.216018,-89.328754,site,way/779794097
70053,43.112416,-89.510722,site,way/332978974
70054,42.929931,-87.948863,uncertain,way/664261993
70058,44.004200,-92.486261,site,node/3684255023
70059,46.604163,-90.855216,site,way/911659998
70062,42.996246,-88.259353,site,node/7183376542
70063,33.985370,-84.560220,site,overture/f25c4b0d-75d1-476f-ba18-572bbd799050
70066,43.075005,-89.445979,site,way/345638676
70067,44.305224,-90.845057,site,way/805206553
70068,35.277140,-97.601970,site,overture/b669f509-ccea-4c61-9669-5a4a66d829dd
70069,38.646090,-94.330050,site,overture/100032d6-15f6-40c3-8228-9e159f18fbee
70074,40.345831,-94.853207,site,way/1054545151
70075,45.532745,-92.020975,site,node/2757136172
70076,37.635700,-91.557430,site,overture/8cb558a1-ec74-4413-a5e7-2de453df74fc
70078,44.815924,-91.509805,site,way/853576673
70079,34.395440,-103.152780,site,overture/945a59df-5c50-41bb-9666-d488bb441edf
70081,40.353090,-80.617260,site,overture/b9cfda7d-c768-4869-bbe6-d5d5a68f833f
70082,45.886280,-89.703489,site,way/811749858
70083,43.143118,-89.746273,site,way/749696974
70084,42.427856,-87.877063,uncertain,way/334789888
70085,41.987978,-87.959937,site,way/982036883
70087,40.719613,-74.125709,site,way/1112517705
70088,45.923311,-90.449876,site,node/3660813693
70090,35.876813,-87.803002,site,node/9228775799
70091,39.121178,-88.558341,site,way/1025725801
70093,35.076260,-88.544760,site,overture/6bf65317-c830-4379-8da3-0c89fc3fe78c
70095,33.221194,-97.738367,site,way/1054505828
70096,34.193887,-91.920463,site,node/11137705972
70097,43.745614,-87.820999,site,way/1167599455
70098,46.582498,-90.904851,site,way/911663040
70099,33.640014,-97.153949,site,way/865207610
70100,32.195900,-86.415317,site,way/1259755651
70104,40.266145,-103.639997,site,way/695758521
70105,28.667220,-82.147320,site,overture/93384d84-31b6-40d8-8da4-6b9b535062c1
70106,31.191502,-97.312758,site,way/1117057024
70107,40.652451,-82.546073,site,way/1017955731
70108,41.625740,-87.738150,site,overture/0dd7de9b-0fd9-4748-8f24-5f49e304d2fa
70111,43.250730,-89.369600,site,way/779793262
70117,39.913784,-77.669391,site,way/473674111
70118,35.948011,-86.488131,site,node/9231453390
70122,34.565630,-86.973790,uncertain,overture/93510df2-1e5f-4589-985d-50a384d06668
70124,38.097080,-102.619080,site,overture/9c7393b3-374a-4e80-9f72-74c424232c1c
70125,40.961347,-80.659088,site,way/1052089324
70126,40.647692,-82.543516,site,way/508991369
70127,40.395887,-79.442819,site,node/9329474796
70128,35.682896,-88.741713,site,way/1336459825
70130,32.728960,-82.713820,site,overture/98756972-6609-40f8-919c-fd891883664e
70131,41.860910,-87.971034,uncertain,way/198804797
70135,37.685841,-92.670155,site,way/510324471
70136,32.848450,-97.343890,site,overture/29197d7e-8363-448c-bebc-645a24c5232c
70137,39.910384,-76.705069,site,way/379865350
70142,41.180620,-77.326170,site,overture/4d7c8f33-0b1c-4a9c-8852-332f64488604
70143,45.410258,-94.059916,site,node/8009948686
70144,35.540267,-94.235474,site,node/12249892106
70145,43.468618,-112.057019,uncertain,way/1028124409
70146,47.676739,-117.240394,site,way/1122455316
70150,41.046150,-95.827810,site,overture/803e81f0-dc47-49f0-aa9d-9997ad473aa0
70151,32.287300,-96.544277,site,way/829869340
70154,40.392510,-104.565250,site,overture/3e2a22a3-6ba3-4e70-a3f1-74ba14115b6a
70155,42.384301,-83.275623,site,node/8619205114
70156,37.681841,-113.085528,site,node/4672309528
70157,42.462181,-92.403849,site,way/1073996101
70158,33.080550,-80.210290,site,overture/388d1599-62ea-4343-a01c-56e858ad93ec
70159,37.156379,-77.274430,site,way/1117027718
70160,44.820400,-106.973210,site,overture/e01e8c33-de8e-4088-be8f-925132747882
70162,36.714354,-76.669420,site,relation/12929994
70163,45.375900,-94.719930,site,overture/cae8885c-acf1-4678-b7bf-2c5844bc684a
70164,41.079040,-75.579790,site,overture/cbf62c87-a4bc-4f71-a534-09a8c4aa20e8
70168,45.563959,-94.291301,site,way/961734779
70170,37.654670,-85.886830,site,overture/83635143-c678-4493-87fb-cd1e6f4e7048
70171,43.632470,-88.737170,site,overture/5ba404d7-4e48-4045-a44e-2b445ffff0a8
70172,37.997150,-88.930660,site,overture/57e17ce0-ea2a-4ab6-826d-3fdc073807d6
70174,42.989666,-82.928930,site,node/5842363688
70176,43.578460,-116.243166,site,way/1009018878
70177,37.315740,-108.610310,site,overture/45615e2a-7dfe-48f7-b57c-c644e33e1131
70179,36.255060,-94.152820,site,overture/5bcd264e-ab24-42b3-bb31-4ca5052aca19
70180,41.979479,-87.958692,site,node/11478251915
70181,35.488140,-79.168110,uncertain,overture/3fdc6462-b5a8-48cd-a071-f78d8fb7fbf9
70182,43.657028,-94.097862,site,relation/14889248
70183,31.825917,-103.908918,site,node/6841989163
70185,31.843276,-103.103771,site,way/1284680841
70189,42.739890,-71.426280,uncertain,overture/5125f50e-01b6-42c1-bd71-00f10c884a73
70190,34.652958,-106.793370,site,way/759264386
70191,34.173183,-98.498818,site,way/1080391282
70192,31.360909,-92.588885,site,node/11114476149
70207,32.693880,-97.512101,exit,node/82389562
70208,39.581629,-119.779847,uncertain,way/1294818431
70209,37.338950,-94.294250,site,overture/d5029edc-3d5b-4c9f-9bea-0e94be11e663
70210,41.112580,-89.369300,site,overture/b712ff21-f6d7-4187-8037-9f50e7437617
70214,33.787691,-84.618024,site,way/1010685252
70216,39.056037,-104.853556,site,way/768675941
70217,42.723050,-114.542340,site,overture/5f498aab-9977-44bf-ba1a-879861200942
70218,37.416799,-87.474474,site,way/954765168
70219,31.328510,-94.689900,site,overture/6b2bbd88-f5ef-49a8-9662-c0e075487a17
70220,35.812373,-80.833328,site,way/1255392369
70221,41.891249,-91.666790,site,way/1034588818
70222,40.617910,-87.323940,site,overture/2582abf6-ca32-4d55-a479-7173e025390a
70223,42.973239,-83.719468,site,node/8132985051
70224,39.116540,-108.359190,site,overture/d62024c3-6ab9-4cdf-a0dd-bcdf23c77624
70225,40.006960,-74.974720,site,overture/3b15b6ba-6494-476f-a0c9-097141f8f23d
70227,30.002634,-82.597996,site,way/920174640
70229,35.971470,-114.910510,site,overture/f0686a92-521e-446d-95b8-69ec8f51e039
70232,39.404250,-78.016750,site,overture/0ee57d8d-6af3-41fb-baee-8fbb188b94a4
70233,46.858730,-101.418310,site,overture/15d48009-8f77-4d83-825d-b95a03afe1d0
70236,35.619892,-105.207598,site,node/8149672733
70238,30.580376,-100.646246,site,way/998218718
70239,38.874740,-104.813240,site,overture/69e8a3e0-b914-4ca0-8b15-b1fb301d859b
70240,37.130188,-113.525737,site,way/1210471650
70241,38.933340,-119.734430,uncertain,overture/580d640d-90c3-4867-ada9-8a6a91c4457c
70242,31.650672,-97.098938,site,way/1212935781
70245,33.964820,-98.672490,site,overture/de08229e-45f0-431d-8697-43f109f6448b
70246,25.770760,-80.214810,uncertain,overture/b8acba6c-3ef3-47e9-b06f-2d39294d34fa
70247,32.671772,-96.964184,exit,node/81829366
70251,31.331404,-89.262704,uncertain,way/663586446
70254,38.933426,-97.258956,site,way/1257615931
70255,44.252000,-85.364720,site,overture/8a677d10-52e0-412e-9940-73577b8b11ee
70256,27.916759,-81.718955,site,way/775433987
70257,26.182470,-98.067380,site,overture/7f6f0be9-02d6-4952-89b2-942bae1424b8
70258,43.992789,-95.752711,site,way/971268667
70262,34.069690,-96.762610,site,overture/94e89ab4-7494-4c85-8df8-dfaaa26fcbf5
70263,32.439430,-81.764477,site,node/3609406909
70265,40.819115,-97.101144,site,way/213035416
70266,31.876060,-102.422191,site,way/856570785
70267,44.699406,-123.054726,site,way/953106011
70268,41.337114,-92.204848,site,way/1177413449
70269,42.524127,-96.496930,site,way/965645865
70273,38.183589,-85.698583,site,node/9370401239
70274,43.106232,-93.601310,site,node/12900314819
70276,37.150090,-77.356980,site,overture/80b7ba9d-ae2a-49c6-b53a-883bb5d24296
70277,45.296380,-92.366409,site,way/798479037
70278,44.290743,-88.312320,site,way/759457978
70279,44.544593,-93.555300,site,way/1065687674
70280,40.305600,-104.984252,site,way/1217861185
70281,41.964779,-83.345020,site,node/6928859177
70282,42.997700,-89.200810,site,overture/b19a9bba-8045-460f-8cd1-c110141fac1f
70283,42.325734,-88.164804,uncertain,way/1011131090
70284,44.787412,-68.785255,exit,node/539938136
70285,45.183348,-69.251599,site,node/7199176955
70286,44.916560,-69.262860,uncertain,overture/648eb309-0773-4658-8c55-1498d9a269ae
70287,40.276040,-86.130048,site,way/1082768311
70291,41.328625,-105.610902,site,node/10219971318
70292,36.783082,-114.139936,site,way/818872556
70293,45.407171,-91.734789,site,way/934045102
70295,41.634638,-85.044634,uncertain,node/9573542654
70296,40.522047,-111.958099,site,way/463133070
70297,42.508570,-94.177330,uncertain,overture/d2405e7d-8645-4130-af0c-0b97e81b5c21
70298,32.705981,-80.874433,site,way/585534949
70299,30.398134,-81.562661,exit,node/5974556431
70301,40.810800,-115.820610,site,overture/509fbece-89bd-4717-aedc-c8a657a89410
70302,46.749692,-92.154613,site,node/12433791115
70303,42.527977,-92.336913,uncertain,node/11228811921
70304,44.315030,-69.804180,site,overture/0d99a5a2-1343-4fb9-84d6-905737764428
70305,35.508420,-97.937390,uncertain,overture/2df0ee88-b40b-4b3c-85ca-be565e95d6d6
70306,41.699568,-93.027569,site,node/12070868635
70307,45.684891,-92.982101,site,relation/18046227
70308,44.666111,-88.229266,site,way/744214958
70309,32.120607,-103.188973,site,way/1190974185
70310,42.505940,-71.692970,site,overture/60e0c53d-c18c-4145-b87f-27efeaeec0f7
70311,42.653750,-73.111080,site,overture/b3518ec6-6465-4788-8914-a33ddaf19975
70313,33.474920,-112.116930,site,overture/8e20b4e1-88a9-4827-a123-07b340cd760c
70314,40.813141,-96.684162,site,node/13853937245
70318,33.117454,-95.636296,site,way/895057544
70319,41.045562,-81.690441,site,node/9678844102
70320,35.033391,-85.582897,site,way/1000310182
70321,32.977578,-115.503758,site,node/12696303914
70323,40.130745,-87.777854,site,way/1212472209
70324,41.665610,-85.890240,site,overture/d947aaac-3f58-44a1-9845-fe86b65d76ec
70325,42.508960,-94.180860,site,overture/8e9e2e21-c1bf-4141-94e8-54761804e5b4
70326,31.587410,-102.917430,site,overture/beea6e89-ca3e-499e-bae9-19a0189990c9
70328,41.926881,-87.884943,site,way/1330653474
70331,37.794092,-79.884653,site,way/1061161519
70333,41.662787,-93.463860,site,way/1191247434
70334,42.609617,-89.377375,site,way/779819154
70336,42.456398,-89.000892,site,node/9457139324
70337,30.571202,-100.585127,site,way/997224843
70338,40.266010,-84.185550,site,overture/7b862807-1c5d-4ffc-8db2-666fc4c9c45d
70341,36.326541,-79.640825,site,node/10918298097
70342,41.908156,-87.917741,site,way/1499482372
70343,48.187624,-122.196615,site,node/12142719866
70344,45.556126,-93.584926,site,node/9197354227
70345,42.783079,-86.023113,site,node/8238942763
70346,42.454150,-93.818210,site,overture/031207e7-4e31-41f3-b23d-5c6d76334932
70349,35.954372,-83.592548,site,way/915206404
70350,25.947940,-97.446110,site,overture/2b22bb60-cfd0-4ce9-9eac-6ba583af2fa6
70351,42.006348,-111.809682,site,way/1032349049
70352,45.538206,-93.231081,uncertain,node/12646203448
70353,35.060310,-97.961010,site,overture/b18798c0-f206-4096-b221-fcfe022be3b0
70357,39.916130,-83.035502,site,way/1485027295
70358,45.219276,-96.639177,site,node/4639081799
70359,36.897567,-113.910173,site,way/1173865803
70360,43.691940,-116.698020,site,overture/a4be0ca9-52c1-4dd0-87a4-417e0669aafd
70361,42.917615,-111.001998,site,node/8777957019
70366,45.773950,-87.069940,site,overture/d85ca52f-8b76-48c2-b388-0b8c4aedd1da
70371,33.157240,-99.729290,site,overture/9f326265-876a-43b5-a234-8800e0f620c7
70373,44.402011,-88.743076,site,way/764361693
70375,33.228020,-97.591662,site,way/832836325
70376,32.807352,-96.798699,uncertain,way/1564561712
70377,36.206950,-83.320909,site,way/909101250
70379,34.207640,-84.799741,site,way/745747683
70380,35.255671,-80.981118,site,node/11711708210
70383,30.655713,-87.760153,site,node/8949777552
70385,34.172620,-97.229560,site,overture/77071848-6353-499c-84fa-04c842c28e1f
70388,31.587410,-102.917430,site,overture/beea6e89-ca3e-499e-bae9-19a0189990c9
70389,31.984240,-102.042820,site,overture/1f1fe391-bb32-43be-a638-5414b56ffcee
70390,31.853142,-103.067617,site,way/1284777366
70391,37.901516,-88.946609,exit,node/234436960
70403,47.701907,-117.022467,site,way/712586327
70404,38.867250,-104.757854,site,node/5465316549
70405,32.434810,-103.121246,site,way/1040550611
70406,41.897996,-89.067241,site,node/7729842306
70407,40.808300,-73.193020,site,overture/198e5b2a-0e89-43aa-b8c7-b99d4b624780
70408,40.824980,-72.995210,site,overture/44329dd8-d8e8-4ddc-af88-1f6222074358
70409,42.739995,-86.068663,site,node/6530634738
70410,33.826464,-84.196281,site,way/945329510
70411,34.103840,-82.852680,site,overture/959f7732-89a4-4dd1-8f41-780971393d34
70413,40.710670,-94.228450,site,overture/f90382d9-68ce-4fa6-a2fd-d34ce31d4a9b
70415,39.521970,-75.063030,site,overture/6cdfb2a8-efc4-4e26-b30f-ab37faadda9c
70416,36.336270,-102.075620,site,overture/953a3d1e-bdb0-424e-a375-54af54ba4c86
70417,42.661349,-92.336503,site,node/9779408341
70419,27.822361,-99.413142,exit,node/344986243
70420,34.591372,-87.029356,site,node/10784985179
70422,33.465544,-112.254787,site,way/130341177
70423,42.148823,-88.514772,site,way/1026251693
70424,43.348613,-83.861624,site,node/8019952856
70425,41.036557,-80.127811,site,way/1150067308
70426,30.691680,-84.381160,site,overture/e61b9521-f514-4add-8bd7-6cabfe1b3b1c
70427,32.074102,-81.199068,site,way/944701416
70429,31.137194,-83.440336,site,way/1081036937
70430,33.394979,-82.004978,uncertain,way/1007012405
70431,42.474030,-95.543500,site,overture/e5524eb1-d60b-4e98-bd35-0f300f5b6016
70432,41.526090,-87.850950,uncertain,overture/15b897d7-c586-4e6f-aaf0-1a0938c52ab8
70433,41.607020,-88.241430,uncertain,overture/4ae95c4c-78b2-484f-bc4d-3c99ee475e16
70434,38.314673,-88.932955,site,node/13659701034
70436,39.841954,-96.640416,site,node/1103320581
70437,38.127490,-85.748769,uncertain,node/9365508456
70438,30.239230,-91.958050,site,overture/7373550a-96e5-4894-88ae-6b10d09933b4
70439,32.555141,-92.936566,site,node/10973599489
70440,42.497360,-83.045520,site,overture/039f6761-f65f-4b10-93a6-0d99dce1585e
70441,38.754506,-93.735730,site,node/4391808430
70442,39.174296,-119.738649,site,node/6501394795
70443,32.530920,-90.099660,site,overture/ff6e3782-7697-4c58-a59f-4087fca19d66
70445,46.128724,-98.091377,site,way/96425200
70446,32.286180,-104.101380,site,overture/d2d6813f-1605-43f2-89c7-c7c12a3bc911
70448,43.232947,-76.132809,site,way/1057441031
70452,33.037769,-115.629207,site,node/12263051098
70453,33.937770,-97.119380,site,overture/47265c6e-9d18-4cf0-b2b3-049d0acdd73b
70454,41.718690,-76.472878,site,way/979910692
70455,40.546920,-77.367980,site,overture/a5ec1474-10cb-4d48-84c6-2a4e8f7afd61
70456,39.835998,-77.904590,site,way/1210077783
70457,39.990315,-76.740975,site,way/627635888
70458,34.627327,-82.391394,site,way/679052991
70459,43.540923,-96.730977,site,node/2274547123
70460,31.420790,-100.440030,site,overture/07ae16b1-740f-4afa-ae03-c7a788c9fc30
70461,29.698334,-98.090803,site,way/543911990
70463,30.135810,-96.258800,site,overture/fb3efa02-4fed-4d85-91d0-7cfd9c239269
70464,39.105710,-108.609149,site,relation/10384359
70466,30.941290,-95.374890,site,overture/575aa6f5-3c43-480a-b59e-e4f1300f5940
70467,41.147684,-96.162103,site,way/767760273
70468,31.050990,-97.485150,site,overture/4060120e-235c-41d9-b108-4494981912f3
70469,33.161060,-95.216550,site,overture/4c8988b3-1d46-4f5a-b08a-52dc8d5a0f7c
70472,32.768194,-97.356742,site,way/499343722
70474,32.770620,-96.873546,site,way/738278200
70476,45.868320,-93.295310,site,overture/0707844c-0ab6-40bd-a766-270331fe9182
70478,38.930020,-111.854176,site,way/1176514631
70481,43.702360,-89.468210,site,overture/e70f69d3-1246-409c-98c6-3a71532d8313
70482,43.411180,-106.279960,site,overture/45e594fe-e35e-4220-89e0-b7f3443f686c
70483,40.691970,-73.397540,site,overture/16be6538-9101-4e3c-9290-7e1a79dfc19b
70484,32.943760,-103.348410,site,overture/f3b2422e-29a8-4613-8be3-5275054c8af8
70485,32.730040,-103.150120,site,overture/53eb2685-046c-4cb2-a2c3-407bbb201a82
70488,33.185890,-102.821140,site,overture/40a9084e-a3dd-4147-b405-512d2c7d8750
70491,39.734570,-93.909929,site,way/830146506
70492,44.953158,-89.654606,site,relation/20018383
70493,34.815368,-91.567362,site,way/1245725280
70494,39.884788,-104.805424,site,way/257203086
70495,33.330470,-91.292612,site,node/11136615064
70496,44.345440,-87.842730,site,overture/07790e04-f077-47e9-b8b1-97926dc2a09d
70498,44.959209,-90.936809,site,way/1208641145
70500,33.591960,-101.854840,site,overture/f70a4a1b-e279-4e4c-9e89-9e55671ad82b
70501,32.032114,-102.147179,site,way/472456418
70502,31.857170,-102.358510,uncertain,overture/6ace7761-be4c-4e0f-9a05-4567b0c1c622
70505,33.598790,-101.861470,site,overture/d929f112-e0a6-41b3-8344-3b7b95bf23d7
70507,31.826570,-99.425830,site,overture/859802db-203a-44e3-8dd7-33c72c1a7879
70508,41.955120,-87.870640,uncertain,overture/abfe1bb9-23ed-4f38-a018-dc5601cf7d47
70509,31.741770,-98.948000,site,overture/b1df68f7-a03a-4bea-a9e6-59775fa5ad4d
70510,32.114980,-98.527590,site,overture/28724b29-5a66-4c74-babd-0eb2a76a6cee
70516,32.409820,-100.842960,site,overture/5bdfc33f-6490-42fb-9abe-d1fc4f10ef7d
70527,38.488231,-85.770054,site,way/821947010
70530,25.954280,-97.418580,site,overture/818cc8f2-2d3d-449d-ab96-1e4fb93b1ba4
70538,38.151868,-85.071328,site,node/9362717255
70539,39.418929,-87.695089,site,way/1311869094
70540,27.872910,-81.593000,site,overture/21b7d883-e6f1-441f-b856-407c4036a168
70541,43.409750,-95.127560,site,overture/66ac1b19-93d3-4acb-9320-f5d7b3048cf5
70543,35.432540,-101.178340,site,overture/46631dbb-952d-4e92-b7cc-2b57d24475bd
70544,32.963710,-101.832660,site,overture/cf42e76e-dcf4-4789-83e9-6d60b90f4a4a
70545,32.964810,-102.834920,site,overture/a9a069a1-b257-49f0-937c-e252085b2e75
70546,34.941860,-100.896930,site,overture/9fa36b31-7614-4b8c-8fac-f0fbe5b56be7
70547,33.214780,-97.767840,site,overture/1c17dc5e-7447-4c2e-aaa4-feeccbca44d1
70548,34.228240,-102.726550,site,overture/fbe6bc2a-1bdc-4d36-82ff-4eb2ba095ec4
70549,32.966720,-102.818580,site,overture/4c6dc50a-258e-4abb-9584-26da2e77c188
70550,30.184706,-96.954953,site,way/781667623
70551,43.013097,-88.048793,site,way/1545347771
70552,46.807991,-92.175428,site,way/815585797
70553,43.636440,-95.594858,site,way/1365597059
70554,31.705500,-103.598500,site,overture/995d55d7-ab06-4357-9d4c-c0d7854dba41
70555,36.085160,-87.098910,site,overture/92ce80a2-ed8d-4b35-8fff-3677aba29eab
70556,38.387950,-82.606310,site,overture/f9030417-3ebd-4bbe-96e7-bfe435d3a71e
70557,36.568640,-95.217200,site,overture/6baf0ba8-fd3e-48fb-9af3-a9c2c12a3354
70558,42.652691,-88.543288,site,way/1076995595
70559,45.756870,-93.638940,site,overture/24e90570-bd26-499b-9fe4-a0f7646f7000
70560,32.691088,-113.954157,site,way/1454020193
70561,31.871630,-102.418400,uncertain,overture/ffa2f84d-814e-44c1-aa3e-5426c4a6b6a4
70562,36.627818,-86.566778,site,node/9230313879
70564,41.463938,-82.058128,site,node/9696492109
70565,43.401764,-94.820060,site,way/1551410519
70567,40.889890,-74.663399,site,way/1242080056
70571,41.627650,-84.768700,site,overture/a805e696-4121-4ff0-82d1-8473b26225fe
70572,42.863645,-82.558358,site,node/7242834326
70573,43.293587,-89.758216,site,way/909341997
70574,39.962069,-89.561966,site,node/8807029268
70575,40.472476,-80.060862,site,way/904181137
70576,44.903923,-91.933762,site,way/891346117
70577,41.573040,-88.121064,site,node/9494202880
70578,44.103080,-103.152470,uncertain,overture/c092b77c-4888-408a-9b68-689c8463a91b
70579,30.824251,-97.604273,site,way/930315328
70580,46.947020,-114.133624,site,node/7798799746
70581,32.866120,-87.923030,site,overture/ea2d51fb-2429-4b46-8e89-f7c8ce00239e
70582,41.592233,-90.459970,site,way/1544368914
70583,36.974670,-91.940172,site,way/1257614603
70584,31.968520,-102.073100,site,overture/add0465a-7368-4513-a027-59d7c37f92f3
70585,32.307126,-102.542273,site,way/843566165
70586,40.964196,-117.732883,site,way/675581875
70587,39.155848,-111.818925,site,way/1164974566
70588,40.171316,-79.733881,site,node/9329615666
70590,29.889340,-81.294100,uncertain,overture/0b4ec3ab-5e91-450d-a1fd-dce03c8404af
70591,40.751183,-81.400853,site,node/9281966854
70592,34.139698,-80.748917,site,node/10228325504
70593,34.443831,-84.915429,site,node/13149411554
70595,40.122632,-87.777989,site,way/1025728320
70596,34.151290,-83.640582,site,node/8986940150
70597,38.075829,-84.506845,uncertain,node/8358347297
70598,35.020930,-89.919941,uncertain,way/965096585
70599,33.407720,-82.653870,site,overture/7b5e0af2-147f-4414-9905-90f9944ee996
70600,43.148790,-93.221762,site,node/8709804279
70601,38.939362,-97.217444,exit,node/119847774
70603,33.477216,-94.410972,site,way/1328096863
70604,43.270728,-93.634494,site,node/2451240681
70605,41.834170,-87.744134,site,way/1019581844
70606,37.044140,-86.209287,site,node/9333333932
70607,41.457276,-88.193234,site,way/144058666
70608,45.207212,-93.379078,site,node/9947960712
70609,33.260455,-84.097133,site,way/1053229805
70611,41.451930,-85.284520,site,overture/e8a1dec0-0905-4103-ac4e-6369fbf64f23
70612,47.053751,-120.661984,site,node/4297407543
70615,41.623059,-87.675836,site,way/1255773034
70617,39.129359,-94.504762,site,way/1300384676
70618,39.845007,-82.938237,site,way/987240262
70619,44.769810,-94.128050,site,way/1079787894
70620,34.387330,-92.846589,site,node/12166267719
70621,32.487770,-82.894010,site,overture/386cfcde-5559-43e3-a495-fb13d5441707
70622,40.263554,-75.741122,site,way/878780830
70623,41.680870,-88.068186,site,way/770782380
70624,41.555674,-90.518914,site,way/1562653845
70625,45.305847,-69.035436,site,node/3066277470
70626,39.544567,-107.658598,site,way/1483889148
70628,47.005946,-120.587174,site,way/1213093011
70629,45.509106,-92.998342,site,way/1199247805
70630,41.105708,-81.347549,site,node/9676077472
70632,41.467530,-87.635310,uncertain,overture/e7fa441a-cc3a-46ae-b56a-f053358784c3
70634,38.473190,-100.906430,site,overture/c47adc45-848c-4ec8-ac3d-756a3f72a39a
70635,41.042150,-82.716600,site,overture/cfac32db-afdd-4ede-9f58-4844486a410c
70637,26.180808,-98.041656,site,way/829089573
70638,39.081911,-95.725907,site,node/11390050274
70640,35.840531,-98.394652,site,way/971478233
70641,38.022062,-79.141821,site,way/1021489856
70642,32.362754,-90.667372,site,node/10858239573
70643,32.536914,-85.082787,site,node/10134120317
70644,44.997175,-93.454546,site,way/778968817
70645,29.497320,-98.399524,site,way/1159553145
70646,44.512796,-87.963113,site,way/630843755
70647,31.527832,-103.119774,site,way/1318368319
70648,43.213520,-70.994930,site,overture/33397e88-d3a2-443d-b88d-238af64e9969
70649,45.510756,-92.969226,site,way/1259085396
70650,41.104032,-112.006112,site,node/9930557417
70651,30.710610,-97.647360,site,overture/d302ea62-dea1-45ca-8a14-7e12867021a8
70652,38.306710,-88.942190,site,overture/85409a97-602e-437f-a06d-97c3914619cb
70653,40.096560,-87.635540,site,overture/169210d7-e813-46e2-891d-5bf59f678649
70654,32.270790,-109.244190,site,overture/e6b1eaea-033c-4a49-a921-5d284ee554a8
70655,39.062263,-108.515879,site,relation/11527743
70656,42.076446,-83.667521,site,node/7836942385
70657,38.745111,-77.188696,site,node/2393468003
70658,39.880229,-84.049500,site,way/821365028
70660,41.066646,-94.372281,site,way/1154889146
70661,44.145319,-92.532631,site,node/3066197898
70662,42.110958,-80.118676,site,node/4116423207
70663,41.206040,-87.877690,site,overture/dc47c35e-a246-4315-bdd5-15e23589a6f3
70665,30.077111,-97.825100,exit,node/3253790171
70666,41.830650,-87.695376,site,way/1046381381
70667,45.669720,-120.831930,site,overture/2e7180d3-2eb0-4213-9090-5081906f0975
70668,41.451904,-97.084776,site,node/11517971924
70669,45.668800,-120.834880,site,overture/8203bda4-d805-4e11-b6bc-c15275e5b98c
70670,40.842475,-111.931881,site,way/512734339
70673,33.379270,-111.813870,site,overture/5c394cc6-54c2-4fc8-b597-3846c2dbfce1
70674,42.549478,-71.570694,site,node/11492004151
70676,33.463008,-112.172065,exit,node/6351231849
70677,33.528060,-112.182230,uncertain,overture/d2e2b97f-f035-4cc3-98e2-09d63353a9b5
70679,33.415167,-112.015128,exit,node/42405886
70680,33.688543,-112.112855,exit,node/41302748
70681,33.320660,-111.754720,site,overture/b4de5093-c9e0-469f-b0cc-1c0f9cacbdd5
70682,38.562170,-90.132320,site,overture/719fd37f-69a7-4f24-8031-effdcec15d7e
70686,44.972401,-92.756363,site,way/264216805
70687,40.876617,-77.776657,site,way/1100866694
70691,29.447406,-98.360364,site,way/916891565
70692,43.614301,-72.982874,site,way/983298640
70693,34.774650,-84.971670,site,overture/fe4b3c16-8247-4cae-a59d-341beeb97dc2
70695,33.641740,-105.877210,site,overture/05406136-8ec8-463f-bb07-b66a881027f0
70696,31.946026,-102.142451,site,way/1200051058
70698,35.363720,-103.411090,site,overture/d1818208-607d-420b-82f9-5c2f66830a1d
70700,32.487110,-86.206600,site,overture/050c851e-98e4-40c9-acae-f56f2244bcd6
70704,37.029798,-94.479664,uncertain,node/3271075392
70705,39.423176,-89.450920,uncertain,way/1114781368
70706,37.067090,-94.405600,site,overture/fe0d1d4e-cb6d-4104-b8f2-407a394135c1
70707,32.875840,-85.170810,site,overture/a99e6979-fd79-4ad3-a163-9a1b59ee5a3c
70708,42.785521,-84.667468,site,node/11787814590
70709,39.504980,-91.535680,site,overture/550ca9a5-00ac-401d-a51c-665e395a6fa4
70710,34.952060,-88.910960,site,overture/910e0302-1dc2-4474-b7a0-4d366f2d33a7
70711,27.644630,-99.555890,site,overture/24bc5398-07c2-496d-8ebb-6fadb5a5ca9b
70714,36.995081,-111.564117,uncertain,way/387787672
70717,39.878240,-83.013766,exit,node/230339441
70718,34.913202,-91.194873,site,node/12649843751
70719,38.857641,-91.301362,exit,node/191859547
70720,45.582996,-94.064234,uncertain,way/770029157
70722,43.088617,-76.092438,site,node/9440667790
70723,42.110213,-77.155569,site,node/6781698620
70724,33.591907,-80.355005,site,node/8792673039
70725,36.709332,-87.455723,site,node/11367150508
70726,39.812797,-97.630485,site,way/541818361
70727,43.993592,-96.307085,site,way/961080133
70728,43.350460,-97.421235,site,way/1545867371
70730,42.894866,-97.396996,site,node/10945166375
70731,41.933450,-89.035740,site,overture/2b27920e-7738-4dd1-a129-a79b8bba7844
70732,40.698811,-111.906250,site,way/1057889540
70735,38.958043,-90.190623,site,way/770072775
70736,41.703618,-93.571123,site,way/131640837
70737,41.693442,-93.240912,exit,node/160003465
70738,37.055450,-94.423900,site,overture/f3c4ae89-b958-43d2-bd98-b42248373d37
70739,39.773440,-93.072535,site,way/1532814147
70740,39.046164,-88.748895,site,node/9875857594
70744,41.367811,-89.003423,exit,node/235216495
70745,43.932401,-94.938542,site,way/1076421505
70748,42.167690,-92.028090,site,overture/e14500ca-5fdc-49ae-9d9f-e430777654bd
70750,36.810799,-97.336797,site,way/754444015
70751,43.382181,-87.946421,site,node/8999031017
70752,35.275484,-93.133118,site,way/750328387
70753,35.985638,-96.196560,exit,node/145370659
70754,37.519193,-97.004267,site,node/11415814105
70756,39.108057,-95.093802,site,way/860289270
70757,34.897719,-95.762473,uncertain,node/13144199375
70759,44.091530,-93.237060,site,overture/a7610af6-dae1-4ddc-83da-36416479aaf1
70760,40.886104,-97.102242,site,way/213025585
70761,42.586514,-90.605210,site,node/813698800
70763,42.468204,-91.482014,site,way/1329493074
70764,41.221673,-89.068787,uncertain,way/1385797666
70765,31.113846,-97.400534,site,way/1246089318
70767,42.096278,-89.833435,site,way/1270739323
70768,40.558212,-89.616448,site,node/12398886940
70769,36.701720,-95.629395,site,way/1101472859
70770,41.298340,-91.689020,site,overture/f406c52e-e43c-46be-8cc3-3dab18191c5e
70772,38.915542,-89.264464,exit,node/233786424
70773,39.840954,-96.071443,site,way/1360453420
70774,42.467026,-95.148812,site,way/1096469864
70775,38.781881,-95.551483,uncertain,relation/19453330
70778,39.987284,-84.199790,site,way/1082607761
70779,41.495802,-95.546686,site,node/8861602189
70780,45.558990,-94.139002,uncertain,way/341924718
70782,40.703735,-98.840681,exit,node/133199549
70783,32.189209,-81.193220,site,node/10091448432
70784,34.935057,-78.921059,site,way/1200619084
70785,33.939000,-80.979960,uncertain,overture/c1c8aed8-be16-4cb2-9caa-c82960c4133d
70786,27.833660,-97.548560,site,overture/dd4dde15-0497-4318-9483-c8e45fc65e3e
70787,32.183851,-81.455730,site,node/13665409842
70788,41.423887,-81.503940,site,node/9672824049
70789,44.196732,-88.486722,exit,node/233066176
70790,38.897563,-91.454851,site,node/9951429320
70791,35.839270,-88.084823,site,node/9860692275
70792,40.285400,-100.152180,site,overture/ad190dec-036c-4331-bd1f-780b406f5c7d
70793,38.994518,-110.183961,uncertain,way/325139235
70794,40.942560,-83.396512,site,node/9847138092
70796,32.793760,-97.372420,site,overture/025af714-2c80-4493-a5be-579d150a989f
70797,32.938240,-96.925810,site,overture/b39bd26d-14da-46e5-9b76-70d2ddea72ee
70798,42.677230,-89.015720,site,overture/c9c124a8-1c50-492b-8d29-0de67e105251
70831,39.528784,-119.756868,site,node/12309053652
70845,39.528784,-119.756868,site,node/12309053652
70855,39.174886,-119.767179,uncertain,node/7217451021
70858,32.195644,-86.420170,site,node/8949405727
70859,39.189530,-119.700320,site,overture/825ec419-6e37-46a5-baa8-58dd3af21785
70860,40.854227,-115.747057,uncertain,way/914886340
70864,39.452150,-119.779866,exit,node/140032191
70871,41.290730,-72.580350,site,overture/237d2c6d-137e-4730-85bc-2f3f78f065ef
70873,30.002634,-82.597996,site,way/920174640
70874,30.376820,-96.068340,site,overture/bce3bb4b-ce23-4a9f-bb37-26634709ff58
70875,30.066780,-94.795360,site,overture/94a6bb1f-0a43-4bec-b58e-9778a0c18d7b
70876,43.112980,-72.429210,site,overture/74fbcad5-05c0-4f63-94c8-ea1d54262d3c
70877,42.488540,-87.952917,site,node/9446683206
70878,42.184077,-112.237761,site,relation/15428644
70879,35.086467,-106.726383,site,way/888809684
70880,40.439460,-75.946724,site,way/1301653198
70881,40.435340,-78.435530,site,overture/b0489eee-564a-41a2-b358-4f18a36a7eab
70882,40.415519,-77.012775,site,way/1092226960
70883,40.338690,-76.440730,site,overture/5b92a5dd-d634-4f23-876a-b58d1c666840
70884,39.487339,-77.340368,site,way/924971537
70885,44.256384,-88.293577,site,way/914732076
70887,33.562390,-83.497061,site,way/1071762769
70888,34.667160,-99.317860,site,overture/0ffcac8d-bea1-4f9a-b4c5-453031966f32
70889,41.913760,-80.567351,site,way/867059146
70890,33.801186,-98.195726,site,way/1167601974
70891,36.772260,-76.369350,site,overture/4018c3b9-e460-4b86-95d9-7c73cb50b478
70892,38.290040,-77.546437,uncertain,way/608469280
70893,38.290040,-77.546437,site,way/608469280
70894,38.635920,-76.894860,site,overture/a14784b6-fe36-433d-ba2c-3069ec3bb31f
70895,38.133001,-77.512299,site,node/5302659522
70896,38.955740,-78.199230,site,overture/41b79d1a-3d2c-40f8-bb9b-568e9adacba2
70897,38.614040,-78.786160,site,overture/07678e2a-19f3-4b2a-92a0-2b1ca8451a24
70898,38.402517,-78.910337,site,node/7656785633
70899,38.048662,-78.909475,exit,node/221304425
70900,37.386071,-79.905550,exit,node/207594840
70901,37.293446,-80.100343,exit,node/221169303
70902,37.378651,-79.153880,site,node/8486225731
70904,38.730960,-77.192450,site,overture/9cfad7c0-aa01-42bb-bcb2-6e269ec8707f
70905,38.872940,-77.252021,uncertain,node/11787235225
70906,39.041338,-76.904665,site,way/404114302
70907,39.182291,-76.767349,site,way/403108744
70908,38.835170,-76.861820,site,overture/90935625-90cd-4a87-9edf-98cc49409b93
70910,39.300375,-76.520157,uncertain,way/796587794
70912,39.205019,-76.566196,exit,node/49381219
70913,39.103400,-77.134320,site,overture/9aeed4f5-d998-4d2c-b081-a18c4369e900
70914,38.886890,-76.859120,site,overture/78fd6c94-faca-4e4c-9c50-6de596cdbc5c
70915,39.300375,-76.520157,site,way/796587794
70918,39.236960,-76.589320,site,overture/1b6d9014-75b6-452a-807d-6b56be11877a
70920,39.159527,-76.669594,site,node/3813328001
70921,38.783363,-76.889816,site,way/616765762
70922,38.941200,-76.872280,site,overture/3c7decec-c2dd-4f61-95b3-d875628dca8a
70923,39.171420,-77.153750,site,overture/5c26ae2b-0b2c-478d-bffe-6999b21ae762
70924,40.131240,-74.967393,exit,node/493827960
70926,40.625453,-75.446905,site,node/6917251303
70927,38.799110,-77.176660,site,overture/465ca005-0b98-4e69-8ad6-caadbfa404d3
70928,39.182291,-76.767349,site,way/403108744
70929,39.442790,-77.981437,site,way/586082910
70930,39.162101,-78.157836,exit,node/211232754
70933,39.209770,-78.147470,site,overture/6f2b5251-18ce-456d-8b0e-a9e0fb5c5295
70934,39.362970,-77.424770,site,overture/3d289dfa-b20d-49d2-b910-426c99fd13d5
70935,39.404051,-77.392693,exit,node/65807202
70937,38.630435,-77.800301,uncertain,node/8355622963
70938,38.978320,-77.438330,site,overture/805c71ef-b0f9-4afb-8d6f-56b525272a82
70942,38.886730,-77.432750,site,overture/03dfb8a5-e2d6-4ca9-a9ad-07da0765ef5a
70945,38.567010,-77.759950,site,overture/ffe84a35-c8dd-4abc-985a-c866ae81b063
70947,38.290040,-77.546437,site,way/608469280
70948,36.073289,-79.936519,exit,node/171085671
70949,35.712095,-78.842466,exit,node/195392137
70950,36.084323,-80.069470,exit,node/170671867
70951,39.082410,-77.516000,site,overture/576aeeb4-2f06-4246-bd9c-b6687fcc77d6
70952,35.900310,-78.759040,site,overture/c8af2136-7106-4f7c-9db6-a5531d24c8b7
70953,38.259492,-77.496237,site,way/628556749
70955,38.369708,-77.465789,exit,node/316294208
70956,34.262820,-77.841350,site,overture/c022d21a-6085-4875-9ca5-b6c46e4c13d1
70957,38.259492,-77.496237,site,way/628556749
70958,38.283398,-77.453748,uncertain,way/879812731
70959,34.289580,-77.906240,site,overture/b89fed49-6485-4d5e-949f-29dae7f9c4a8
70960,38.130972,-79.033165,exit,node/221195440
70961,34.285266,-77.972107,exit,node/5506840762
70963,35.552141,-78.299011,site,node/8379904443
70964,38.295030,-77.506308,exit,node/457043876
70967,34.999280,-78.895030,site,overture/80d105ab-b134-4647-b04e-ee6e13083ad9
70968,37.692920,-77.440730,site,overture/f1ab9844-b29d-45b0-bf11-80e9549d5808
70969,36.079169,-79.954644,exit,node/171085000
70971,37.697173,-77.660976,site,node/7098796086
70975,37.402060,-77.422720,site,overture/90d95f55-4b2f-433a-8b19-17152eb7aa3e
70976,36.084323,-80.069470,exit,node/170671867
70977,35.794126,-78.582354,exit,node/195389218
70978,35.753943,-78.653298,exit,node/195403961
70979,35.900310,-78.759040,site,overture/c8af2136-7106-4f7c-9db6-a5531d24c8b7
70980,37.784190,-77.892354,exit,node/215718349
70982,37.519073,-77.187129,site,node/7112856406
70983,37.436464,-77.334467,exit,node/446339561
70984,35.958104,-77.785557,exit,node/1386672728
70985,36.066566,-80.308218,exit,node/170706046
70988,37.007551,-76.399751,exit,node/291086101
70989,36.836484,-76.061762,exit,node/221732175
70990,37.018293,-76.384011,exit,node/291086037
70991,37.119645,-76.512402,exit,node/221033338
70992,37.525200,-77.324810,site,overture/147f0780-d6de-4137-8abe-2105e4b1929f
70993,37.730920,-77.469200,site,overture/6aac90e8-a3ff-4db4-a54f-8d6c510335d6
70994,37.522580,-77.433490,site,overture/f74991b5-bfc8-437c-8e8d-54e26622bc39
70995,37.355167,-77.404459,exit,node/209733315
70996,37.966740,-78.214599,site,node/13646596570
71001,37.636298,-77.451662,exit,node/214824497
71002,38.038613,-78.456368,site,way/995955386
71003,37.522580,-77.433490,site,overture/f74991b5-bfc8-437c-8e8d-54e26622bc39
71005,37.570800,-77.478100,site,overture/d445903d-fc88-4353-bb3f-eb798588d49e
71006,37.570800,-77.478100,site,overture/d445903d-fc88-4353-bb3f-eb798588d49e
71007,33.848973,-86.825935,site,node/2504372145
71009,35.949190,-83.201520,site,overture/73ced0c2-f982-4a86-98f7-8e0e291820c7
71010,38.223572,-85.548813,exit,node/164586970
71011,41.392681,-73.528427,exit,node/94174451
71012,41.081010,-73.461280,site,overture/5a02b80e-5507-492a-89ce-8f4ed86862fe
71013,41.932800,-70.656960,site,overture/ca81f3f3-6d4d-407d-9a15-b3fb277d32a6
71014,39.184024,-76.764315,site,way/195031290
71018,42.159098,-92.038454,site,way/1364521845
71019,44.435880,-93.187380,site,overture/5ed3939b-60aa-4b73-98d0-25fc27a9675b
71021,41.294470,-89.088030,site,overture/7b1dfb3a-24ac-4dbe-8d98-bffe9238993f
71022,29.652670,-97.659000,site,overture/89b1024f-baa7-4d11-a5f5-00311fd4abba
71023,31.852655,-103.070758,site,way/1284777363
71024,40.898841,-90.660577,site,node/9653503780
71025,43.948863,-88.084862,site,way/772026776
71027,42.187110,-93.566920,site,overture/a5e8e626-3026-4af7-a9fc-bca1b2d35b22
71029,41.897015,-88.037652,exit,node/864678590
71030,32.338038,-111.071850,site,node/8051274801
71032,39.475335,-118.787459,site,way/899374119
71033,39.181329,-119.722771,site,node/6501394786
71034,37.653284,-113.080938,site,way/1082786126
71036,38.450417,-107.866788,site,way/979822211
71037,41.130170,-77.435839,site,way/637896324
71039,41.212520,-80.956340,site,overture/28b39113-b342-4c91-8153-e47921e06101
71042,39.190458,-119.756982,site,way/1219581676
71046,39.158423,-84.457859,site,node/9886277551
71047,34.334510,-112.117555,site,way/1086560669
71051,40.080130,-76.765750,site,overture/99edb87f-9206-41d6-8f02-781e0a32d70d
71053,37.620099,-88.985729,site,way/1005760533
71055,36.067687,-86.428357,site,way/1323940616
71056,34.619338,-87.052654,site,node/8946643765
71057,44.612738,-121.137894,site,way/1063414009
71058,44.544250,-93.585310,site,overture/f90c1c4f-ff3b-4cdb-807c-f6b211bf188d
71059,30.629362,-81.560586,site,node/10076198420
71060,36.485426,-80.745150,site,way/650020574
71061,33.401556,-81.425509,site,way/293942572
71062,38.935157,-111.855228,site,way/1305573692
71063,35.079494,-106.743368,site,way/888809632
71064,39.793775,-88.265727,site,way/1084498996
71065,40.291646,-109.992594,site,way/1175774128
71066,32.743525,-83.726383,site,node/12361085782
71067,34.556088,-82.007064,site,way/1050513745
71071,45.126351,-92.668646,site,way/1234416946
71072,31.976503,-83.758115,site,way/1037320855
71073,37.745277,-88.949179,site,node/9249608667
71074,42.098823,-88.286602,site,way/413766262
71075,30.830247,-97.601455,exit,node/153120229
71076,42.037940,-91.549389,site,way/911882605
71077,46.876710,-96.100310,site,overture/aa46f44d-9049-4d02-afd9-fa398bb7bd58
71079,31.903534,-106.421188,uncertain,way/1366167944
71080,42.573507,-79.085245,site,node/1544592839
71083,33.387398,-82.065418,uncertain,way/1007117967
71084,36.118920,-95.936260,site,overture/7630e27c-2da7-4faf-bc5e-80bfb0fd293e
71085,40.098677,-84.616780,site,way/855187680
71086,41.863329,-88.195351,site,node/6857694383
71087,47.098630,-119.317080,site,overture/957b3147-b124-4136-b074-433ac54d16a8
71088,42.239450,-91.189870,site,overture/96fe36dc-bb82-48cc-ac56-82f36c54e295
71090,35.337576,-101.382628,site,way/802747958
71091,39.394588,-92.411092,site,way/1474555556
71094,41.153837,-92.627127,site,way/539934215
71095,31.127400,-85.073750,site,overture/ff0cb8f6-d8dc-4643-89ff-40a6af462bf4
71096,41.488013,-87.578429,site,way/1329760859
71097,41.667901,-88.064547,site,way/767709768
71098,41.774662,-76.398758,site,node/1455662861
71099,41.427886,-87.764858,site,way/1364771266
71101,41.389721,-88.192722,exit,node/29411359
71102,32.791185,-97.321659,exit,node/82721490
71103,41.107310,-100.765070,site,overture/93c40f6d-2def-4f7b-a3be-8d07db5ca63c
71104,33.084226,-80.205670,site,node/10104563143
71105,36.798488,-98.637534,site,way/972700498
71106,37.739453,-97.318754,exit,node/122163469
71107,42.452119,-94.671388,site,node/3086262203
71108,29.835023,-94.547404,exit,node/304967118
71109,45.706528,-90.417197,site,way/1053982124
71110,43.093519,-88.760092,site,node/10782762716
71111,34.451080,-85.686070,uncertain,overture/71d7a792-3a97-4a2e-894b-24f0d0de7b99
71112,41.324020,-72.885510,uncertain,overture/42bb0329-e33a-4317-b06c-9dbec6a2ffef
71114,38.132714,-77.508958,site,way/966558298
71115,38.694110,-87.496810,site,overture/8256229a-d6ad-46d7-a897-ec9e90512464
71116,32.755900,-94.355810,site,overture/6e511989-c49a-44c4-b77f-24ef48a8490a
71117,33.398560,-82.048760,site,overture/7afef9a6-1cdf-42c5-9132-74165ba918c7
71118,42.457257,-88.998486,site,node/7967633266
71119,32.107105,-81.237317,exit,node/67028785
71121,32.270010,-107.754330,site,overture/d71576c5-064a-4c26-b504-5dbf7f131d42
71123,32.774490,-111.614707,exit,node/343159765
71124,30.291384,-81.984799,site,way/1058592373
71126,34.176113,-80.969494,site,node/12863459617
71127,29.600210,-97.964190,site,way/1073629399
71129,35.280900,-80.793740,site,overture/c62aaef8-cee4-462e-b3ac-ac51f0a9bde4
71131,34.936928,-82.067689,site,way/880316662
71132,31.927250,-94.682790,site,overture/fb86ef8f-e492-407a-8bfc-e5a5d3bfb0d8
71133,28.676633,-99.182905,exit,node/224310646
71134,34.601580,-105.209590,site,overture/fb845527-2d92-42b9-8ee3-c655b043b945
71136,35.398572,-78.005538,uncertain,node/12308356519
71138,48.815700,-122.555660,site,overture/f12cd755-c7cb-452d-8e6a-ebc3593be982
71139,41.699069,-88.447355,site,node/12729459668
71140,43.090188,-88.760153,site,node/2950245642
71141,40.645205,-88.803903,site,way/1365637650
71142,42.215554,-89.106887,site,way/1324607131
71143,41.906860,-95.066860,site,overture/cf45f57d-8f03-42da-a596-6029a3704b9d
71145,39.552222,-85.778637,exit,node/4100722730
71147,35.984733,-97.034562,site,way/1031843817
71149,43.597207,-84.907065,site,node/4931273199
71150,42.924202,-114.940716,site,node/9953834469
71151,38.712240,-88.093060,site,overture/d5272e80-9a5a-408d-b60a-7cee6682f6f5
71152,41.416310,-84.106970,site,overture/caec5820-28c9-4128-beab-493037616a33
71153,45.314010,-92.703669,site,way/1227950126
71154,44.427555,-93.198277,site,way/1181008735
71155,43.133950,-88.222040,site,overture/ac4c54c9-cccb-44ac-b358-509bd05d9748
71158,28.062810,-81.958080,uncertain,overture/5c20a016-f3c0-4808-968f-bb4baad43a76
71160,42.889367,-85.500148,exit,node/184763626
71161,35.593150,-78.129710,site,overture/c0d1836e-e4a8-4322-bed8-7d359522416c
71162,41.247500,-82.590300,site,overture/f81c8bfc-a39c-44b6-b4be-d67cc1d6a955
71163,42.158383,-76.863788,site,way/823031369
71164,41.832790,-77.284020,site,overture/eff84a0e-0989-44ef-89ff-be45491d5ceb
71165,33.811053,-81.007393,exit,node/413289921
71166,38.488618,-107.887821,site,relation/17464721
71167,41.434390,-88.189170,site,overture/ff516f0a-3757-4a7c-bbb0-a88606474954
71168,40.950393,-117.757963,site,way/1019258336
71169,40.887811,-85.523488,site,node/11464545123
71170,46.909621,-98.006358,site,node/11162107479
71171,31.103152,-97.359336,exit,node/7667711426
71172,30.169490,-96.380960,site,overture/f4ce50ca-be5f-4c90-a4f4-3ffa715d6768
71173,32.111120,-81.235525,site,way/347780127
71176,34.294605,-83.828641,site,way/1113165856
71177,34.510560,-89.916300,site,overture/d1797d9d-3b92-4004-8f6c-4b4f412a7674
71179,34.292110,-81.547030,site,overture/af70bbcb-74cd-4368-bd38-ded9644d1f39
71181,34.996969,-81.989317,site,way/1487325023
71185,40.582139,-75.708636,site,relation/13805106
71186,34.537320,-82.630020,uncertain,overture/7437381a-bbe9-4805-8417-572852345f8c
71187,42.615881,-87.946040,uncertain,way/1084546229
71188,32.716491,-83.724285,site,node/8613992866
71189,33.960541,-81.230094,site,node/9380573280
71190,41.560040,-109.539670,site,overture/1a80f4cd-c291-44b6-97d6-5c52c1a039ed
71191,40.740020,-111.953390,uncertain,overture/4acd68be-d046-4055-8e3b-150c35526005
71193,36.727668,-95.933530,site,way/1470066602
71194,35.534890,-98.658710,site,overture/5059d4df-0e1d-439c-8452-229cab28c8fa
71195,35.534022,-98.241957,exit,node/458756957
71196,35.743820,-98.746110,site,overture/09d80be6-9889-4a44-907a-009b9509a7f6
71197,36.134440,-99.766270,site,overture/b63f38c5-6e4b-44bd-b7ff-f6132f3eff20
71198,43.953931,-92.063989,site,node/8497500704
71199,34.093373,-88.005214,site,way/1323594922
71200,41.157716,-96.137677,site,node/9318631667
71201,41.788010,-72.655360,site,overture/b27ef94f-e91f-4b1b-baea-be9222e54bdc
71202,33.456890,-80.735330,site,overture/eb288596-0cc9-4cb5-bbab-d669b9b82e5b
71206,38.997490,-119.158440,site,overture/4d536ea1-0a99-483b-8418-99d3afc699c0
71207,41.536921,-87.791129,site,way/791095402
71208,37.503235,-77.512894,site,node/3128375492
71209,28.324165,-82.332151,site,way/1115420191
71210,32.803644,-97.412954,site,way/667574505
71211,34.867450,-92.126160,site,overture/ba5b2e92-418a-4d48-902d-4ef964e0c84a
71212,36.192709,-94.176929,uncertain,way/1225292560
71213,36.312770,-94.143600,uncertain,overture/1e119cf0-12b0-4114-a56f-54096daab873
71214,39.971796,-104.748695,site,way/708363961
71215,40.437523,-104.904088,uncertain,way/1365565651
71216,41.877160,-93.567250,site,overture/9c21c7e2-2465-4c45-9aeb-d598de2a27e6
71217,41.672366,-93.479609,uncertain,node/12506697085
71218,37.385495,-93.157254,site,node/8573071826
71219,37.807094,-92.222239,site,way/772005893
71221,39.153510,-94.475980,site,overture/4e8d8b33-4911-421e-8a80-6700cf1e3675
71223,32.831440,-88.463550,site,overture/c1bd36f6-a480-465b-9d72-ddd19eac9db4
71227,29.232500,-98.583490,site,overture/f1882690-7d38-428f-a246-8ff80e7d1583
71228,40.688321,-98.946710,exit,node/1658632754
71229,42.079440,-88.078410,site,overture/e510ae00-352d-424f-bd76-05c6fb7f8142
71230,42.166544,-88.061981,site,way/447975133
71232,43.849550,-104.182340,site,overture/562b31ba-6d55-4ee5-a8b2-6a2a5a92aa1e
71233,27.952800,-99.379300,site,overture/f08314a8-42b4-431f-a205-57c9647ef7f6
71234,29.946118,-89.987767,site,node/10931534783
71239,40.135181,-95.239037,exit,node/190743662
71240,35.419872,-86.015291,site,node/11235481596
71241,35.870321,-84.440787,exit,node/203402630
71244,41.245160,-112.012307,site,way/1126416683
71245,42.842090,-112.413325,site,way/1329656722
71246,35.193623,-101.743907,site,relation/16009644
71247,31.783719,-89.057177,site,way/1084278791
71248,28.158290,-81.638850,uncertain,overture/b29ac4f7-328c-4779-b34b-9fb4b0057cdb
71249,33.602760,-85.831550,site,overture/6479fce5-fefb-43c9-ab12-ef1bd93100f8
71250,35.161840,-111.276869,exit,node/1837046425
71251,39.993557,-76.028243,site,way/1284223979
71252,34.495450,-81.846682,site,way/1051888609
71253,29.133020,-98.897790,site,overture/9fc46cf1-e127-4d86-96df-df7be5d0e0e8
71255,38.953739,-93.087165,site,way/688527331
71256,37.150398,-92.752710,site,node/8710974587
71257,46.289240,-96.612310,site,overture/90bd0cc9-c6eb-4a81-9798-7c1bdf65a1b5
71259,30.531982,-88.237453,site,node/11711684937
71260,41.107615,-81.050169,site,node/9779834417
71261,42.485637,-82.917587,exit,node/61973774
71262,39.944623,-82.679708,site,way/1028201586
71263,37.617004,-104.756825,site,way/1259487323
71264,35.024021,-106.643682,site,way/1148461992
71266,36.275850,-82.925090,site,overture/82af3181-e335-4f2b-a408-a4a44cdcb092
71267,42.375281,-85.659471,site,node/11050087528
71268,40.609169,-111.986013,site,way/720387288
71269,42.721430,-114.517970,site,overture/10322651-a2f6-401d-a718-ee59b80b6ab7
71270,32.489338,-99.747009,site,way/1087081049
71271,34.560963,-112.259622,site,node/9955911955
71275,31.717180,-99.127010,site,overture/b7a960a4-4375-4914-9736-a9501e8a826f
71276,28.055590,-81.990640,site,overture/2e647e93-c19e-48bb-8ac7-756d2973285d
71277,29.186022,-82.179518,site,way/1066530923
71278,42.941188,-88.862929,site,node/1324506444
71281,34.861016,-114.146732,exit,node/1698847783
71282,30.103979,-97.307097,site,way/1178210135
71283,32.270250,-81.079538,site,node/11189075576
71284,34.744723,-89.453067,site,way/1323593375
71285,47.635799,-122.375814,uncertain,way/224437484
71286,26.548201,-81.788782,site,way/288607139
71287,29.971610,-90.307320,uncertain,overture/02ec6d71-7950-4f69-963f-6dd048d4e067
71288,39.878884,-82.931474,site,node/12073249400
71289,26.653117,-81.812430,site,way/1103703854
71290,31.580553,-84.107118,site,node/8813073085
71291,38.624454,-88.971896,exit,node/236427034
71295,38.995350,-80.226730,site,overture/f5a40712-226e-47e3-aa44-8c7b8eb9c2c4
71298,32.076194,-96.447217,site,node/12061537740
71299,31.509451,-97.145444,site,way/1106952465
71300,42.277760,-84.304350,site,overture/e172975a-7b62-434f-9986-6c98bbc0641a
71301,40.256776,-89.222801,exit,node/235417833
71302,41.944722,-91.667424,site,way/778656605
71303,44.039190,-88.741450,uncertain,overture/299d28d5-3b00-4e95-988d-c28bd608d64c
71305,29.137949,-98.887903,exit,node/227215961
71307,37.002190,-88.320364,site,node/11591243650
71308,36.185770,-86.266590,site,overture/e43eabe0-2d2f-4df5-8070-c3973d057075
71309,39.663627,-82.559803,site,way/1042790294
71310,29.006830,-82.006210,uncertain,overture/98b7a44d-e245-41ba-934d-29ee2ff14f2a
71311,32.674400,-85.333000,uncertain,overture/f51ecb04-c87d-4012-8e5a-9c73755742e1
71313,33.992287,-96.381795,site,node/1694541779
71314,32.493090,-91.991985,site,node/10967879439
71315,43.411757,-88.181631,site,way/827990849
71316,44.688505,-90.159077,site,way/1553742278
71318,41.998620,-87.959992,site,way/1259770386
71319,28.666733,-80.873423,site,way/1086560745
71320,38.762385,-94.958720,exit,node/2409225699
71321,43.112450,-94.668420,site,overture/2db9d8da-5b97-4184-a868-b805675bea7d
71322,45.222717,-87.996140,site,way/1102793915
71323,40.311428,-111.697821,site,way/555767709
71324,34.773162,-82.461468,site,way/1105941168
71325,32.532250,-93.674320,site,overture/a6821f67-45e5-4496-acd5-ecec142dce86
71326,41.311190,-81.448460,uncertain,overture/2bb1e0a1-3d0b-40d9-b309-9297d73f916f
71327,41.301177,-105.593897,site,node/9222665168
71328,42.209862,-71.184647,site,way/214910922
71329,33.280675,-87.098904,site,node/12175742600
71330,43.065430,-76.506840,site,overture/201380a1-237f-4e21-b3f3-cc8a0aff2e5e
71331,45.157587,-90.334383,site,way/1378106867
71332,32.108687,-103.193583,site,way/851443848
71333,32.375290,-98.970410,site,overture/b45137aa-276d-459a-884b-417be900b578
71334,31.846420,-103.089230,site,overture/cff9e29d-b3d3-4c04-bd5b-e22e3d99e373
71335,34.185475,-101.736598,site,way/678786160
71336,32.701798,-100.919608,site,way/729433011
71337,32.206440,-98.234350,site,overture/8dadd6d6-908f-47f5-86f3-3b98def91ce3
71338,42.984706,-90.655369,site,node/3151175580
71339,41.678584,-93.573309,site,way/1167636780
71340,44.328345,-94.476835,site,way/1307276106
71341,36.015382,-87.332394,site,node/11222976254
71342,44.720780,-94.481810,site,overture/5aafe712-afd1-4234-a571-de41cd6abc6a
71343,32.109210,-98.329700,site,overture/663f1671-d67e-4971-b576-f668ea272fb9
71344,33.189480,-101.383150,site,overture/12e03e39-fc9c-49ec-b9ce-72aad5b89251
71345,31.709110,-98.978460,site,overture/9596bab9-dd70-49e3-b88f-e4d8a984949b
71346,32.458220,-99.740980,site,overture/bc8c0e96-66e2-4966-a7db-eadceeddace7
71347,32.410920,-99.489280,site,overture/6d3228c9-bf80-4fa6-ad6b-4e199ddaa4d7
71348,32.711290,-103.146750,site,overture/639738a0-063b-4536-9057-498c775e282c
71349,31.752690,-103.158000,site,overture/4979154c-55c2-43d6-8c0d-1b3e52915f0a
71350,32.326470,-102.548320,site,overture/42f4c9bf-85c3-4ef9-941b-a1d17b301f9e
71351,31.905440,-98.604170,site,overture/62ba7e54-505c-4f29-8cd1-31c55af9d83d
71352,32.842580,-104.421210,site,overture/d86ce882-a360-4973-80c0-39a3f1f33aaf
71353,34.424700,-103.627120,site,overture/6123ed18-fc2a-42ee-835a-f0952e1d9f34
71354,31.897990,-98.598900,site,overture/0114e5c5-ae36-42e3-adf1-6741eb766131
71355,32.224770,-98.233700,site,overture/1e40140c-7617-4239-ae2b-d8955b030608
71357,31.860490,-103.083320,site,overture/a5044a7b-9362-4627-8f89-098b4b81277a
71358,32.384199,-104.222866,site,way/356836147
71359,32.489360,-99.747810,site,overture/38493343-e029-4491-bb57-96b6007b928a
71360,31.444270,-100.477020,site,overture/612632c2-f5e1-4308-ab62-84f531274003
71361,31.374010,-100.307590,site,overture/19d5e618-76f3-4d0a-98d1-63463ba22913
71362,32.211480,-98.194960,site,overture/8aa48a05-503b-4489-ac69-d4880ec9683d
71363,32.227900,-98.190750,site,overture/e3bb1445-00df-40cd-8f72-3ca21d832c0e
71364,40.281040,-84.188040,site,overture/285af9fe-3de8-4747-aa86-acf3319a5423
71365,43.591850,-88.450350,uncertain,overture/5cfdc814-da7a-4e81-aacb-aa83e780788c
71366,42.581280,-87.868750,site,overture/f3115e0e-af50-4773-9282-303e4b262468
71367,31.588650,-102.917920,site,overture/61d03782-4927-43ad-9459-016c71f3dc53
71368,41.538493,-90.618878,uncertain,way/1388908136
71369,43.510555,-116.147231,site,node/8331546987
71370,35.508486,-108.828280,exit,node/610488018
71371,38.703562,-93.217569,site,way/1455973253
71372,46.923059,-95.059046,site,way/1190274892
71376,26.747300,-81.437573,site,node/9247518702
71377,40.000014,-104.721208,site,way/1041332731
71378,33.466445,-112.203847,site,way/156724888
71379,34.655199,-92.412008,site,way/1164685654
71381,46.011860,-91.487446,site,way/1184479402
71382,43.440847,-88.856467,uncertain,node/567711249
71383,41.526610,-85.052379,site,way/1277720175
71384,43.461897,-96.800912,uncertain,node/11139618551
71385,39.817967,-84.005184,site,node/10661709905
71386,40.458760,-87.668670,site,overture/f3ab2fae-abde-4058-80ee-8437026611dc
71387,41.699475,-93.040384,site,node/4220778715
71388,41.219261,-96.636464,site,node/5220961474
71389,34.444180,-79.374280,site,overture/852f289b-e6b3-4560-990e-7bc12364ff3b
71390,38.761765,-90.067087,site,node/11240281290
71391,34.887090,-92.375382,site,way/1415327416
71392,41.242630,-87.627730,site,overture/6f0eadf6-a15a-46fb-bbbf-fd564e2df5d7
71394,32.415591,-97.228479,site,way/706100805
71395,42.959778,-90.130182,site,node/472566878
71398,41.765365,-93.726087,site,way/1154165855
71399,39.012649,-94.067962,site,way/1137651161
71401,44.996757,-92.963925,site,node/4003057360
71404,33.690710,-112.099920,site,overture/3c504b76-ed2b-4b28-81bc-0f558719263d
71405,33.498620,-112.152090,site,overture/2b96c243-1314-4eb6-8572-aaab0effbe16
71406,33.459011,-112.172589,site,way/1226784992
71408,33.428261,-112.068656,exit,node/256755310
71410,33.380890,-111.810490,site,overture/fea2249f-f5e9-4803-8119-b8f911434ac0
71411,33.306930,-111.963940,site,overture/cbe861f2-f380-4f33-93c2-c212a5e60bbd
71412,33.276800,-111.839370,site,overture/8a7eb9a6-b76d-4158-9c4f-c2709cad426f
71413,33.369360,-111.572170,site,overture/a3691f25-2fe8-43ae-8804-4402c1eb804c
71416,32.253270,-110.987670,site,overture/76726c72-282a-4e82-9a22-fa6b4e252097
71417,32.179130,-110.953780,site,overture/48222598-bf65-4637-98de-4afd90e45e29
71418,32.154210,-110.918040,site,overture/8763704f-1790-4fa3-94fe-b84e84f05924
71421,31.794791,-106.364382,uncertain,node/10573808714
71428,42.861143,-89.558909,site,way/1033971559
71429,33.558813,-112.064916,site,way/366671737
71430,36.350880,-86.715730,site,overture/b05a3935-c067-4cb9-b5f4-64e2c8b5ecf7
71433,41.955367,-91.721147,site,way/702556061
71434,43.186771,-95.839641,site,way/1451205455
71435,35.278039,-80.808375,site,way/1186073796
71436,44.356900,-106.660160,site,overture/b0644d90-8b34-406b-b8cf-84b0fa0c0084
71437,43.437950,-112.115390,site,overture/962bea8a-04b4-443e-a2fd-95c16e3f6aa1
71438,32.102368,-81.194879,site,node/9559399059
71439,30.574250,-87.030490,site,overture/5499273b-55e5-4da8-b7b4-b34b58befdb2
71440,47.676739,-117.240394,site,way/1122455316
71441,40.452558,-109.546827,site,node/4003002265
71442,37.670650,-85.845450,site,overture/e5a0b2d5-63ce-43e4-bf8c-72f87539f8d5
71443,40.371800,-83.725690,site,overture/208e12df-13a0-4404-8f51-31f39d5b0253
71444,37.273506,-93.111075,site,node/12287874902
71445,43.797510,-90.064130,site,overture/091a68bd-31a6-45f2-9168-8b36bbbb444e
71446,41.605190,-90.624740,site,overture/6f23db95-978c-4265-99cc-f334c20c26d9
71447,44.111470,-88.697079,site,node/13890227551
71450,34.817969,-106.770514,site,way/1055212738
71452,33.720010,-102.759800,site,overture/5543334d-b2a2-4cff-b31a-c69a1cd9bf31
71453,33.379950,-104.529280,uncertain,overture/1462d1fd-009e-4a80-9f03-9794b4f9c76c
71454,32.747820,-103.144650,site,overture/ff6db3a7-33ac-4dfc-a072-f67f323e9e5f
71455,33.666290,-101.682210,site,overture/aa8bdc18-e51e-4533-8c55-191a03622336
71456,35.156960,-103.725170,site,overture/7bf85bfe-8196-472c-ad7c-1e8eaad2bda1
71457,33.984230,-99.719410,site,overture/b5ea0607-b7ea-4bbf-8fc4-28886a4103e9
71458,33.483260,-100.855970,site,overture/2ae1a925-77ba-4e75-b64e-c5b57f2becb2
71460,35.645600,-101.592160,site,overture/e0a6dbd3-d796-44b6-abd8-40a83341e9f7
71461,36.374207,-103.018258,site,way/1197574272
71462,32.740510,-103.128070,site,overture/cc697da0-657f-4f39-8155-bb838a032915
71463,32.759900,-103.179530,site,overture/9f3dc16f-1026-4cf4-badb-f43066671de5
71464,33.166410,-99.733540,site,overture/9826f56d-b0f8-4ceb-9885-0bc3e624ed13
71465,32.471070,-100.405560,site,overture/e95f6b19-d679-458a-be56-9d79d42e755e
71466,33.136630,-100.227370,site,overture/6b599290-6959-434c-abb5-ee366b31eb38
71467,34.474530,-101.304820,site,overture/963a2ab3-8105-4154-ad48-8fc007199ef1
71469,33.722980,-102.750430,site,overture/b6526e01-2b4d-4b1f-9877-87e249fa8b86
71470,31.401150,-103.504230,site,overture/8b197eae-6e50-41f1-b328-5f9d653b6a33
71471,32.428976,-104.225911,site,way/1017397373
71472,32.634740,-100.763530,site,overture/d6207458-f2a2-40e7-ba19-b614891332f9
71473,34.031790,-98.924360,site,overture/afc9fb23-b171-42f8-9fe2-39472cb9374b
71474,30.213585,-97.138928,site,way/1121963489
71476,42.821472,-88.746720,site,way/1312714525
71477,44.546360,-87.703530,site,overture/247b3107-6eeb-46cb-96b3-480a49b8819f
71478,34.271757,-85.238127,site,node/10087677891
71479,34.397461,-84.413916,site,way/290257439
71480,36.076336,-102.536969,site,node/12263311457
71481,48.570050,-97.189300,site,overture/22c87d05-e38c-4ab6-8179-f7baf65acd0d
71482,47.475054,-111.361143,site,node/11209326297
71484,31.960751,-83.753764,site,way/872771055
71485,34.736362,-80.777329,site,node/12264439303
71486,38.693660,-87.497760,site,overture/32c6acb3-d078-466b-917b-4b971e378365
71487,38.948904,-112.352733,site,way/1038853917
71488,43.736280,-98.957631,site,way/1255422748
71490,33.646984,-85.506018,site,node/13770704750
71491,36.759681,-89.534862,site,node/9434761797
71492,38.244751,-86.358064,site,way/1323938368
71493,32.541780,-92.615460,site,overture/c5fe5113-3491-4e5f-bdb0-b39992785965
71494,43.001930,-78.404980,site,overture/1ee2ea5d-6f8a-4bf0-b3b1-5681a162db01
71495,39.597191,-86.104725,uncertain,node/9596384290
71496,40.797870,-81.765720,site,overture/8abab24c-c018-473d-91d0-af5352134f0a
71498,45.161454,-89.147643,uncertain,way/413995229
71499,43.009446,-89.731048,site,way/493553562
71500,43.952602,-91.257918,site,node/6206140016
71502,32.373600,-98.969360,site,overture/48b2858a-0b06-43ac-ad06-970c944b0fd5
71503,37.960736,-100.833142,site,way/1258806413
71504,41.267959,-112.024914,site,way/1455677571
71505,42.793305,-88.387668,site,relation/21210264
71506,43.404680,-95.721390,site,overture/d9f47764-0d71-4109-a195-38297aa88677
71509,44.418388,-72.029585,site,way/759712718
71510,38.170438,-84.810704,site,way/1276720534
71511,33.947637,-83.356904,site,way/998207630
71512,28.388282,-81.244823,site,way/945652173
71514,31.862111,-106.686798,site,node/12100791913
71515,38.277930,-88.902060,site,overture/730d59e0-8cfc-47c2-b8f4-497dc2cb0d52
71516,42.258862,-79.743233,site,node/10926790752
71517,35.651340,-80.457000,site,overture/035aaeaf-0d17-456b-b80c-a971da2b15d0
71518,35.039694,-90.789442,site,node/11148090612
71519,32.298350,-86.197110,uncertain,way/1180090549
71520,44.844988,-92.628850,uncertain,way/1348758652
71521,42.830384,-88.709193,site,relation/19151342
71522,30.686840,-92.265720,site,overture/68c0be98-5337-421f-b1a2-feac136b21de
71523,33.170848,-87.446870,site,way/1117870112
71524,40.899410,-81.437510,site,overture/051bf395-93f0-4fbb-812a-c9d7c833ea22
71525,35.970830,-83.247910,site,overture/5c9840fd-9c31-4445-ad23-b4d7facddb6e
71526,42.964407,-76.847364,site,node/11343370864
71527,41.552060,-75.912363,site,way/1153911319
71528,44.774020,-106.938100,site,overture/fcbb34e1-9cd2-4109-af31-8f62b1c6815c
71529,44.824112,-91.462224,uncertain,node/6959211978
71534,38.993620,-119.181354,site,node/12376966489
71535,40.637621,-116.940537,site,way/653774257
71536,34.960692,-106.660131,site,way/1124744229
71542,40.519070,-104.708730,site,overture/6ca2b8b3-2db8-4206-bb9e-328ad7f0ebb9
71555,43.038904,-91.138976,site,way/248083842
71556,44.952980,-90.799623,site,way/660086089
71557,35.768860,-95.403210,site,overture/fc4db9ff-4ebd-4c80-b7ed-5135a55e5a43
71558,34.638545,-102.735239,site,node/3940390966
71559,32.209510,-99.797900,site,overture/d29c1431-5688-4a32-b2bf-76b738a38118
71560,32.671890,-107.153310,site,overture/39f87c78-f15b-4743-af97-71779682f16c
71561,31.898760,-97.091320,site,overture/49023fcb-1c34-45c3-b2b3-181a3234fcfa
71562,42.947307,-74.355837,site,node/12128697874
71563,43.307895,-91.796600,site,node/13043179902
71564,47.356980,-102.757200,site,overture/83023a54-e9e5-488c-853d-1c9f5fc820f9
71565,31.871530,-106.427590,uncertain,overture/71bda48c-f8a5-457f-9794-2994a9a1f7a6
71566,44.173630,-93.996410,site,overture/473860df-2aaa-4987-a665-5829a85cbe32
71567,41.919995,-72.671124,site,way/1019600274
71568,38.785967,-94.927826,site,way/1393100956
71570,36.016500,-89.870480,site,overture/1be46e01-4c8e-4523-b33b-4340c7963e90
71571,28.541405,-82.462561,site,node/2664345624
71572,37.184828,-77.320874,site,way/1117027719
71573,28.024944,-82.512661,site,way/523995000
71574,32.484440,-82.936580,site,overture/3df50962-b6fa-4613-bca6-9c4ed5a05d11
71575,32.879039,-96.992014,site,way/740853988
71576,32.896223,-96.959775,site,way/634050197
71577,36.439300,-103.176410,site,overture/fae63cb5-d55c-4f70-957f-64409084c562
71578,33.219848,-86.797813,site,node/10738030351
71579,43.736183,-87.725691,site,way/1167463909
71580,41.682901,-112.142520,site,relation/15845354
71582,34.798695,-80.405439,site,node/9965048105
71583,27.842076,-81.585525,site,node/11991210307
71586,42.179179,-73.758572,site,way/1159171027
71590,36.449796,-104.593245,site,way/397897511
71592,36.873620,-95.098560,site,overture/e2675c9c-5806-4c85-9ef9-dbed60b1689f
71594,41.654906,-85.706177,site,way/692892679
71595,39.711970,-91.390850,site,overture/233777a8-03a6-4492-9eac-2cfcf78d4106
71596,33.369850,-105.243420,site,overture/36b2741c-5e7c-4141-a64f-f71487e81e4b
71597,34.065990,-102.522510,site,overture/eb12f7d7-8088-48b2-91f1-549393add4b9
71598,32.909330,-97.575850,site,overture/be581725-1928-481a-83bc-5c6a834cb612
71600,31.725353,-96.176955,site,node/11179682221
71601,35.686630,-78.549550,site,overture/16e7a425-731b-4c77-90ac-881421913623
71603,32.829520,-109.695680,site,overture/b306fe10-0996-41d4-b3b6-2faf40f35a79
71604,40.775845,-112.025688,site,way/1234596545
71605,32.867630,-105.979710,uncertain,overture/5956d963-14de-43b3-8866-4a18c8e20f7b
71606,33.503300,-102.008260,site,overture/8a73b5c2-b011-4d38-b4c6-67e1e16590ef
71607,47.102570,-119.341490,site,overture/e7e99f71-bac6-46d0-bb4f-9e566d172dd8
71608,45.512360,-94.285680,site,overture/1be55470-b22a-4c5f-9ca6-db38aef43f87
71609,35.440643,-95.969782,site,node/11445778092
71610,32.542540,-83.071330,site,overture/cdc8965c-126e-4026-9c02-5894423c7fe3
71612,30.621100,-81.645705,site,way/634172088
71614,35.161382,-81.453147,site,node/10915417132
71615,35.072960,-98.243240,site,overture/605f34be-c45d-4c4e-9cb3-076ae1fb014c
71616,32.808640,-98.095940,site,overture/b42b2a82-9676-42f2-80af-ae5d35f958f5
71617,29.486725,-82.859101,site,relation/20386072
71618,39.732201,-94.218451,site,way/1136346009
71619,36.089408,-79.700966,site,way/1135276299
71621,34.188600,-101.749000,site,overture/96c6023e-8cc3-444e-b37c-093a4afafafd
71622,30.553250,-88.122310,uncertain,overture/33eeff60-d176-44f0-b00f-ce3edfd530f3
71623,31.683960,-87.780990,site,overture/bc89c902-de7e-445d-bba4-30282db1c82b
71624,40.740581,-114.056074,site,way/1200921538
71625,37.477465,-105.899204,site,node/14003816208
71627,33.027980,-83.914410,site,overture/41852e74-5d5d-43fa-b42e-5089abcbef40
71628,33.139580,-86.751557,site,way/1154360284
71629,45.571704,-93.193927,uncertain,way/1161143286
71630,36.375711,-80.488768,site,way/1127676942
71631,34.618995,-87.029950,site,node/8946643724
71632,32.336644,-81.259497,site,node/10091524181
71635,35.857319,-86.433021,site,node/8554824154
71636,35.844458,-86.450169,uncertain,node/9101307397
71638,29.597580,-98.274520,site,overture/7d18190b-99de-4570-b154-13b169f11a1e
71639,39.662510,-80.870190,site,overture/baaed4d3-65d7-4eff-9bcf-1113af27dc4a
71640,33.948870,-83.752308,site,way/1248689418
71642,36.908856,-111.482724,site,way/217272718
71643,32.463520,-97.263039,site,way/1365847076
71644,32.387655,-100.954521,exit,node/386575540
71646,30.485745,-84.424058,site,way/1456109771
71647,37.980794,-91.721542,site,way/1347882963
71648,36.555445,-87.252725,site,node/11229823867
71649,32.755440,-98.908460,site,overture/74f4b8f9-7be0-4ddf-8bb9-d48995ac0f1e
71650,31.894100,-100.483550,site,overture/1ae0787c-4392-42d6-936a-b1d903861d00
71651,30.059893,-97.835398,site,way/1324181509
71652,41.084667,-81.538056,site,node/5746018496
71653,37.230874,-107.840226,site,way/1165239727
71654,42.099720,-89.018770,site,overture/99cc7e84-0361-4bd9-a683-820347e71782
71655,38.223880,-86.590070,site,overture/9e22a766-941d-4f7f-878e-cc0641e3c9c5
71659,41.926608,-72.259686,site,node/10857848281
71661,35.460190,-93.480578,site,way/1255415806
71662,41.448150,-97.732250,site,overture/6e48c203-0b4e-4d4e-9a4f-f077f307436c
71663,34.975353,-101.919795,site,way/825616788
71664,39.508648,-77.968656,site,way/1163970428
71666,44.745780,-93.375740,site,overture/273a6a2e-476f-4b49-9eff-2cc03aa04b18
71667,28.523920,-82.238869,site,way/1126186360
71668,35.769970,-80.855580,site,overture/e9d530b8-0a76-458e-a70b-a4a69b98bbc8
71672,32.250934,-97.728681,site,node/12203239926
71673,34.634180,-82.597670,uncertain,overture/49d035e7-da8a-4761-8544-e6821f840e53
71674,45.572360,-93.245890,uncertain,overture/4236f411-1882-4157-96f8-4660cb568e52
71676,40.367570,-86.860078,uncertain,node/14162863715
71679,35.161730,-101.866671,uncertain,way/747938634
71681,41.705370,-94.926360,site,overture/690dd9bd-db6a-4fa6-9acf-33c2cb8e6124
71682,41.661590,-87.728590,uncertain,overture/5e64077b-1b1d-41d1-a37a-e0d0bc4f67bb
71683,41.523280,-88.110750,site,overture/afe45288-1a03-40ea-96ee-23f1bd3f845f
71685,31.218080,-94.773310,site,overture/40b01fbc-38ce-4261-a2ba-b3185f2fb875
71686,32.476990,-100.012040,site,overture/916f57c9-f978-4ab5-ad81-188c41cc62fb
71687,32.407220,-100.845150,site,overture/4d95885f-7dc2-4df5-bd92-375108d5c54f
71688,42.558910,-89.011410,site,overture/ecca7436-3c52-4025-9438-b3c392c40143
71689,43.219697,-88.141811,uncertain,way/1437053433
71691,35.110900,-101.360800,site,overture/f58d7824-d6e8-4471-839c-d91efcdd7b12
71692,34.184275,-83.596754,exit,node/70494008
71694,43.054370,-85.908360,site,overture/cf29c718-bf8c-46d9-ad9a-6ea0bc848cd5
71695,43.832822,-91.239867,site,node/5846597220
71696,32.476117,-93.835308,exit,node/114921068
71697,41.171360,-79.046011,site,node/11902579169
71698,41.642767,-91.525554,site,way/368548658
71699,42.569030,-87.955280,site,way/776356382
71700,30.068788,-83.559174,site,node/13517541692
71701,44.427410,-88.055580,site,overture/d050a14d-892b-41a5-9439-f7bffeaa188b
71702,36.614319,-79.861184,site,node/7417386122
71704,32.849930,-96.568640,site,overture/6fb6477e-d072-436e-bd56-f209c5d10f34
71705,27.845779,-97.571909,site,way/1086731224
71706,33.970100,-81.092510,uncertain,overture/c4016e69-5fb8-4b8d-8e3c-36c315331e5b
71708,37.468662,-77.427943,exit,node/29933604
71709,35.065130,-85.272880,uncertain,overture/8443c095-11d0-4512-93e7-548ec871f651
71710,41.832730,-94.107020,site,overture/ec5872db-86ce-45cd-b780-474f2e5f5e63
71712,38.994658,-110.180940,site,way/1305812977
71713,35.805146,-90.625498,site,node/11155412689
71714,25.882387,-80.239569,site,way/838615552
71715,31.448530,-100.488520,site,overture/c7b529b7-c1fc-4536-997e-c75d39fe8f09
71716,32.409410,-104.228010,site,overture/3b8c1b47-f0d2-486c-8c7a-4e3d92383ba4
71717,42.605780,-88.720020,uncertain,overture/6f400ba9-61ed-4452-af0b-797d8ad0716b
71718,42.009190,-93.587378,site,way/1102447790
71719,45.249244,-93.022579,site,way/1202439215
71721,38.652060,-87.133140,site,overture/b1b39d5a-1a1a-4462-aa3a-2fdbe27e9931
71722,40.115030,-104.521840,site,overture/a19d101d-79c7-4d1b-a25e-15ad6af42039
71723,35.562700,-100.969100,site,overture/b7536401-d93c-478d-9366-6584dac8f8fc
71724,32.788380,-98.109260,site,overture/fe8a7cbc-881d-4cc3-94b6-2f184dbc8fbe
71725,31.219000,-101.947040,site,overture/ecda6f5f-252b-41ba-a1c1-291ce041b2a1
71726,44.314984,-93.963869,site,node/4549997185
71735,46.264463,-119.082439,site,node/11687476869
71736,34.056730,-84.712880,uncertain,overture/05ec0b24-c431-4fcb-a084-e95d9e6f7cd1
71737,30.372650,-81.758480,site,overture/015f78d1-82a4-44c8-a869-3f05aa7d1434
71738,42.732550,-90.438373,site,node/4426108087
71739,32.303070,-81.872160,site,overture/61d6f8c8-2a79-4ac9-97a3-d6783e17ffc5
71740,33.534160,-81.695160,site,overture/f9fb8c1b-a097-44c5-8c76-74fd6965b531
71741,33.482064,-82.315051,site,way/1078645817
71769,35.963480,-78.108830,site,overture/7c1f2180-7e0a-4f76-ac60-7b255f8712d1
71770,41.085798,-75.963407,exit,node/155220102
71772,45.396317,-92.584283,site,way/1227941121
71773,41.985925,-92.582295,site,way/1167657317
71776,32.613930,-85.399100,site,overture/affe6972-f232-4d71-9157-7bf403aa121a
71779,33.465586,-112.168636,site,way/253131420
71784,28.055580,-81.954770,site,overture/cdaa09c3-8862-4c72-bb41-f91f2424c8c9
71785,40.958560,-75.974810,site,overture/fd075c25-b062-4bcf-983b-e41ef7c4044c
71786,40.104410,-79.377220,site,overture/d3bee126-8190-4c41-b722-ba0fc08f5d98
71787,40.060459,-95.602031,site,node/11301126379
71792,43.855913,-95.114725,site,node/5304141152
71794,46.463999,-90.167476,site,node/10091591142
71795,32.994785,-85.029892,site,way/1502345535
71797,41.662787,-93.463860,site,way/1191247434
71798,46.321953,-122.912075,site,way/1280702748
71800,37.943920,-91.882320,site,overture/c0cbd645-4e15-4560-ac5f-fe06cbd1de7f
71801,42.766053,-96.211760,site,node/10796136233
71802,30.905680,-102.884210,site,overture/f853ed70-0131-46f5-9cbb-54ebaddbf73f
71803,32.029939,-101.987931,site,node/10749295501
71804,41.795138,-88.367950,exit,node/235072787
71805,35.987409,-86.548769,site,way/1098138658
71806,27.249030,-80.796790,site,overture/32cc5788-2894-4ee5-94b7-60ce9ecefd3a
71807,44.516876,-88.024024,site,node/595588885
71808,35.079740,-85.266080,uncertain,overture/e525a632-dd7f-4ba2-89ce-e58f192a5975
71811,40.040060,-76.247740,uncertain,overture/3989e08f-0cbb-42bf-bbed-97d2e258d451
71812,43.623586,-87.776184,site,node/12432317629
71813,42.677969,-91.912265,site,way/638722248
71814,29.233230,-99.752410,site,overture/bb42f4b0-c5f8-4930-a913-4d1f16f5d0db
71815,41.173846,-112.014813,uncertain,way/1430104541
71816,39.685721,-111.838108,site,way/1176009495
71817,44.806955,-91.447561,site,node/2503061359
71818,39.860243,-89.539410,site,node/7252124091
71822,32.302335,-101.857209,site,way/1286732222
71823,42.450610,-94.092620,site,overture/6f2abb36-516b-422f-858e-7c88b85936d9
71824,29.436552,-98.496063,site,way/688988042
71826,46.480796,-90.051123,site,way/1467731526
71827,45.080796,-94.189394,site,way/1212654186
71828,44.850448,-87.356153,uncertain,node/7022091219
71829,46.821413,-92.139524,site,way/1366727637
71830,34.912469,-91.196055,site,way/1130257135
71831,36.291284,-97.325302,site,way/1217664684
71832,41.025990,-81.863910,uncertain,overture/70b9a48e-1f72-4784-b2f3-82b01aba1ac6
71833,31.549240,-87.879360,site,overture/bad03d6c-2248-4ac4-847a-4e86064af6da
71835,31.843840,-87.747470,site,overture/a180da87-534e-45aa-be60-4f0c25ae2136
71836,35.560700,-77.465520,site,overture/06342adc-03e5-43da-98f8-6e53da87b94e
71837,39.438227,-77.377444,site,way/1417444759
71838,39.862930,-76.463540,uncertain,overture/6dfac934-5f0e-4ac2-81c5-a1b5ead1a176
71839,40.537126,-75.736892,site,way/1308285388
71840,41.762873,-71.095408,site,way/1207722792
71841,39.143165,-94.708767,uncertain,node/13921063437
71844,41.319005,-83.011322,uncertain,way/1429430066
71845,32.748260,-98.010740,site,overture/904b2f09-47fa-4413-b5e1-30954cee867c
71848,32.374229,-82.059967,exit,node/66737662
71849,35.191248,-102.057286,exit,node/227807504
71850,43.567299,-87.799490,exit,node/232407360
71852,45.822737,-91.891450,site,node/1347449852
71853,32.417400,-99.527010,site,overture/04cc72b7-3b99-49a5-a98d-1f250f19641f
71855,43.104965,-76.186682,site,way/1190445869
71856,36.976541,-84.106226,site,node/11398160943
71857,33.602649,-81.842723,site,node/10902408698
71858,32.513399,-92.191463,site,node/10968172719
71859,31.916800,-97.664900,site,overture/e52fd651-d2d9-40c0-907f-473473e7205e
71860,30.375500,-89.740250,site,overture/5fbde526-0024-4f36-8957-5a98e96169ba
71862,41.756552,-81.046386,site,node/11741967407
71864,38.002320,-91.617550,site,overture/42bc1eb0-d613-4130-9f1b-a5a4bfc77020
71865,32.906403,-96.447589,site,way/890896901
71866,38.133726,-85.719364,site,way/1365093428
71867,45.459420,-98.419869,site,way/1308915321
71868,28.851284,-82.488784,site,way/1010264596
71869,32.089274,-81.127342,exit,node/801680961
71870,33.186055,-86.243096,site,way/973430154
71871,44.634648,-91.955319,site,way/1560221321
71872,41.537870,-94.013670,site,overture/c7cdeb84-aba1-47af-93a0-80fb6fccf35b
71873,45.164792,-93.037452,uncertain,way/1245949860
71874,40.019156,-78.484672,site,node/11378522554
71875,32.161577,-94.319307,site,way/1257611845
71876,35.733178,-84.399933,site,node/11808068375
71877,41.414760,-88.367710,site,overture/eb895512-ed17-41e3-a4bc-46da269627dc
71878,39.715400,-82.671000,site,overture/ce3e8ac1-ba58-45b4-b1a9-7c088d1e5b6b
71879,41.511822,-87.948167,site,way/1211889218
71883,30.512990,-97.576840,uncertain,overture/02628f25-79de-476b-b66b-fc822c68a497
71886,31.136960,-81.570280,site,overture/fb36a7b0-19ee-4077-a8d6-e304f11e9d83
71887,40.968746,-96.387902,site,node/6708882757
71888,43.172950,-111.017560,site,overture/1fb9b6ac-e5db-4a90-ae1a-1920b41c761e
71889,34.255600,-111.322840,site,overture/3b5814b4-5b84-4343-b2b7-942a52d08136
71890,35.188875,-111.625993,exit,node/174599096
71894,31.610430,-94.653190,site,overture/a5246f3c-c1d3-4d72-8bce-4a095f73948d
71897,31.039080,-104.815460,site,overture/85b6e562-b1e5-42c7-bd8e-6a3078bde5df
71898,40.541595,-88.998590,site,node/11889678419
71899,41.393330,-91.087807,site,node/11800620131
71902,27.610630,-99.466612,site,way/739701919
71903,32.965610,-97.694050,site,overture/97783eb5-93a7-4c06-816b-6f6590381e8d
71904,41.761698,-81.047907,site,node/11741942620
71906,41.147677,-87.266021,exit,node/180025185
71909,33.430374,-84.178324,site,way/948846096
71910,44.312058,-93.272053,site,node/11932109763
71911,39.212360,-111.005534,site,node/10927888871
71912,33.023423,-96.518600,site,way/1274734829
71913,39.420220,-86.435070,site,overture/a4ee48c3-5388-4e56-8a96-5d18a38e3c8c
71914,36.846212,-87.463742,site,way/1246870663
71916,33.204265,-79.986779,site,way/459856126
71919,33.392300,-97.175510,site,overture/4b44ad40-42dc-424b-902f-52db85d08e4e
71922,39.068180,-96.287940,site,overture/cfc279b8-64aa-4f83-835f-e0cb7a07ab1b
71923,39.723190,-82.987600,site,overture/b6ef15e2-ad1b-48d6-abaf-e449d4ff9ebe
71924,41.197316,-79.425805,site,way/966901472
71925,35.029841,-85.362234,site,way/1447035240
71926,38.857484,-94.524803,site,node/2780808524
71927,34.656910,-99.334400,site,overture/9002b66c-ad5a-4b20-bea8-085f7cda2d6c
71931,30.845924,-83.333317,site,node/12694273995
71932,40.757455,-86.317246,uncertain,way/1305316240
71933,36.884052,-89.581435,site,node/2969264733
71934,39.650103,-83.543557,site,node/11154270824
71935,42.629193,-73.776032,site,way/1185407902
71936,33.927324,-98.512890,site,way/1273854077
71937,44.847662,-93.771484,site,node/765264812
71941,32.643074,-85.349565,site,node/12512222340
71942,43.087659,-76.186973,uncertain,way/306333788
71943,32.016060,-102.141818,uncertain,way/472458223
71944,33.512091,-93.949194,site,way/1367609040
71945,34.985493,-90.907162,site,node/12166262233
71946,31.216600,-99.849280,site,overture/cb66463a-5a25-43c6-bead-265fa5569a56
71947,41.033261,-81.867913,exit,node/198629504
71948,44.460370,-96.247510,site,overture/d21b6e35-7c26-47fe-83e1-88bab75624ac
71949,40.895390,-82.661900,site,overture/eb584930-ec5a-4a3a-b500-7b710418926d
71950,40.272980,-81.599690,site,overture/bf3c339f-7ed0-4577-8178-ce8e52c24abd
71951,38.383988,-78.974963,uncertain,way/678561997
71953,34.690330,-90.382060,site,overture/ab47de13-e29a-4be4-8c28-2117dd5e88fc
71957,37.914169,-90.715588,site,way/546710139
71962,40.746566,-82.799193,site,way/1123396892
71965,34.224790,-92.405580,site,overture/713bba61-4154-4ea5-9525-1d2bec3c15b0
71966,36.207000,-82.351680,site,overture/b4147c33-f917-47d5-9ff0-892c3579998a
71968,30.718732,-85.019696,site,node/1641193121
71970,34.979820,-89.863430,site,overture/4f4d1591-0c59-4a2f-a3f2-e6cedb4537eb
71971,40.568100,-74.546380,site,overture/194ca0fc-d261-4a46-a189-ea0ad2e9404f
71972,39.590483,-77.812391,exit,node/617488798
71973,35.698012,-78.585089,site,way/697248870
71975,37.099685,-80.512254,site,node/1518994427
71976,30.463194,-81.674636,site,way/1259760537
71977,41.761330,-88.442760,uncertain,overture/f943a645-6e76-4806-9fab-006c738138f5
71978,41.045894,-95.824829,site,node/10003168595
71979,31.890330,-102.352680,site,overture/d9640bc6-9379-41f8-aef9-757e7814af11
71980,31.462760,-100.442600,site,overture/a8949c15-6df7-4410-8175-87efc85c447e
71981,35.605272,-77.372741,site,way/1008118117
71982,40.717356,-112.081732,site,node/10938884107
71983,41.116056,-102.949856,site,way/191655452
71984,42.692313,-88.500114,uncertain,node/10055276646
71985,42.481970,-95.785170,site,overture/f87d1174-6d96-4080-a982-d2d1f0e58cc4
71990,32.716960,-100.933040,site,overture/ec79cbd1-3802-4a4c-b24b-a57f781c9bce
71991,39.841230,-95.733120,site,overture/82a9671e-f804-4b92-be92-98344b4c029e
71992,38.699897,-75.589837,site,way/1151510494
71994,28.080210,-81.964226,uncertain,way/308030629
71995,35.009072,-105.668885,site,way/340494077
71996,44.277230,-87.786460,site,overture/5c3dab43-12f4-4362-8854-b66373633975
71997,26.418820,-81.425840,site,overture/42bd9462-00ee-4e4f-9bf8-5257259a5c5a
71999,34.891034,-82.157671,site,way/1299353259
72000,27.100407,-82.443923,site,node/5277669244
72001,36.344920,-86.716680,site,overture/ac9155dd-5dc4-4737-b203-00b3e1f09554
72003,34.166094,-80.972632,site,way/1271307281
72004,38.654248,-75.593967,site,way/1151505692
72006,44.761630,-69.564510,site,overture/26133fb7-ce99-49c9-8fea-0cb5dde7fdb4
72008,33.612500,-92.063530,site,overture/8bcba140-abc8-4f91-8134-6d5106377f75
72009,32.433310,-96.223260,site,overture/cf7c1e40-5c92-420d-bee8-033bd8092cb8
72011,31.064207,-98.161895,site,way/1462682495
72012,31.562540,-97.195040,uncertain,overture/8ae05f3c-cf75-490a-95fb-f1dbbe381516
72013,33.144651,-94.159826,site,way/662537676
72014,32.530782,-94.787896,site,way/813926124
72015,33.661348,-95.527079,site,way/764084880
72016,31.525347,-97.186870,uncertain,way/908436788
72017,33.661406,-95.507789,uncertain,way/763497573
72018,31.734260,-98.966940,site,overture/c56eee04-29d0-45b6-93ea-9ee7c96e39cb
72019,33.199939,-101.383021,site,way/1278745100
72020,32.121270,-99.165710,site,overture/50286c9f-ae4c-44b6-a1b7-8da8fb95d22e
72021,31.204470,-97.036500,site,overture/3541278f-5605-4991-bd97-ec1eb2247ff4
72022,31.435079,-97.713663,site,way/1240334841
72024,48.307240,-102.387290,site,overture/f767eec3-d9b4-496c-800c-6261c5583e2d
72025,48.118570,-98.865810,site,overture/d461886a-d8e0-44e9-9be1-31b594d57949
72026,46.874659,-102.308133,site,way/949416617
72028,47.647560,-99.624980,site,overture/442e7689-932d-4e59-a569-0cbb18d16507
72029,48.397240,-102.938240,site,overture/1e720e4d-f1ec-438e-8139-9aacc5ce464c
72030,44.283072,-105.494888,site,way/261052993
72031,46.976947,-96.881063,site,way/286659882
72033,34.220890,-82.039078,site,way/1117512530
72034,40.750100,-111.887560,site,overture/620c761d-0017-4bc0-9532-77f012dadbd0
72038,31.247810,-90.477490,uncertain,overture/777c6007-fd85-4bd2-92a9-17eb96f0d994
72039,30.390327,-84.797544,site,node/4560794691
72041,30.442829,-85.040176,site,node/2508884741
72044,35.260900,-112.192670,site,overture/88eed252-3a7c-47ed-8ebc-ca2f86465199
72045,39.679789,-110.860819,site,node/10895313949
72054,34.438327,-88.675803,site,node/10893908827
72060,32.830054,-88.462988,site,way/509705005
72063,38.841790,-76.727700,site,overture/dc8c1d32-563c-4b16-a743-bff119c93702
72066,29.600290,-97.952157,site,way/365756634
72067,29.354811,-98.853518,site,way/708182071
72071,32.928980,-80.071910,uncertain,overture/ee33281b-733b-4796-96ab-7b7a5953ba08
72072,32.330170,-81.392030,uncertain,overture/f4556c97-55d7-4a18-9677-5582e150c9cd
72073,36.061630,-79.382840,site,overture/6c714701-6c23-4a39-81de-6656faae1b26
72074,31.482390,-97.287540,site,overture/be5ae211-1328-4bfa-b57f-7cee2f37f689
72075,41.737374,-72.659425,site,way/916736454
72077,34.700500,-89.967660,site,overture/8a11e4d6-85cd-41f7-90d1-b6bfe822f834
72078,26.336760,-98.155080,site,overture/cd42f1e1-7162-4df5-b14e-fe1720eb7a4a
72080,32.724210,-102.644930,uncertain,overture/ea036b9e-c306-4c91-a898-de19b9d8bde2
72081,27.875480,-97.211690,site,overture/c58e67ac-7e53-40d6-8f5e-8eb9c0a3148f
72082,40.740020,-85.179280,site,overture/ceab0629-dd1e-4d8e-82e2-2d3d07fc1592
72083,31.305196,-89.313273,site,way/318528829
72084,41.785900,-76.788020,site,overture/f401a535-3cd2-4184-8e14-d9812a11d3ee
72086,31.112760,-86.046200,site,overture/9c0d8672-ff45-43ca-84cc-ad7f5fc28d38
72087,40.731986,-74.041708,uncertain,way/409705826
72089,37.076690,-85.339010,site,overture/1340ea32-6b1b-43ee-b825-0221c008724b
72090,35.510860,-97.972270,site,overture/c275fd5d-9e99-48f5-9a14-fdf90ea904d1
72091,35.919190,-76.239400,site,overture/e9cb0521-9924-4a10-8b64-76b36f0defd4
72092,35.789219,-77.633669,site,node/13827008762
72097,34.043770,-98.918160,site,overture/485d461a-c0f1-4cc7-ade1-0c886c282395
72100,34.898666,-89.741963,site,node/11047694341
72101,42.414145,-83.277653,site,node/8783729075
72104,35.718688,-96.886476,exit,node/454628444
72105,34.907150,-95.825610,site,overture/790d2315-b386-433c-b6b6-3c8df65d2ad9
72106,34.641710,-97.173330,uncertain,overture/58a7b81c-82f3-48d8-8ade-b5e9e82c297f
72108,48.446860,-101.723150,site,overture/e37ea841-63ac-4532-b9ae-9e28658ebe79
72110,33.643340,-101.939330,site,overture/238c8f3e-ee90-48dd-8180-f78b4d3fbc6b
72111,35.207620,-101.653820,site,overture/6471f24a-6971-4b0e-9c31-00b607106f41
72113,41.480090,-88.081010,uncertain,overture/b8dd44cd-e785-42e9-ac1b-4a1e93615817
72114,35.778336,-80.863853,exit,node/171578241
72115,34.322480,-89.039020,site,overture/8b91b117-c2a1-4396-b527-a502969aea11
72116,41.410267,-82.118885,site,way/1475108297
72118,41.547460,-88.005330,uncertain,overture/545b0d53-8bdc-4aab-9e66-e5a3359fb732
72119,41.822497,-87.744119,site,way/1232236509
72122,45.394835,-92.161887,site,way/1331420568
72124,40.597694,-80.303449,site,way/401863227
72125,39.310740,-85.966060,site,overture/57d0d7db-7824-4966-a79b-97c255251348
72126,40.218410,-85.556550,site,overture/ae0ba1fb-e267-49b8-b2ac-3a23d8a1e9b1
72128,39.948949,-86.335764,uncertain,way/766083124
72130,42.102940,-88.362980,uncertain,overture/394f1a12-809c-486e-a792-c60a277fab09
72132,38.013160,-84.208230,site,overture/c09b4575-f455-4043-899f-188bb2e19176
72134,41.370842,-81.063021,site,way/1286085281
72136,33.162200,-95.111290,site,overture/cb40c75f-6a0d-4bcb-880a-b18db448c551
72139,35.006040,-89.990620,site,overture/3482ef33-e92a-4617-89f4-7fe190e1c48f
72142,41.701432,-86.002868,site,node/12427803201
72143,39.755438,-99.309634,site,way/1557774420
72144,36.981902,-86.465736,site,way/1012183313
72145,33.113700,-84.339500,site,overture/87cd5219-34c5-4935-a809-f3952b4ed45a
72146,40.412330,-76.496720,site,overture/d18df631-258d-4ab5-8bb8-88570ec45d2e
72148,32.467880,-99.990030,site,overture/cb6d8768-9031-4611-8711-27202693099f
72153,32.379474,-82.590856,site,way/1130853182
72154,32.211150,-82.464080,site,overture/15e5d370-958b-467c-9524-f3535e4eb43f
72155,36.875656,-97.056888,site,node/11833022853
72156,36.084410,-91.062710,site,overture/f0f2a1c4-20a0-4a6b-bfb2-8208196acf72
72157,36.257250,-90.973210,site,overture/9e9698ca-0450-4fe8-bdd8-74b7452755e6
72160,35.753040,-84.013108,uncertain,way/1110037049
72162,31.553005,-88.531170,site,way/635457668
72170,26.159570,-97.824430,site,overture/456b47d0-e787-4f29-8297-be3f7e6e9130
72171,30.045580,-82.071500,uncertain,overture/bb5deb64-4df9-421a-ab3a-86c739ba8330
72175,32.003414,-97.095945,exit,node/225331673
72180,35.394720,-94.598380,site,overture/f5176a44-fc18-4c1f-85a2-3af7a3d84981
72182,29.652840,-97.660120,site,overture/1bee9edd-791c-4065-90f3-751ad617afc3
72184,32.110030,-90.057700,site,overture/8b55cd66-f651-4e4f-8df2-f2a288d099e4
72185,32.368660,-86.271380,uncertain,overture/689434fd-05b3-4a7c-b07a-f919c011ba47
72188,30.076944,-90.588764,site,node/10926054939
72189,39.511340,-84.365290,uncertain,overture/3ccec00b-ed29-4c3f-a621-7a6ccef5022c
72190,34.261030,-78.065120,site,overture/c454dd08-8737-4c67-a39b-c17d31b1328d
72191,41.698137,-85.966327,site,node/3167459533
72192,41.175270,-73.159260,site,overture/08e708a8-e787-4522-9631-cf2e6a44267b
72193,34.883720,-96.421880,site,overture/b46429a3-dd1f-4fcf-bc95-2b80a96cf6ca
72194,41.579919,-87.598375,uncertain,way/318327030
72195,40.892458,-75.065683,site,node/9009254636
72196,41.023770,-80.519820,site,overture/ffff0631-0f60-43eb-8cf6-27e9f29e7f6f
72197,38.810340,-90.474815,uncertain,node/6068654412
72199,38.769760,-90.395860,site,overture/7adc63cc-9dea-4fc4-994f-3a30d838a249
72201,31.010710,-96.510530,site,overture/3754ba75-934b-456a-8a71-19d4a66c2cc7
72202,39.534900,-119.741140,site,overture/17dd11d9-9fc7-44dd-b981-68e46d911dcb
72205,30.904050,-84.559061,uncertain,node/12222727961
72206,41.898759,-87.863880,site,way/118054160
72210,35.481670,-78.234710,site,overture/c409dac0-9467-453e-bb12-01062f56bb6f
72212,33.191598,-79.997568,site,node/6779282609
72215,43.055150,-76.557980,uncertain,overture/1cf53ab0-e862-4389-9f83-b0b58a060e5e
72216,44.018360,-107.956620,site,overture/6960a96d-2e3d-4f84-aa9d-acfcea97b3df
72217,37.372984,-79.217883,site,way/1082733680
72219,33.587700,-86.124600,site,overture/fa57f5cf-4cdd-40ab-9482-6ffa25e510e5
72222,48.609479,-93.317718,site,way/518650828
72224,40.734520,-74.131870,site,overture/b7773a5a-5d3d-4784-900f-070e0dfe1fc5
72225,39.077405,-78.965936,site,way/922906133
72228,33.966690,-80.384850,site,overture/7f6ddcac-0456-4e8e-af98-7d507c647392
72229,33.896280,-80.338550,site,overture/de0e6983-0b74-4eee-b975-0dcac1e462f4
72230,35.736739,-78.842109,site,way/804454785
72232,41.718020,-87.811080,site,overture/7b3cf90d-f695-4f4d-b71a-8929cf8f8bb0
72233,33.736660,-101.843480,site,overture/fe02c6da-8c04-4524-82a9-66aedceca04a
72235,37.840870,-88.609350,site,overture/4793ec53-df6d-4b79-af2c-b9a713785227
72236,37.180906,-75.969294,site,relation/19484937
72237,38.885237,-75.829276,site,way/729205125
72238,39.273789,-76.628784,site,way/196489148
72239,38.569344,-75.562657,site,way/518043443
72240,39.489039,-76.656676,site,relation/13234445
72241,40.002410,-75.081240,site,overture/415783a6-fc7c-42f4-8e62-29b99e433c45
72242,39.352756,-76.455303,site,way/938856483
72243,37.978200,-85.691933,site,way/1365093046
72248,35.021430,-90.008020,site,overture/53111567-bd67-4842-bd58-32a48b23f2d3
72250,34.009176,-85.029524,site,way/783707330
72251,42.396817,-83.067414,uncertain,node/8640670272
72256,44.112100,-69.254550,uncertain,overture/3bfc8a2f-d431-4de0-bd2c-60396021e3e2
72257,36.003450,-76.960800,site,overture/afccb84c-2c3e-409a-9d0c-a0878710b739
72259,42.097769,-88.287581,site,way/413766095
72260,36.595740,-76.675890,site,overture/0273b6c8-aed1-4038-ad46-a4a9ded3ff49
72261,34.152246,-88.704183,site,node/14246494494
72262,37.307465,-77.401194,site,node/6766714320
72263,32.524408,-84.867106,site,way/1223249520
72264,33.632230,-95.558340,site,overture/d8f8b22e-67a1-4075-8732-05a97ce681fc
72266,35.193227,-86.868749,site,node/2503437257
72267,42.091214,-88.335915,site,node/9398464822
72268,31.742300,-99.331510,site,overture/d7bb3368-0cd7-43db-b7b8-4df5560e08a9
72273,32.865059,-80.013904,site,way/305542754
72274,32.970741,-80.208615,uncertain,way/1415355018
72276,41.643700,-86.294460,site,overture/e32b86c2-d9d2-49be-851d-d2f9a5c77729
72278,34.677980,-79.276450,site,overture/65a8e5ae-7bb6-4c5e-94f6-521858ddba71
72279,41.887700,-91.049390,site,overture/2459ba3b-ba18-442a-8413-0868fd1b8525
72281,39.452770,-76.304920,site,way/257715862
72282,40.816730,-73.892430,uncertain,overture/e985868b-033e-43fd-b324-7cbf8368d9fb
72285,32.276140,-84.756970,site,overture/be769819-a2ca-4dec-990b-c1a55df8ccb9
72288,41.674580,-83.741610,site,overture/7f500a9f-d1f9-48c9-83c0-48c32c97a444
72289,30.139480,-93.638850,site,overture/0c2baf5a-5f66-4a34-b468-b342dcdc89e6
72294,44.921539,-73.109736,site,way/977022957
72296,33.192222,-101.377422,site,node/12453622520
72297,34.101740,-84.927190,site,overture/377c9a16-a10b-449a-946e-8d14a13313d0
72298,32.139000,-101.806310,site,overture/d58dc9bc-d39c-4917-a124-2ceb8ef12ce2
72302,32.207050,-88.054990,site,overture/42e4f180-427c-4f93-9aaf-ca0c7c84967e
72303,31.585619,-89.240711,site,way/903595184
72305,37.001349,-91.683281,site,node/6203468615
72308,27.244280,-80.819690,site,overture/1bc7e500-2ad0-44e1-921a-b912206c5322
72309,33.996520,-86.081250,site,overture/9ad78a29-a00e-409b-8a50-98595aba0eec
72310,28.398653,-82.660083,uncertain,way/926851875
72313,32.809161,-81.949029,site,node/11762031469
72314,41.815301,-88.206629,site,way/1339760401
72315,42.215071,-88.287062,site,node/11242681859
72316,42.342543,-88.239229,site,node/12519591459
72317,38.199622,-85.733306,site,way/337112988
72318,41.847750,-87.743817,site,way/1155323349
72319,41.827526,-87.743149,site,way/893878414
72320,36.219334,-86.337833,site,node/11361380532
72321,35.992050,-86.596270,site,overture/0caf4789-8f71-4c82-a154-7116b54ac48c
72324,39.353820,-85.507640,site,overture/cafe2055-4135-4be0-861a-bd9ac4014e2a
72325,39.367020,-94.787970,site,overture/44225bc4-aebb-4f8d-9d03-c56d913473cf
72326,38.958412,-85.849058,site,node/9499760653
72328,25.871760,-80.260940,site,overture/e9cddcb7-bbec-4095-9f67-22893716fb77
72329,41.401087,-99.664217,site,way/974664828
72330,41.379890,-82.067890,site,overture/3a9fdae3-cc53-4b97-95da-f9036c3744af
72331,34.608027,-96.423889,site,relation/8160003
72332,28.441720,-99.760110,site,overture/b8c8d43c-27a3-4519-bd4b-1e4b5e1c5f8b
72335,40.759016,-82.795621,site,way/1147507519
72338,29.348310,-99.118630,site,overture/09f10fc3-7105-4c28-b789-022a66f28422
72339,30.152665,-85.616261,site,way/1093515192
72342,38.915620,-86.918750,site,overture/8e9a28e2-1721-40da-b910-e9ed56a6e6fb
72343,46.448430,-120.431160,site,overture/a6217c7c-a33a-4c9b-84de-696d749a17ac
72345,46.375378,-120.332746,site,node/9063238117
72346,30.811940,-92.666920,site,overture/1d8973bf-d52c-4e7e-a4c3-1b63122d1d17
72347,42.262845,-84.756033,site,node/8329355266
72348,41.783970,-87.909060,uncertain,overture/a574b737-b083-4e52-a371-9a3a4acc1989
72349,42.232740,-88.835050,site,overture/69a20183-b78b-4be6-8720-01f24ad29788
72350,41.944889,-88.772837,site,way/255793982
72351,40.453020,-86.850234,site,way/1365688113
72352,32.062980,-93.567540,site,overture/395bbf6e-7df2-49d8-b6e8-2c8fceda542b
72360,41.777080,-99.126420,site,overture/f68394cc-344a-437e-ba52-49c5258133cf
72361,41.108040,-100.726390,site,overture/056748b7-00ef-4d68-be54-edd52a909df3
72362,40.770430,-98.377420,site,overture/1ff37083-eadd-420d-9e82-639d15bb973f
72363,40.917320,-98.377410,site,overture/a3aa1db8-2070-4397-aba5-a2b67ee27126
72368,32.634892,-116.166139,site,way/329357480
72372,32.377750,-98.830220,site,overture/2444cdba-39b5-438d-9b17-b18ecba29e31
72374,44.212360,-70.529200,site,overture/bb7ecc89-7baf-4884-a6e9-595bea586d98
72376,31.040684,-84.878917,site,way/560218205
72378,40.178078,-85.346573,uncertain,way/1040354267
72380,30.324580,-94.166530,site,overture/c9e36d3d-d797-4c30-b197-55f4d77c2eac
72382,30.076030,-94.172130,site,overture/88d7cfdf-95c7-4605-9482-1a54a37768b8
72385,41.120390,-87.867230,site,overture/4b475460-d4e3-459c-8490-b39390d8da37
72387,38.846140,-82.147180,site,overture/d2b0922c-34c3-4868-b7fa-ff7b652795d9
72389,31.778495,-102.368894,site,node/13099697573
72390,36.177645,-95.869865,uncertain,way/220670655
72391,36.119413,-95.904984,site,way/601443741
72394,34.675149,-82.539053,site,way/1222602386
72395,31.434158,-97.713172,site,way/1557980093
72396,24.713170,-81.089490,site,overture/1d334a56-b670-4306-bb24-eae0df0fd7b0
72400,34.131790,-78.096590,site,overture/6512b84d-59ba-4374-b795-8db6174be8ba
72402,34.551120,-78.784840,site,overture/76c20a6a-81bd-424f-9122-d2e4f1015cc3
72403,35.836918,-78.613818,site,way/249314007
72408,30.570090,-81.835880,site,overture/7775d8d6-9559-485f-9d01-b03fbe9c8fa8
72410,42.271340,-88.959660,site,overture/26f2da0c-40e2-4baa-97f9-aff5f754138f
72412,42.242500,-88.976910,site,overture/41a63424-77f4-447d-aa10-bb8747bd98bc
72413,27.915650,-81.590260,site,overture/d94cd7ee-2caf-4943-a731-9e0dbbe31cf9
72418,25.780461,-80.215246,site,node/12087867124
72420,37.122408,-113.616976,uncertain,way/1176644111
72424,40.568960,-74.220690,site,overture/3558f4c8-59a6-49f1-bd1d-7d89512b97fb
72425,34.733510,-78.792210,site,overture/f364a63c-a29d-448b-bc4e-5ade7d16bc7c
72428,32.279164,-90.156886,uncertain,way/1324164665
72430,33.341770,-85.730040,site,overture/4bb97826-03ed-4992-80aa-d25fec053ca5
72432,31.788590,-97.581020,site,overture/a7e9d60c-1b27-4914-9713-4cf0b18a59c3
72435,37.680380,-113.079970,exit,node/1878832922
72438,41.873086,-87.864276,site,way/1353225691
72440,39.701177,-77.310903,site,way/1362134983
72441,41.768353,-78.027152,site,way/986093217
72442,40.218727,-79.609957,site,node/11146335357
72443,39.759775,-77.727791,site,way/883982854
72444,35.706660,-81.295288,site,way/1348037573
72445,41.126835,-80.767927,site,way/1551432470
72446,41.709638,-78.693679,site,node/6865170142
72447,37.610084,-77.519769,site,way/704288647
72448,35.619950,-85.883000,uncertain,overture/7295d042-4068-4928-a506-1bb00764e39f
72456,34.896160,-82.163241,site,way/1104397057
72458,26.762045,-81.435378,site,node/12385307601
72459,26.546347,-81.787149,site,way/288607135
72462,45.763420,-111.188390,site,overture/60920173-5644-43aa-b776-40715c5c470c
72466,34.908316,-110.180203,exit,node/175172075
72467,40.188298,-77.239627,site,node/8401234628
72471,41.663320,-88.125980,uncertain,overture/e65a98b1-d94b-47f8-b4c1-f718f98f117d
72473,26.249177,-97.726680,site,node/12141597455
72476,46.838308,-100.878028,exit,node/77094198
72477,34.642750,-86.566570,site,overture/f8f019c2-daa7-410e-8af8-c1f81d31b876
72478,34.791340,-86.668560,site,overture/e170aed9-547d-428c-a998-2fb454fe979c
72479,32.705211,-100.870435,site,way/1317478256
72480,37.090100,-93.800580,site,overture/8648fc5e-87bc-4016-b198-286a6e32aa91
72481,44.297157,-92.789878,uncertain,node/7581363249
72483,38.741594,-85.813830,site,way/823985901
72485,33.372800,-104.518610,uncertain,overture/41ea88f8-2572-44b3-8786-17fbfb3156df
72486,39.740979,-104.432415,site,node/11942273769
72487,26.153561,-97.924359,exit,node/287940744
72488,37.130188,-113.525737,uncertain,way/1210471650
72489,41.459115,-87.036064,site,node/9562251260
72490,35.478340,-98.355760,site,overture/f6b6e07c-611d-4683-80fc-2a164aa61c56
72492,40.393390,-104.734550,site,overture/646f458e-ace7-4d62-b434-9d9279d73962
72493,32.241200,-107.420110,site,overture/c2aedb4b-1f4d-4e3b-82a4-44e4475fc7ad
72494,29.230720,-98.788000,site,overture/e0ebeaad-4399-4146-8f60-fa784812bbc1
72495,35.193498,-101.707820,site,node/12287629780
72496,31.596930,-96.151730,site,overture/24e45792-ad4b-45d0-a995-92078ea8ce2e
72497,37.067960,-94.403780,site,overture/70c89e4a-1754-4698-8c25-2aad00797b48
72498,40.372140,-82.827510,site,overture/0e033302-ffb3-4de4-b9c4-bbd6f7704ad5
72500,41.661107,-88.488887,site,node/12366012917
72501,41.367070,-89.123310,site,overture/1d315d1f-04b2-4bd8-839d-921508850684
72502,34.418320,-79.408580,site,overture/1a46d133-4145-4f56-a794-07f21beca7f7
72503,35.162550,-90.174740,site,overture/88f67058-f651-4049-9644-54e21707fda8
72505,43.631389,-95.602566,site,node/1345343886
72506,38.783780,-85.373760,site,overture/931d1a79-75bb-483e-965b-70320c64860d
72514,40.074500,-93.597420,site,overture/da3386a8-a8f1-446d-9951-ca21612f1120
72515,39.170732,-91.895292,site,node/5277800047
72519,34.974540,-78.951190,uncertain,overture/8ebd5e92-f4bf-4ccc-bded-4cd48d1ccbd6
72521,37.678080,-92.663380,site,overture/39b94e71-f207-4b70-8122-fec6e33952bf
72522,40.020480,-92.479680,site,overture/516e5ec9-2fdc-41f6-bd5d-ee1afc57e237
72524,40.845237,-74.009907,site,way/1354777129
72531,36.984270,-93.726930,site,overture/4a353bb4-1fa3-4b8f-9673-abd729ba432e
72535,40.722080,-92.867640,site,overture/ca446803-4891-4265-8c38-cb44868a0fad
72536,40.186340,-93.124220,site,overture/44b6e5f1-9568-49d9-aec4-8faa1dd3b913
72537,38.390540,-93.794360,site,overture/2488c7ce-693a-4a32-b40b-51f37495b792
72540,39.421370,-91.087580,site,overture/33a4454d-9e5f-42fd-a4b1-6b820d6894d6
72541,40.437570,-95.375430,site,overture/09aba11d-5695-411d-8d59-e43eac5a4da8
72548,33.923860,-94.768509,site,way/1013598747
72550,36.664332,-114.567388,exit,node/137148368
72552,42.790846,-112.831360,exit,node/131064300
72553,40.856600,-82.251100,site,overture/e2d4db18-6ba6-4bb0-9097-c5f5175c17f9
72554,30.784780,-86.683040,site,overture/1cc71fa5-b73e-4dd0-be99-d3fb65022a49
72557,32.098587,-81.319867,exit,node/384682341
72558,36.196060,-86.332440,uncertain,overture/173a99c7-74c6-485b-a3e0-14d9aeb0a064
72559,32.542584,-90.100056,site,node/14129089901
72560,41.796880,-85.661290,site,overture/dd5359b3-ca73-4aa9-90a9-353afd4bce74
72561,40.087140,-104.990107,site,way/795133035
72562,39.457200,-77.970510,uncertain,overture/a7ba0883-a203-4cf6-a534-19ca2007df02
72563,30.897708,-88.039347,site,node/12013132245
72565,35.466980,-84.651960,site,overture/becebf34-3dc3-4e30-9c09-c4650fdbf8e3
72566,39.455165,-108.043763,site,way/1324454487
72569,34.344460,-84.052719,site,way/389926150
72571,46.607056,-120.467684,site,node/13128861903
72572,39.955610,-104.768760,site,overture/f4e46b2a-d5e2-408a-8d54-c86346375393
72574,32.266403,-109.847258,site,node/12008950151
72575,30.923610,-88.514250,site,overture/7998f98b-556a-47e7-a627-4cdadeffb99b
72576,41.851430,-72.579790,site,overture/c02db8c3-ee3a-47f3-b79d-b2658a11623d
72577,41.580499,-87.557644,site,way/1329496126
72578,32.183408,-90.252982,site,way/1414724287
72579,33.962391,-80.421168,site,node/12648421640
72580,44.921588,-91.369150,site,way/1305626583
72581,43.297723,-73.682575,site,node/7552732199
72582,43.110078,-75.251384,uncertain,way/1424011915
72583,41.007878,-76.490341,site,way/1268677208
72585,42.280646,-87.906073,site,way/1374873096
72586,30.478380,-92.073710,site,overture/b1e63870-7f5f-47d5-a805-21272ceacfad
72587,32.449380,-100.398020,site,overture/40e5e8ef-c603-47d1-9b1d-e582ab11785f
72588,33.205180,-98.152640,site,overture/4e812a0d-878c-44c2-998e-943cff9e9f31
72589,34.733229,-100.542551,site,way/1550956617
72590,41.102839,-114.975657,site,node/12021745843
72591,33.598710,-86.322930,site,overture/cbad7b59-1574-4269-8409-7c64678c862c
72592,39.142276,-88.534166,site,node/12724753871
72594,33.455823,-94.130418,site,way/1527626543
72595,39.359890,-77.865930,site,overture/fab59550-23af-401f-8ad3-ada8a1ec2201
72596,36.764171,-88.646937,exit,node/163769829
72597,41.242050,-80.817640,uncertain,overture/e6b6232d-eef7-40f4-bbb0-4db652d92fe9
72599,40.748640,-99.740800,site,overture/e9616466-bb82-4568-89d8-0b3d193ae66d
72603,39.772114,-86.036693,site,way/359904423
72606,39.193603,-93.366442,site,node/5732516186
72607,45.827170,-109.972220,site,overture/6f88d814-bca9-461e-a86c-bc276803acd3
72610,35.697380,-90.026100,site,overture/b86dc86b-0f8a-4800-bdb0-11a564c0d116
72611,46.276216,-87.415051,site,way/832941344
72615,40.809535,-96.690299,site,way/422770542
72616,37.952540,-90.072310,site,overture/3cdb7cb0-868a-4eb7-b14d-859b06e09649
72619,34.649680,-88.230480,site,overture/d03ae82a-b9a5-4459-9430-44ae5426a167
72620,48.284920,-99.437270,site,overture/f915fdbf-b036-47af-b263-42aca3e3737f
72621,39.229200,-93.066800,site,overture/27246cf6-a330-40c3-9851-d32721fb9f6f
72622,36.807021,-89.996754,site,way/1528282004
72623,41.564851,-88.273394,site,node/9958322020
72625,40.373740,-94.873030,site,overture/89330686-8ab4-46ac-bf26-7b0f7b6c9d44
72631,41.597846,-88.006634,site,way/1200990246
72634,34.838500,-102.405830,site,overture/eb5525f0-3bf6-4c93-a683-9ebbe80feced
72635,42.329203,-71.723911,site,node/8990394100
72637,36.002723,-83.780188,exit,node/202783664
72639,34.084320,-96.768860,site,overture/391964f3-ac04-4e9a-85d4-eebbee3dabd4
72640,46.464613,-87.425834,site,way/832848547
72642,38.079371,-117.253658,site,way/1187700572
72643,35.482170,-97.530190,uncertain,overture/a833bc93-b3a0-4130-b58b-8c9b978ae787
72644,40.480693,-104.993333,site,node/11408622653
72645,32.425881,-111.160217,site,way/1245970293
72646,32.756600,-101.946500,site,overture/cccce6a7-dbcf-4726-80b9-4e71e6b6272e
72647,32.503820,-87.829940,site,overture/5173a923-aed8-4bbd-baf7-f15f83280687
72648,38.449304,-105.156182,site,node/11946507645
72649,41.982010,-114.672458,site,way/1306230470
72650,28.416390,-99.250320,site,overture/6b4a88e2-a05b-4937-b17c-9944af9fa800
72651,32.096150,-81.322260,site,overture/d31099f4-7208-4634-b3c7-76ad7eec594c
72652,30.446530,-97.607130,uncertain,overture/d3c5cdaf-0915-4569-b620-561f05d669ba
72653,34.942430,-89.831530,site,overture/c501e0a4-46d7-40ac-9774-a8e9f2a77959
72655,36.550100,-87.383360,site,overture/86f38d00-c3e4-484f-9abd-79f28f5af06e
72656,32.323890,-102.514630,site,overture/fd7d3b43-69d8-42a5-ac3d-6512ea5c4bb5
72660,34.483360,-87.272800,site,overture/cb79bcf4-abe4-4e27-9b5e-2ebb4ef12a16
72664,32.761558,-96.995669,site,way/495771947
72666,31.138175,-83.442101,site,node/13907912057
72667,33.828827,-93.395215,site,way/224315972
72668,31.429380,-110.961760,site,overture/1062b36a-a01d-4d06-9a8f-6f75e0b13eed
72669,37.684392,-97.353410,site,way/403395687
72672,30.897088,-96.602184,site,node/12501218962
72674,38.298870,-88.952400,site,overture/ed4f8989-ba1b-4be5-9515-5365392e302e
72675,41.046490,-102.071570,site,overture/7e26a7be-4a85-4cfd-b715-cea47c017309
72676,43.631560,-95.588110,site,overture/9ebc86c0-faf4-446e-b236-1cc19820db8d
72677,45.833863,-88.058721,site,node/13201949100
72678,41.633620,-84.765260,site,overture/3db99d46-cb58-48a4-98d0-e25185cd8ecb
72680,30.449980,-87.665550,site,overture/a93729df-3eac-4aff-8ae4-b1234ac4bd21
72681,39.797812,-105.024322,site,node/13996775001
72682,40.356855,-111.786361,site,way/1315622828
72683,37.998410,-87.539000,uncertain,overture/e45bcf36-31a6-4e8e-9038-809592326e48
72685,29.185610,-98.844810,site,overture/725de206-49d4-4e39-8df6-ac505dfe97a5
72687,44.540657,-95.077030,site,way/1564542426
72688,39.895369,-83.720046,site,way/1347238799
72689,29.571224,-98.012177,site,way/1333272882
72690,41.368392,-72.203207,exit,node/314145988
72691,37.182705,-93.308191,site,node/2730569225
72693,36.947090,-93.719110,site,overture/07b98773-b1fc-4370-b5f4-a7b255406124
72694,34.678498,-82.207188,site,way/1182215332
72695,32.488190,-94.358540,site,overture/bf841c91-78db-4966-ab26-f182c24ca530
72696,32.832890,-83.730640,site,overture/5779f30f-ce90-4328-bc27-cfc816b12632
72698,30.421240,-89.135910,site,overture/cbac0bd1-d250-4d39-8d6f-77964994429b
72699,41.933292,-88.041192,site,way/1415410944
72700,33.508477,-82.502314,site,way/1078576092
72701,38.256050,-90.404500,site,overture/20e3dcb0-6c31-4b90-9f1f-49c003913260
72702,32.595688,-93.829603,site,way/1355059987
72705,37.182970,-77.316435,site,node/12020271192
72706,36.483342,-80.755635,site,node/11741161838
72707,39.055580,-104.855670,site,overture/956070d3-f1e0-41d2-8927-76dfa37bd017
72709,43.112715,-88.247368,uncertain,way/1327876058
72710,43.580908,-96.709496,site,way/1462732061
72711,44.964750,-92.560060,site,relation/17578564
72713,43.557652,-96.787516,site,way/1462732038
72714,32.877700,-85.148420,site,overture/a60d60dd-7b5c-4764-a927-3f923b67f766
72715,34.914030,-114.155520,site,overture/1bb60ed9-ff28-4009-a9a6-5ddbd13b5dd3
72719,36.893310,-113.931730,site,overture/4d59716f-12de-4b88-85bd-97f99755ad95
72723,35.040680,-110.698446,site,way/177517530
72724,35.222330,-112.478670,site,overture/f5085aba-9632-4e34-9154-3884fdcabc2d
72725,33.762305,-96.586612,site,way/764770222
72727,41.838239,-94.085739,site,node/648691210
72728,40.625060,-96.964237,site,node/4421732217
72732,41.679490,-93.569340,site,overture/7153529b-74ca-40a7-b95a-97c103275f13
72733,33.367930,-79.270750,site,overture/490a08b5-8530-4df8-824a-2d907aa27ff0
72734,41.269935,-72.974587,site,way/1030441312
72735,33.459769,-80.722720,site,node/11683399359
72736,32.499260,-82.977090,site,overture/6666f735-26c1-4022-8356-9ada0f2a4ae7
72737,33.509090,-82.448110,site,overture/8172fbe9-7d4e-48fc-8c81-63edf8262465
72738,38.564910,-92.185910,site,overture/a52b1af4-e371-48e2-bbbd-5fa79df45060
72739,32.869920,-105.969810,site,overture/9e8b9cec-c826-4217-bdc4-fe5cceecff25
72740,40.692445,-99.378486,site,node/14040153523
72741,41.093212,-88.442424,site,way/993989556
72742,33.632380,-84.308800,site,overture/f75dd16d-c233-41fb-b350-4e96c68e28ab
72743,41.325440,-87.822540,site,overture/a1b83ac9-a1be-4601-89b4-166dd6858af0
72745,44.002013,-75.921169,site,node/11700067709
72746,33.000895,-80.092121,site,node/11997627756
72747,35.505900,-108.826820,site,overture/49a829d8-1ea2-401c-8e79-dac23e654369
72748,34.241110,-84.774030,site,overture/4d636044-96d3-42ca-bbc0-8a6dc22969ce
72749,44.819811,-87.399525,uncertain,node/12986979998
72750,32.008887,-97.097932,site,node/12396353402
72752,30.801198,-88.108268,site,way/1314641404
72753,35.193371,-101.779128,site,way/1464022385
72754,33.196174,-84.282643,site,way/993689935
72755,39.834220,-86.032370,site,overture/1204281d-674b-4ec9-8e9e-19621ec4a1fc
72756,41.652280,-86.895900,site,overture/60f6aaca-a79f-4a38-8f85-cdda243ea3c5
72757,30.467321,-89.688453,site,node/13759161246
72758,32.491470,-94.352901,exit,node/225073617
72759,32.738394,-101.951326,site,node/13343081031
72760,30.839102,-83.944470,site,way/753311460
72761,34.710330,-87.667110,site,overture/89464375-dfed-4e15-af43-e7ec9107c852
72763,43.068843,-75.752189,site,way/1413299882
72764,41.911989,-72.612941,site,way/993531057
72765,43.208866,-76.813686,site,node/2372339356
72766,33.054800,-97.477617,site,way/1491689261
72767,40.203543,-104.987114,site,way/1446116238
72768,41.206005,-87.870317,site,node/12287573104
72769,33.563600,-101.869400,site,overture/dd417dfe-1a18-4b9c-ad7e-9cf7719a2427
72770,33.195690,-80.602200,site,overture/cf3ad95f-d805-43fb-8f3f-2fb0e0ba2dd8
72771,34.794703,-82.420086,site,way/1303256522
72773,32.653720,-96.749290,site,overture/cefc0bd6-2992-410a-b3fd-49423f1857dd
72775,32.489540,-99.720060,exit,node/57687084
72776,31.681642,-83.618165,site,way/504128830
72778,43.060977,-96.176610,site,way/1553753466
72779,42.491677,-88.988411,site,node/12681233049
72781,39.982705,-81.734347,site,way/1234978225
72782,41.109980,-80.886716,site,way/1479362293
72783,39.960853,-83.370080,site,node/12073249408
72784,41.771647,-107.088753,exit,node/483415362
72785,41.581210,-88.122310,site,overture/d051ec35-a0a1-48db-ab96-9fa3f47e2828
72786,38.041503,-97.320701,site,way/1495324716
72787,35.362673,-97.495656,site,way/1377935596
72788,39.802210,-104.987980,site,overture/ca9e9541-efde-4b78-9cdf-85b42834fd62
72789,30.211011,-90.954358,site,way/1150497821
72791,37.312617,-108.608820,site,node/12256393837
72792,43.106960,-78.994380,site,overture/189c7e69-3d9a-49b0-9653-6c5ac08b7df5
72793,48.994528,-122.733587,site,way/233206049
72795,30.094800,-97.816510,site,overture/5814672f-6bad-49ca-810c-03a9dd80c363
72796,33.509180,-112.385130,site,overture/2f06737e-2b4c-472b-8a92-231a0a9cac36
72797,45.667582,-94.816839,exit,node/527843360
72798,43.432052,-96.175069,site,way/742156565
72799,41.823911,-89.475422,site,node/13352461977
72801,35.081225,-91.903412,site,node/13273258365
72802,42.037051,-71.306026,exit,node/1930556664
72803,30.507280,-99.776460,site,overture/d7cdd496-01fa-49c4-a420-3efa5f54dd93
72804,36.181917,-86.749448,site,way/1304683110
72805,28.036450,-97.508870,site,overture/c64d01b3-4139-4160-a09b-f3610de4eca3
72806,32.892300,-93.875150,site,overture/5bedc2a1-0196-4613-99b7-0b3078442ddc
72808,33.291020,-96.984780,site,overture/573b3cba-a77c-4b2b-be6a-732d895fb453
72809,29.745790,-81.349600,site,overture/a40020ba-fbd4-4de8-9d11-19cdfe421c20
72810,36.160198,-95.921852,site,relation/9786128
72811,36.045754,-95.751753,site,way/107608243
72812,45.400602,-91.835059,site,node/12053671745
72813,32.362940,-97.773380,site,overture/484a1d21-e2e0-4d61-b30e-22786d8d7ea8
72814,33.794790,-97.138400,site,overture/9d1e90a7-93cf-4641-82f2-33bc7f86c2ce
72815,40.132022,-88.244531,site,relation/19973992
72816,35.130794,-101.902345,site,node/13132068836
72817,30.965219,-97.528615,site,node/13643950895
72818,32.326800,-86.337540,site,overture/eb3d9e49-4f8a-4bc7-aaa9-39b99b880e4b
72819,27.527761,-99.446179,site,way/1323552206
72830,31.405866,-103.557621,exit,node/228097796
72837,32.299168,-104.108691,site,way/1373574213
72855,41.550720,-88.229550,site,overture/1aa95162-c29f-46b9-b84b-65cc4385ca41
72857,35.492810,-97.751980,site,overture/36466d95-6f57-43cd-bf33-eb705e43f1c2
72859,40.046650,-86.806541,site,way/1524999092
72860,33.914400,-80.383833,site,way/795376419
72861,33.184671,-87.268614,site,node/13818717846
72863,33.732692,-90.716528,site,node/2667855128
72864,30.909530,-84.575350,site,overture/43c59602-c3ac-43cc-bb17-1badd64548f4
72867,46.574431,-111.977311,site,node/13900340502
72868,43.469730,-112.079060,site,overture/d7ffc9f0-f422-4618-a006-13007291883f
72869,44.293197,-105.449206,site,way/1312140617
72871,32.687347,-114.583683,site,node/13371112932
72872,27.619123,-99.524227,site,way/1346964909
72873,42.272942,-88.959249,site,way/1390820521
72874,29.741694,-98.093377,site,way/1017705421
72875,30.673956,-97.701399,site,way/1224672661
72876,34.682492,-82.199610,site,way/1275885756
72877,30.575120,-88.170470,site,overture/deb73e52-faf0-43be-a2e3-eee1eaa3262a
72879,29.976704,-98.902558,site,way/1528892088
72880,32.136047,-81.254987,site,way/636007106
72882,35.420988,-96.298370,site,way/1319258092
72884,30.634510,-87.757380,site,overture/43666ca5-3a04-4d4d-95cd-1fbc7250a93c
72885,31.203372,-85.420271,site,way/1010029902
72886,30.862800,-96.582410,site,overture/aa2207a7-c668-43c2-a613-1b1b97086300
72888,30.751160,-99.237240,site,overture/22fdb940-cd9b-4b48-aa9c-7fb75a7c7416
72889,32.964320,-102.843290,site,overture/a96475d1-9066-48fb-9a2c-a02064775e6d
72891,41.677338,-87.699522,site,way/1374285668
72893,27.640110,-80.511600,site,overture/5f40a373-0180-41f9-b0dd-d1d979718d15
72894,33.357336,-97.704011,site,way/1363146460
72895,34.506500,-97.104910,site,overture/bb4d9af2-6502-40aa-9ad2-a28132a6d254
72896,32.040466,-96.448249,site,way/1506228112
72899,32.183480,-94.337870,site,overture/782d4cd2-ec7f-4d7a-9098-3bdf016c70cb
72901,40.931830,-98.319690,site,overture/7ac16f0a-0993-42a1-9aa2-f800908d2da0
72902,35.196664,-78.989361,site,node/9387398093
72903,31.864860,-102.346340,site,overture/43ca4dc8-0984-403b-ad6c-1264611b0fef
72904,30.588660,-98.274030,site,overture/ed0ea31f-0c53-4480-adb0-c1a97c67bb96
72905,28.995210,-98.433330,site,overture/cc492cab-9b96-4b43-af70-ec8f28f97c6f
72906,38.216490,-104.619420,site,overture/4c245d15-dc99-4181-8b82-55f329ad3151
72908,35.290845,-81.188440,site,way/1170409892
72909,40.843733,-96.737920,site,node/2080816975
72910,41.224322,-112.011249,exit,node/303688541
72912,38.932358,-111.861987,exit,node/292057382
72916,38.739700,-98.216317,site,way/438744884
72918,31.958910,-83.747920,site,overture/cb0ea3fb-7fd6-40ef-b392-f652a7cb5b7f
72919,39.733740,-84.206730,site,overture/df1072df-e9fb-432c-b642-3ec955820ef3
72920,38.789883,-90.606424,site,way/587928823
72921,38.223530,-91.152570,site,overture/1ffd6c31-7081-4f80-9282-91c60fc4f8f7
72922,41.642329,-81.422445,site,way/545057393
72925,34.312680,-79.858730,site,overture/81ebbda3-3aa7-4f91-9d64-ad32c032a74f
72926,43.956030,-86.291129,site,way/1530945981
72930,43.939360,-90.814760,site,overture/f2b604be-396b-4d43-b8f5-383327bdf76c
72933,33.703121,-84.116053,site,node/10027948198
72934,27.805810,-97.082510,site,overture/1f8dacda-4d6a-4dcd-a5cf-50443b93e511
72935,29.245040,-81.462670,site,overture/f6d39380-fb6e-49df-98cb-dbc8bea15796
72936,28.668364,-82.137843,site,way/520164915
72937,35.037140,-78.753040,uncertain,overture/49d11e6c-eaad-4361-8ce8-b6e42c383979
72938,36.091250,-80.281860,uncertain,overture/b94a9834-861c-40a1-9c15-8e258db6342b
72939,33.806810,-84.413090,site,overture/f20b6343-9199-4994-9a58-4c3832df467d
72940,36.553340,-87.324650,uncertain,overture/c7bb5965-3fe0-4efc-97ab-90ad3cfb539f
72941,30.503720,-90.458530,site,overture/b018d4e6-dfd2-4e1b-8868-e0a7ead9a21c
72942,31.899134,-106.440283,uncertain,way/734015377
72943,30.447720,-91.209767,site,way/1091965005
72944,33.528570,-101.888767,site,way/1090362895
72945,30.399180,-87.682620,site,overture/bd76a8da-0249-40ff-bdde-2b8eaa66dd6e
72947,33.567259,-112.099269,site,way/315041955
72948,47.793280,-103.281960,site,overture/acd5dcb5-e343-4b19-a1c6-9b5b8f32cdd1
72950,41.997360,-117.718560,site,overture/9ac52361-cc8d-429b-bdbd-c4ad7b35a7f2
72951,32.489510,-99.748170,uncertain,overture/c2ce661d-ab41-4ce8-9c7a-d506af246b5b
72953,33.624510,-97.133130,site,overture/e0890b61-103e-47d5-8db2-eb81a4f1c31b
72956,34.340770,-78.225730,site,overture/d0a84109-07e6-4df3-8e4f-12604f449356
72957,44.332509,-69.761990,site,way/397003465
72958,39.389660,-89.080500,site,overture/afe3f099-83c3-494b-b204-009b66b04231
72959,35.630440,-91.251270,site,overture/4f6df10a-b63c-4710-8b31-d98b9de79419
72960,31.863710,-102.335630,site,overture/2ac62365-0eb9-4944-b79f-ad52aea03e3d
72963,38.876981,-104.836827,site,way/425752927
72965,36.195110,-115.141820,site,overture/95bb7302-4154-4d83-bbc3-639a0545bf2c
72966,40.559840,-85.657590,uncertain,overture/33601de1-97ab-4f13-bfb4-486836259beb
72968,36.225140,-80.323370,site,overture/9dc34b03-6163-4a59-b8e2-9605dbc9fd0c
72969,40.847790,-84.312640,site,overture/618884e4-ea8c-4282-997d-017defca2da0
72970,43.015180,-85.761596,site,node/8196720592
72972,37.076450,-94.104170,site,overture/c9f89c76-35da-4257-b5da-2db6c89531f5
72973,37.033270,-95.616650,site,overture/f42a5dae-963a-47d2-8f05-d61af3904095
72974,40.743510,-96.725260,site,overture/8118a980-8b16-4dbe-98c0-729215012925
72975,34.940672,-78.926366,site,node/12073249369
72976,30.234750,-92.527590,site,overture/c646f3a2-d95a-48d9-a453-d78ef8f09604
72978,34.853160,-89.689290,site,overture/48276cc9-e056-400f-9ad3-0ad1d0368c69
72979,41.113915,-87.835367,exit,node/235091514
72981,34.751780,-86.699090,site,overture/5f0050e5-e546-4789-a86a-d907af4d0416
72982,30.292194,-91.914973,site,node/10944466129
72985,41.905060,-87.982870,site,overture/a9456be5-5726-4f97-8253-e74c637cc0b4
72986,42.074440,-88.290580,site,overture/6e01c100-c2f2-482c-81b4-5c186aa393e7
72988,42.157040,-88.042340,uncertain,overture/2ac17cd7-cd19-491c-889f-6140cfb9a0a6
72989,39.439650,-84.325080,uncertain,overture/076045ee-bce4-4c0e-a2d1-a6b23021a05f
72990,35.808050,-90.627200,site,overture/c113483d-ecc9-4dba-a65f-62835cd474ee
72991,41.970083,-88.114494,site,way/831057475
72993,38.074520,-84.502780,site,overture/97262c67-308a-4dbe-81f4-10b3a0ad0e17
72995,44.784665,-117.807814,site,node/13208831054
72996,40.962621,-80.658476,site,way/1380115089
73000,30.549460,-98.319105,site,way/1456153663
73003,33.329466,-82.170570,site,way/1006891574
73005,42.118444,-72.061954,site,way/1247446179
73007,33.160580,-84.872430,site,overture/38edf70b-005b-4f99-8e7d-4fc256104891
73008,30.199906,-97.807830,site,way/383826146
73013,35.053047,-90.694659,exit,node/118536184
73014,28.573850,-81.881650,site,overture/34e382a8-19c5-4007-86a7-aaaa16c325fd
73016,32.433187,-81.755546,site,node/3610706752
73017,40.377330,-96.180620,site,overture/a8974c38-92bc-4ec7-8dcc-21306693023f
73021,44.957770,-93.295650,site,overture/eb67666d-6e20-4ecb-975c-a2e82478fa82
73026,41.707140,-88.088200,site,overture/ed89d507-e3c4-4852-bcf7-523b9133dc5d
73028,35.971470,-114.910510,site,overture/f0686a92-521e-446d-95b8-69ec8f51e039
73029,31.395130,-97.206920,site,overture/566c3404-5b22-47d4-aab7-f352b72bcde3
73030,42.233648,-88.815982,exit,node/233811665
73031,31.003740,-94.825520,site,overture/1b14c41d-7e46-4d67-a5a8-7d5355827613
73032,33.376340,-82.071720,uncertain,overture/4bf47df3-8301-456b-8729-c897873b145b
73036,41.597727,-109.204906,site,way/377936442
73037,32.543100,-92.710750,site,overture/e58f3db4-989a-48e0-85d4-fb7f3c77b162
73039,35.082550,-82.059740,site,overture/4e1cf2cf-c50e-4dd6-be8e-fdcf67b1e8dd
73040,30.659900,-96.403310,site,overture/f56a43b1-d064-4a36-8fc9-0edfac953036
73041,33.347807,-84.295136,site,way/441805776
73042,32.929530,-103.347720,site,overture/488fce17-7911-4244-85c0-e5c5593deaaf
73043,35.621211,-105.205223,site,node/13769097683
73044,43.496385,-111.998637,uncertain,node/8841142627
73045,47.677573,-117.410293,site,way/710589118
73046,33.808060,-79.018200,site,overture/d0c4be9a-f12e-4f15-b2b1-06a3f76ac710
73047,39.749420,-86.226040,site,overture/8d93dfa1-15a6-4a44-8aef-66a4e6bb9e94
73048,33.556320,-97.843710,site,overture/390fa5e8-7af1-479c-9944-b5cd54e666ce
73051,31.555659,-110.305751,site,way/332150348
73052,33.458160,-82.194325,site,way/676105574
73053,45.756110,-108.536240,site,overture/8f54a0b7-cbf6-4691-a782-8d0f1acb870d
73055,44.385550,-69.359850,site,overture/d78ceba2-211f-44c0-ad08-c84b49a863e1
73056,35.058633,-78.969801,uncertain,way/544263184
73057,36.801560,-108.086490,uncertain,overture/63955280-8499-4d44-89bb-313689ea6dc3
73058,43.283080,-75.471480,site,overture/0d4a5eb4-62e4-4f99-8b50-067e188c6f7f
73059,40.809270,-81.384460,site,overture/091b1e32-4314-4223-9ebb-47c54e90e3ef
73061,31.869300,-106.439570,uncertain,overture/edf8e4cf-3ada-40c2-998c-29e7d0f2773c
73063,45.336057,-93.007593,site,node/886678428
73064,35.776170,-80.314680,site,overture/35cd7bdc-f476-4f2d-9fcb-7fa5422818c7
73065,34.141403,-84.744237,site,node/11931651369
73066,32.135297,-110.882659,site,way/1415388536
73067,46.051020,-96.832090,site,overture/bf72f28e-5354-44ee-85fc-348b5b1c9715
73068,38.884929,-104.721170,uncertain,way/415117689
73071,31.462100,-97.184010,uncertain,overture/3d41acc8-5032-4716-a06c-26cde0d81e35
73072,41.455241,-87.747033,site,way/1450087651
73073,32.493540,-82.931350,site,overture/06894ad9-5730-4fb9-9087-21bb64f06ffe
73074,33.473326,-94.044097,site,way/899385384
73075,32.437207,-103.159642,uncertain,node/2366376280
73076,40.059160,-106.387966,site,way/622165450
73078,33.710886,-116.178582,site,node/12585535107
73079,33.295563,-111.971889,exit,node/255717437
73080,31.450253,-83.532774,site,way/316471352
73081,35.386840,-99.401660,site,overture/1eda1590-775d-44a9-bfaa-ee3d50e1401f
73082,43.353230,-95.142610,site,overture/02bf7203-496e-4557-a9cd-be6a6c36714a
73083,41.724730,-91.646250,site,overture/f46bb25e-2582-4e4c-b8f1-9cc96857dcc6
73084,44.966938,-92.375289,site,way/629018561
73085,30.774390,-83.298370,site,overture/8a9a1506-bb81-42fd-b487-8bf538836612
73088,32.182220,-81.456940,site,overture/b9a23405-5e2e-4865-9c0e-200bf151a053
73090,35.297857,-82.403142,site,node/13841955926
73092,29.509900,-98.309010,uncertain,overture/83bd76b8-ee28-4d5b-aaeb-3f3e9f78d980
73093,41.598940,-88.006375,site,way/1078929334
73094,42.246588,-83.270224,site,node/8613880970
73095,32.227776,-90.158084,site,way/1528594525
73096,45.401704,-91.854950,uncertain,node/5938747665
73098,44.942010,-91.145980,site,overture/b03487f1-3f6b-4b4e-96c5-f8f6745400df
73099,43.444719,-96.727081,site,way/1462732093
73100,40.740849,-111.983040,site,way/1088156228
73101,40.112880,-104.521870,site,overture/a98a92b3-63c8-4331-acce-cb26b44a99da
73103,33.540920,-83.208600,site,overture/1b556ee0-7081-46ee-9298-c2c661116e77
73106,34.322900,-96.164970,site,overture/f07fb389-d03e-40a7-8a05-b7fb2c8a2e2e
73112,35.394660,-82.504630,site,overture/0a0a6390-8a47-488d-a992-f48021d07716
73114,32.134250,-96.953120,site,overture/c563b050-a688-405a-b2cc-5381dd1bedda
73117,44.781929,-117.822698,site,node/13372298805
73118,32.300400,-96.641030,site,overture/97a599e4-2c22-4d37-b23b-4345b3663676
73119,43.601300,-116.552670,site,overture/27c5edc8-8aff-454c-a482-64ac9d46af14
73120,42.497520,-90.721130,uncertain,overture/ca1f1bfc-4227-472a-bcb4-f4c542e1ee50
73125,43.101330,-88.359380,uncertain,overture/c5d5478c-ca5c-45d3-a071-76cc6c3ad36c
73126,44.568360,-91.663690,site,overture/9ddaf8ca-ca3e-4d34-8409-231b3c4a16d0
73127,41.802193,-87.762230,site,way/1001876650
73128,34.721370,-95.898820,site,overture/b60f3d9e-8da3-4296-ab2c-b1408e44356a
73129,42.238659,-83.365443,site,node/12077649254
73130,32.286130,-96.545550,site,overture/848850e4-1dce-4092-82a4-2ad2b519a032
73131,35.608122,-80.516295,site,node/12372335623
